priority,source_layer,id,year,subject,field,original,detected,occurrences,proposed,category,type,confidence,note,approval_status,reviewer_note
1,LAYER_1,1009,2011,Normal Phisiology,answer_5,-,,1,,MEDICAL REVIEW,EMPTY_OR_PLACEHOLDER_OPTION,HIGH,Answer option appears to contain only a dash.,PENDING,
1,LAYER_1,1013,2011,Normal Phisiology,answer_5,-,,1,,MEDICAL REVIEW,EMPTY_OR_PLACEHOLDER_OPTION,HIGH,Answer option appears to contain only a dash.,PENDING,
1,LAYER_1,1042,2009,Normal Phisiology,answer_5,–,,1,,MEDICAL REVIEW,EMPTY_OR_PLACEHOLDER_OPTION,HIGH,Answer option appears to contain only a dash.,PENDING,
1,LAYER_1,1065,2008,Normal Phisiology,answer_5,-,,1,,MEDICAL REVIEW,EMPTY_OR_PLACEHOLDER_OPTION,HIGH,Answer option appears to contain only a dash.,PENDING,
1,LAYER_1,107,2015,Pathophysiology,answer_5,-,,1,,MEDICAL REVIEW,EMPTY_OR_PLACEHOLDER_OPTION,HIGH,Answer option appears to contain only a dash.,PENDING,
1,LAYER_1,1070,2008,Normal Phisiology,answer_5,-,,1,,MEDICAL REVIEW,EMPTY_OR_PLACEHOLDER_OPTION,HIGH,Answer option appears to contain only a dash.,PENDING,
1,LAYER_1,1075,2008,Normal Phisiology,answer_5,-,,1,,MEDICAL REVIEW,EMPTY_OR_PLACEHOLDER_OPTION,HIGH,Answer option appears to contain only a dash.,PENDING,
1,LAYER_1,1092,2007,Normal Phisiology,answer_5,-,,1,,MEDICAL REVIEW,EMPTY_OR_PLACEHOLDER_OPTION,HIGH,Answer option appears to contain only a dash.,PENDING,
1,LAYER_1,1100,2007,Normal Phisiology,answer_5,-,,1,,MEDICAL REVIEW,EMPTY_OR_PLACEHOLDER_OPTION,HIGH,Answer option appears to contain only a dash.,PENDING,
1,LAYER_1,1106,2010,Normal Phisiology,answer_5,–,,1,,MEDICAL REVIEW,EMPTY_OR_PLACEHOLDER_OPTION,HIGH,Answer option appears to contain only a dash.,PENDING,
1,LAYER_1,1126,2018,Normal Phisiology,answer_5,-,,1,,MEDICAL REVIEW,EMPTY_OR_PLACEHOLDER_OPTION,HIGH,Answer option appears to contain only a dash.,PENDING,
1,LAYER_1,1132,2018,Normal Phisiology,answer_5,-,,1,,MEDICAL REVIEW,EMPTY_OR_PLACEHOLDER_OPTION,HIGH,Answer option appears to contain only a dash.,PENDING,
1,LAYER_1,1140,2019,Normal Phisiology,answer_3,-,,1,,MEDICAL REVIEW,EMPTY_OR_PLACEHOLDER_OPTION,HIGH,Answer option appears to contain only a dash.,PENDING,
1,LAYER_1,116,2015,Pathophysiology,answer_5,-,,1,,MEDICAL REVIEW,EMPTY_OR_PLACEHOLDER_OPTION,HIGH,Answer option appears to contain only a dash.,PENDING,
1,LAYER_1,1160,2019,Normal Phisiology,answer_4,-,,1,,MEDICAL REVIEW,EMPTY_OR_PLACEHOLDER_OPTION,HIGH,Answer option appears to contain only a dash.,PENDING,
1,LAYER_1,1228,2023,Microbiology,answer_5,-,,1,,MEDICAL REVIEW,EMPTY_OR_PLACEHOLDER_OPTION,HIGH,Answer option appears to contain only a dash.,PENDING,
1,LAYER_1,131,2014,Pathophysiology,answer_5,–,,1,,MEDICAL REVIEW,EMPTY_OR_PLACEHOLDER_OPTION,HIGH,Answer option appears to contain only a dash.,PENDING,
1,LAYER_1,1376,2009,Microbiology,answer_5,–,,1,,MEDICAL REVIEW,EMPTY_OR_PLACEHOLDER_OPTION,HIGH,Answer option appears to contain only a dash.,PENDING,
1,LAYER_1,1378,2009,Microbiology,answer_5,-,,1,,MEDICAL REVIEW,EMPTY_OR_PLACEHOLDER_OPTION,HIGH,Answer option appears to contain only a dash.,PENDING,
1,LAYER_1,138,2014,Pathophysiology,answer_5,-,,1,,MEDICAL REVIEW,EMPTY_OR_PLACEHOLDER_OPTION,HIGH,Answer option appears to contain only a dash.,PENDING,
1,LAYER_1,1396,2008,Microbiology,answer_5,-,,1,,MEDICAL REVIEW,EMPTY_OR_PLACEHOLDER_OPTION,HIGH,Answer option appears to contain only a dash.,PENDING,
1,LAYER_1,1421,2010,Microbiology,answer_5,-,,1,,MEDICAL REVIEW,EMPTY_OR_PLACEHOLDER_OPTION,HIGH,Answer option appears to contain only a dash.,PENDING,
1,LAYER_1,145,2014,Pathophysiology,answer_5,–,,1,,MEDICAL REVIEW,EMPTY_OR_PLACEHOLDER_OPTION,HIGH,Answer option appears to contain only a dash.,PENDING,
1,LAYER_1,151,2014,Pathophysiology,answer_5,-,,1,,MEDICAL REVIEW,EMPTY_OR_PLACEHOLDER_OPTION,HIGH,Answer option appears to contain only a dash.,PENDING,
1,LAYER_1,1571,2016,Anatomy,answer_5,-,,1,,MEDICAL REVIEW,EMPTY_OR_PLACEHOLDER_OPTION,HIGH,Answer option appears to contain only a dash.,PENDING,
1,LAYER_1,1585,2015,Anatomy,answer_5,-,,1,,MEDICAL REVIEW,EMPTY_OR_PLACEHOLDER_OPTION,HIGH,Answer option appears to contain only a dash.,PENDING,
1,LAYER_1,1637,2013,Anatomy,answer_5,–,,1,,MEDICAL REVIEW,EMPTY_OR_PLACEHOLDER_OPTION,HIGH,Answer option appears to contain only a dash.,PENDING,
1,LAYER_1,165,2013,Pathophysiology,answer_5,–,,1,,MEDICAL REVIEW,EMPTY_OR_PLACEHOLDER_OPTION,HIGH,Answer option appears to contain only a dash.,PENDING,
1,LAYER_1,1682,2011,Anatomy,answer_5,–,,1,,MEDICAL REVIEW,EMPTY_OR_PLACEHOLDER_OPTION,HIGH,Answer option appears to contain only a dash.,PENDING,
1,LAYER_1,1713,2008,Anatomy,answer_5,-,,1,,MEDICAL REVIEW,EMPTY_OR_PLACEHOLDER_OPTION,HIGH,Answer option appears to contain only a dash.,PENDING,
1,LAYER_1,1807,2020,Anatomy,answer_5,-,,1,,MEDICAL REVIEW,EMPTY_OR_PLACEHOLDER_OPTION,HIGH,Answer option appears to contain only a dash.,PENDING,
1,LAYER_1,1879,2016,Pharmacology,answer_5,-,,1,,MEDICAL REVIEW,EMPTY_OR_PLACEHOLDER_OPTION,HIGH,Answer option appears to contain only a dash.,PENDING,
1,LAYER_1,2020,2010,Pharmacology,answer_5,-,,1,,MEDICAL REVIEW,EMPTY_OR_PLACEHOLDER_OPTION,HIGH,Answer option appears to contain only a dash.,PENDING,
1,LAYER_1,214,2012,Pathophysiology,answer_5,-,,1,,MEDICAL REVIEW,EMPTY_OR_PLACEHOLDER_OPTION,HIGH,Answer option appears to contain only a dash.,PENDING,
1,LAYER_1,2182,2014,Biology,answer_5,–,,1,,MEDICAL REVIEW,EMPTY_OR_PLACEHOLDER_OPTION,HIGH,Answer option appears to contain only a dash.,PENDING,
1,LAYER_1,2188,2013,Biology,answer_5,-,,1,,MEDICAL REVIEW,EMPTY_OR_PLACEHOLDER_OPTION,HIGH,Answer option appears to contain only a dash.,PENDING,
1,LAYER_1,224,2011,Pathophysiology,answer_5,-,,1,,MEDICAL REVIEW,EMPTY_OR_PLACEHOLDER_OPTION,HIGH,Answer option appears to contain only a dash.,PENDING,
1,LAYER_1,2256,2018,Biology,answer_5,-,,1,,MEDICAL REVIEW,EMPTY_OR_PLACEHOLDER_OPTION,HIGH,Answer option appears to contain only a dash.,PENDING,
1,LAYER_1,2271,2019,Biology,answer_3,-,,1,,MEDICAL REVIEW,EMPTY_OR_PLACEHOLDER_OPTION,HIGH,Answer option appears to contain only a dash.,PENDING,
1,LAYER_1,2272,2019,Biology,answer_5,-,,1,,MEDICAL REVIEW,EMPTY_OR_PLACEHOLDER_OPTION,HIGH,Answer option appears to contain only a dash.,PENDING,
1,LAYER_1,2298,2023,Histology,answer_4,-,,1,,MEDICAL REVIEW,EMPTY_OR_PLACEHOLDER_OPTION,HIGH,Answer option appears to contain only a dash.,PENDING,
1,LAYER_1,2321,2007,Histology,answer_5,–,,1,,MEDICAL REVIEW,EMPTY_OR_PLACEHOLDER_OPTION,HIGH,Answer option appears to contain only a dash.,PENDING,
1,LAYER_1,2326,2007,Histology,answer_5,–,,1,,MEDICAL REVIEW,EMPTY_OR_PLACEHOLDER_OPTION,HIGH,Answer option appears to contain only a dash.,PENDING,
1,LAYER_1,2553,2015,Biochemistry,answer_5,-,,1,,MEDICAL REVIEW,EMPTY_OR_PLACEHOLDER_OPTION,HIGH,Answer option appears to contain only a dash.,PENDING,
1,LAYER_1,2590,2014,Biochemistry,answer_5,–,,1,,MEDICAL REVIEW,EMPTY_OR_PLACEHOLDER_OPTION,HIGH,Answer option appears to contain only a dash.,PENDING,
1,LAYER_1,26,2017,Pathophysiology,answer_5,-,,1,,MEDICAL REVIEW,EMPTY_OR_PLACEHOLDER_OPTION,HIGH,Answer option appears to contain only a dash.,PENDING,
1,LAYER_1,263,2009,Pathophysiology,answer_5,–,,1,,MEDICAL REVIEW,EMPTY_OR_PLACEHOLDER_OPTION,HIGH,Answer option appears to contain only a dash.,PENDING,
1,LAYER_1,2737,2007,Biochemistry,answer_5,-,,1,,MEDICAL REVIEW,EMPTY_OR_PLACEHOLDER_OPTION,HIGH,Answer option appears to contain only a dash.,PENDING,
1,LAYER_1,305,2008,Pathophysiology,answer_5,-,,1,,MEDICAL REVIEW,EMPTY_OR_PLACEHOLDER_OPTION,HIGH,Answer option appears to contain only a dash.,PENDING,
1,LAYER_1,316,2007,Pathophysiology,answer_5,-,,1,,MEDICAL REVIEW,EMPTY_OR_PLACEHOLDER_OPTION,HIGH,Answer option appears to contain only a dash.,PENDING,
1,LAYER_1,320,2007,Pathophysiology,answer_5,-,,1,,MEDICAL REVIEW,EMPTY_OR_PLACEHOLDER_OPTION,HIGH,Answer option appears to contain only a dash.,PENDING,
1,LAYER_1,355,2010,Pathophysiology,answer_5,–,,1,,MEDICAL REVIEW,EMPTY_OR_PLACEHOLDER_OPTION,HIGH,Answer option appears to contain only a dash.,PENDING,
1,LAYER_1,397,2019,Pathophysiology,answer_5,-,,1,,MEDICAL REVIEW,EMPTY_OR_PLACEHOLDER_OPTION,HIGH,Answer option appears to contain only a dash.,PENDING,
1,LAYER_1,4,2023,Pathophysiology,question,A patient with chronic renal failure presents with reduced inulin clearance of ml/min. The following renal function is disturbed:,of ml/min,1,,MEDICAL REVIEW,POSSIBLE_MISSING_CLINICAL_VALUE,HIGH,A clinical unit appears without an associated numeric value. Source verification required.,PENDING,
1,LAYER_1,412,2019,Pathophysiology,answer_5,-,,1,,MEDICAL REVIEW,EMPTY_OR_PLACEHOLDER_OPTION,HIGH,Answer option appears to contain only a dash.,PENDING,
1,LAYER_1,413,2019,Pathophysiology,answer_5,-,,1,,MEDICAL REVIEW,EMPTY_OR_PLACEHOLDER_OPTION,HIGH,Answer option appears to contain only a dash.,PENDING,
1,LAYER_1,423,2020,Pathophysiology,answer_4,-,,1,,MEDICAL REVIEW,EMPTY_OR_PLACEHOLDER_OPTION,HIGH,Answer option appears to contain only a dash.,PENDING,
1,LAYER_1,484,2023,Pathomorphology,answer_5,-,,1,,MEDICAL REVIEW,EMPTY_OR_PLACEHOLDER_OPTION,HIGH,Answer option appears to contain only a dash.,PENDING,
1,LAYER_1,485,2023,Pathomorphology,answer_2,-,,1,,MEDICAL REVIEW,EMPTY_OR_PLACEHOLDER_OPTION,HIGH,Answer option appears to contain only a dash.,PENDING,
1,LAYER_1,496,2023,Pathomorphology,answer_3,-,,1,,MEDICAL REVIEW,EMPTY_OR_PLACEHOLDER_OPTION,HIGH,Answer option appears to contain only a dash.,PENDING,
1,LAYER_1,530,2016,Pathomorphology,answer_5,-,,1,,MEDICAL REVIEW,EMPTY_OR_PLACEHOLDER_OPTION,HIGH,Answer option appears to contain only a dash.,PENDING,
1,LAYER_1,549,2016,Pathomorphology,answer_5,-,,1,,MEDICAL REVIEW,EMPTY_OR_PLACEHOLDER_OPTION,HIGH,Answer option appears to contain only a dash.,PENDING,
1,LAYER_1,570,2015,Pathomorphology,answer_5,-,,1,,MEDICAL REVIEW,EMPTY_OR_PLACEHOLDER_OPTION,HIGH,Answer option appears to contain only a dash.,PENDING,
1,LAYER_1,579,2014,Pathomorphology,answer_5,-,,1,,MEDICAL REVIEW,EMPTY_OR_PLACEHOLDER_OPTION,HIGH,Answer option appears to contain only a dash.,PENDING,
1,LAYER_1,614,2013,Pathomorphology,answer_5,-,,1,,MEDICAL REVIEW,EMPTY_OR_PLACEHOLDER_OPTION,HIGH,Answer option appears to contain only a dash.,PENDING,
1,LAYER_1,65,2017,Pathophysiology,answer_5,-,,1,,MEDICAL REVIEW,EMPTY_OR_PLACEHOLDER_OPTION,HIGH,Answer option appears to contain only a dash.,PENDING,
1,LAYER_1,662,2011,Pathomorphology,answer_5,–,,1,,MEDICAL REVIEW,EMPTY_OR_PLACEHOLDER_OPTION,HIGH,Answer option appears to contain only a dash.,PENDING,
1,LAYER_1,670,2011,Pathomorphology,answer_5,-,,1,,MEDICAL REVIEW,EMPTY_OR_PLACEHOLDER_OPTION,HIGH,Answer option appears to contain only a dash.,PENDING,
1,LAYER_1,683,2009,Pathomorphology,answer_5,–,,1,,MEDICAL REVIEW,EMPTY_OR_PLACEHOLDER_OPTION,HIGH,Answer option appears to contain only a dash.,PENDING,
1,LAYER_1,704,2008,Pathomorphology,answer_5,–,,1,,MEDICAL REVIEW,EMPTY_OR_PLACEHOLDER_OPTION,HIGH,Answer option appears to contain only a dash.,PENDING,
1,LAYER_1,841,2021,Pathomorphology,answer_5,-,,1,,MEDICAL REVIEW,EMPTY_OR_PLACEHOLDER_OPTION,HIGH,Answer option appears to contain only a dash.,PENDING,
1,LAYER_1,866,2017,Normal Phisiology,answer_5,-,,1,,MEDICAL REVIEW,EMPTY_OR_PLACEHOLDER_OPTION,HIGH,Answer option appears to contain only a dash.,PENDING,
1,LAYER_1,899,2016,Normal Phisiology,answer_5,–,,1,,MEDICAL REVIEW,EMPTY_OR_PLACEHOLDER_OPTION,HIGH,Answer option appears to contain only a dash.,PENDING,
1,LAYER_1,915,2015,Normal Phisiology,answer_5,-,,1,,MEDICAL REVIEW,EMPTY_OR_PLACEHOLDER_OPTION,HIGH,Answer option appears to contain only a dash.,PENDING,
1,LAYER_1,922,2015,Normal Phisiology,answer_5,-,,1,,MEDICAL REVIEW,EMPTY_OR_PLACEHOLDER_OPTION,HIGH,Answer option appears to contain only a dash.,PENDING,
1,LAYER_1,931,2014,Normal Phisiology,answer_5,–,,1,,MEDICAL REVIEW,EMPTY_OR_PLACEHOLDER_OPTION,HIGH,Answer option appears to contain only a dash.,PENDING,
1,LAYER_1,946,2014,Normal Phisiology,answer_5,-,,1,,MEDICAL REVIEW,EMPTY_OR_PLACEHOLDER_OPTION,HIGH,Answer option appears to contain only a dash.,PENDING,
1,LAYER_1,951,2014,Normal Phisiology,answer_5,-,,1,,MEDICAL REVIEW,EMPTY_OR_PLACEHOLDER_OPTION,HIGH,Answer option appears to contain only a dash.,PENDING,
1,LAYER_1,955,2013,Normal Phisiology,answer_5,–,,1,,MEDICAL REVIEW,EMPTY_OR_PLACEHOLDER_OPTION,HIGH,Answer option appears to contain only a dash.,PENDING,
1,LAYER_1,990,2012,Normal Phisiology,answer_5,-,,1,,MEDICAL REVIEW,EMPTY_OR_PLACEHOLDER_OPTION,HIGH,Answer option appears to contain only a dash.,PENDING,
2,LAYER_1,1,2023,Pathophysiology,question,"A patient has been diagnosed with severe B 12-deficient anemia with hemopoiesis disturbance. Anamnesis states total gastrectomy. What cells allow to confirm this diagnosis, if they are absent in the peripheral blood?",,1,,SAFE,B12_SPACING,HIGH,Vitamin B12 appears split by OCR spacing.,PENDING,
2,LAYER_2,100,2016,Pathophysiology,question,,swelli-ng,1,swelling,SAFE,BROKEN_WORD_HYPHENATION,HIGH,Removing the hyphen produces a recognized English or medical word.,PENDING,
2,LAYER_2,100,2016,Pathophysiology,question,,respi-ration,1,respiration,SAFE,BROKEN_WORD_HYPHENATION,HIGH,Removing the hyphen produces a recognized English or medical word.,PENDING,
2,LAYER_2,102,2015,Pathophysiology,question,,hyperbili-rubinemia,1,hyperbilirubinemia,SAFE,BROKEN_WORD_HYPHENATION,HIGH,Removing the hyphen produces a recognized English or medical word.,PENDING,
2,LAYER_2,104,2015,Pathophysiology,question,,admini-stered,1,administered,SAFE,BROKEN_WORD_HYPHENATION,HIGH,Removing the hyphen produces a recognized English or medical word.,PENDING,
2,LAYER_1,1061,2009,Normal Phisiology,answer_1,"B , α (I I I ) Rh −",,1,,SAFE,SPACE_BEFORE_PUNCTUATION,HIGH,Whitespace found immediately before punctuation.,PENDING,
2,LAYER_1,1061,2009,Normal Phisiology,answer_2,"A , β (I I ) Rh −",,1,,SAFE,SPACE_BEFORE_PUNCTUATION,HIGH,Whitespace found immediately before punctuation.,PENDING,
2,LAYER_1,1061,2009,Normal Phisiology,answer_3,"0, α, β , (I ) Rh +",,1,,SAFE,SPACE_BEFORE_PUNCTUATION,HIGH,Whitespace found immediately before punctuation.,PENDING,
2,LAYER_2,107,2015,Pathophysiology,question,,di-srupted,1,disrupted,SAFE,BROKEN_WORD_HYPHENATION,HIGH,Removing the hyphen produces a recognized English or medical word.,PENDING,
2,LAYER_1,1074,2008,Normal Phisiology,question,"Surgical removal of a part of stomach resulted in disturbed absorption of vitamin B 12, it is excreted with feces. The patient was diagnosed with anemia. What factor is necessary for absorption of this vitamin?",,1,,SAFE,B12_SPACING,HIGH,Vitamin B12 appears split by OCR spacing.,PENDING,
2,LAYER_1,1075,2008,Normal Phisiology,question,Rest potential of a cell equals − 80 mV . At what stage of action potential did the membrane potential equal +30 mV ?,,1,,SAFE,SPACE_BEFORE_PUNCTUATION,HIGH,Whitespace found immediately before punctuation.,PENDING,
2,LAYER_1,1080,2008,Normal Phisiology,question,"Workers of a hothouse farm work under conditions of unfavourable microclimate: air temperature is +37o C , relative humidity is 90%, air speed is 0,2 m/s. The way of heat emission under these conditions will be:",,1,,SAFE,SPACE_BEFORE_PUNCTUATION,HIGH,Whitespace found immediately before punctuation.,PENDING,
2,LAYER_1,1083,2007,Normal Phisiology,question,"A lightly dressed man is standing in a room, air temperature is +140C , windows and doors are closed. In what way does he emit heat the most actively?",,1,,SAFE,SPACE_BEFORE_PUNCTUATION,HIGH,Whitespace found immediately before punctuation.,PENDING,
2,LAYER_1,1084,2007,Normal Phisiology,answer_4,B 12,,1,,SAFE,B12_SPACING,HIGH,Vitamin B12 appears split by OCR spacing.,PENDING,
2,LAYER_2,110,2015,Pathophysiology,question,,objecti-ve,1,objective,SAFE,BROKEN_WORD_HYPHENATION,HIGH,Removing the hyphen produces a recognized English or medical word.,PENDING,
2,LAYER_2,110,2015,Pathophysiology,question,,convulsi-ons,1,convulsions,SAFE,BROKEN_WORD_HYPHENATION,HIGH,Removing the hyphen produces a recognized English or medical word.,PENDING,
2,LAYER_2,110,2015,Pathophysiology,question,,accumulati-on,1,accumulation,SAFE,BROKEN_WORD_HYPHENATION,HIGH,Removing the hyphen produces a recognized English or medical word.,PENDING,
2,LAYER_2,116,2015,Pathophysiology,question,,soluti-ons,1,solutions,SAFE,BROKEN_WORD_HYPHENATION,HIGH,Removing the hyphen produces a recognized English or medical word.,PENDING,
2,LAYER_2,1160,2019,Normal Phisiology,answer_1,,glome-rular,1,glomerular,SAFE,BROKEN_WORD_HYPHENATION,HIGH,Removing the hyphen produces a recognized English or medical word.,PENDING,
2,LAYER_1,1212,2021,Normal Phisiology,answer_4,Increased secretion :c me oeroids,,1,,SAFE,SPACE_BEFORE_PUNCTUATION,HIGH,Whitespace found immediately before punctuation.,PENDING,
2,LAYER_1,122,2015,Pathophysiology,answer_1,B 12-deficiency anemia,,1,,SAFE,B12_SPACING,HIGH,Vitamin B12 appears split by OCR spacing.,PENDING,
2,LAYER_2,1235,2017,Microbiology,question,,techni-que,1,technique,SAFE,BROKEN_WORD_HYPHENATION,HIGH,Removing the hyphen produces a recognized English or medical word.,PENDING,
2,LAYER_2,124,2015,Pathophysiology,question,,whi-ch,1,which,SAFE,BROKEN_WORD_HYPHENATION,HIGH,Removing the hyphen produces a recognized English or medical word.,PENDING,
2,LAYER_2,1247,2017,Microbiology,question,,excreti-on,1,excretion,SAFE,BROKEN_WORD_HYPHENATION,HIGH,Removing the hyphen produces a recognized English or medical word.,PENDING,
2,LAYER_2,1247,2017,Microbiology,question,,detecti-ng,1,detecting,SAFE,BROKEN_WORD_HYPHENATION,HIGH,Removing the hyphen produces a recognized English or medical word.,PENDING,
2,LAYER_2,1253,2017,Microbiology,question,,poisoni-ng,1,poisoning,SAFE,BROKEN_WORD_HYPHENATION,HIGH,Removing the hyphen produces a recognized English or medical word.,PENDING,
2,LAYER_2,1253,2017,Microbiology,question,,visi-on,1,vision,SAFE,BROKEN_WORD_HYPHENATION,HIGH,Removing the hyphen produces a recognized English or medical word.,PENDING,
2,LAYER_1,1254,2017,Microbiology,question,On examination of a 6-year-old child the doctor noticed grayish film on the child’s tonsils. Microscopy of the smears stained by Neisser method detected there Corynebacterium diphtheriae . What morphologic feature was the most indicati-ve for determining the type of the agent?,,1,,SAFE,SPACE_BEFORE_PUNCTUATION,HIGH,Whitespace found immediately before punctuation.,PENDING,
2,LAYER_2,1254,2017,Microbiology,question,,indicati-ve,1,indicative,SAFE,BROKEN_WORD_HYPHENATION,HIGH,Removing the hyphen produces a recognized English or medical word.,PENDING,
2,LAYER_2,1256,2017,Microbiology,answer_4,,reacti-ons,1,reactions,SAFE,BROKEN_WORD_HYPHENATION,HIGH,Removing the hyphen produces a recognized English or medical word.,PENDING,
2,LAYER_2,1258,2017,Microbiology,answer_5,,Co-trimoxazole,1,cotrimoxazole,SAFE,BROKEN_WORD_HYPHENATION,HIGH,Removing the hyphen produces a recognized English or medical word.,PENDING,
2,LAYER_2,1270,2016,Microbiology,answer_2,,agammaglobuli-naemia,1,agammaglobulinaemia,SAFE,BROKEN_WORD_HYPHENATION,HIGH,Removing the hyphen produces a recognized English or medical word.,PENDING,
2,LAYER_2,1270,2016,Microbiology,question,,immunoglobuli-ns,1,immunoglobulins,SAFE,BROKEN_WORD_HYPHENATION,HIGH,Removing the hyphen produces a recognized English or medical word.,PENDING,
2,LAYER_2,1272,2016,Microbiology,question,,mi-nutes,1,minutes,SAFE,BROKEN_WORD_HYPHENATION,HIGH,Removing the hyphen produces a recognized English or medical word.,PENDING,
2,LAYER_2,1272,2016,Microbiology,question,,basophi-ls,1,basophils,SAFE,BROKEN_WORD_HYPHENATION,HIGH,Removing the hyphen produces a recognized English or medical word.,PENDING,
2,LAYER_2,1274,2016,Microbiology,question,,investigati-ng,1,investigating,SAFE,BROKEN_WORD_HYPHENATION,HIGH,Removing the hyphen produces a recognized English or medical word.,PENDING,
2,LAYER_2,1277,2016,Microbiology,question,,cli-nical,1,clinical,SAFE,BROKEN_WORD_HYPHENATION,HIGH,Removing the hyphen produces a recognized English or medical word.,PENDING,
2,LAYER_1,1287,2015,Microbiology,question,"A child is 10 years old. The followi-ng presentations have developed: sharp pain during swallowing, swollen neck, body temperature rise up to 39, 0o C , bright-red finely papular rash all over the body. Pharynx and tonsils are sharply hyperemic (""flaming pharynx""), ""crimson tongue"". On the tonsi-ls surface there are isolated greyish necrosis focuses. What disease it might be?",,1,,SAFE,SPACE_BEFORE_PUNCTUATION,HIGH,Whitespace found immediately before punctuation.,PENDING,
2,LAYER_2,1287,2015,Microbiology,question,,followi-ng,1,following,SAFE,BROKEN_WORD_HYPHENATION,HIGH,Removing the hyphen produces a recognized English or medical word.,PENDING,
2,LAYER_2,1287,2015,Microbiology,question,,tonsi-ls,1,tonsils,SAFE,BROKEN_WORD_HYPHENATION,HIGH,Removing the hyphen produces a recognized English or medical word.,PENDING,
2,LAYER_2,1292,2015,Microbiology,question,,intersti-tial,1,interstitial,SAFE,BROKEN_WORD_HYPHENATION,HIGH,Removing the hyphen produces a recognized English or medical word.,PENDING,
2,LAYER_2,1292,2015,Microbiology,question,,inclusi-ons,1,inclusions,SAFE,BROKEN_WORD_HYPHENATION,HIGH,Removing the hyphen produces a recognized English or medical word.,PENDING,
2,LAYER_2,1296,2015,Microbiology,answer_4,,reacti-ons,1,reactions,SAFE,BROKEN_WORD_HYPHENATION,HIGH,Removing the hyphen produces a recognized English or medical word.,PENDING,
2,LAYER_1,1297,2015,Microbiology,question,In winter a 3-year-old child has sharp rise of body temperature up to 40o C . Hemorrhagic rash is observed on the skin and mucosa. Bean-shaped gram-negative microorganisms situated in pairs are detected in the blood. What provisional diagnosis can be made?,,1,,SAFE,SPACE_BEFORE_PUNCTUATION,HIGH,Whitespace found immediately before punctuation.,PENDING,
2,LAYER_1,1298,2015,Microbiology,question,"A 9-year-old boy has acute onset of disease: sore throat, body temperature rise up to 39, 5o C ; on the second day diffuse skin rash was detected all over his skin exept for nasolabial triangle. On examination of oral cavity: crimson tongue, ""flaming pharynx"", necrotic tonsillitis. What diagnosis is the most likely?",,1,,SAFE,SPACE_BEFORE_PUNCTUATION,HIGH,Whitespace found immediately before punctuation.,PENDING,
2,LAYER_1,1306,2014,Microbiology,question,"A 10-year-old child has painful swallowing, neck edema, temperature rise up to 39, 0o C , the whole body is covered with bright- red petechial rash. Back of the throat and tonsils are hyperemic, the tongue is crimson-colored. Tonsillar surface is covered with isolated grayish-colored necrosis nidi. What disease is it?",,1,,SAFE,SPACE_BEFORE_PUNCTUATION,HIGH,Whitespace found immediately before punctuation.,PENDING,
2,LAYER_1,1318,2013,Microbiology,question,"A 50-year-old patient has been administered laevomycetin for the treatment of typhoid fever, but on the next day the patient’s condition worsened, the temperature rose to 39, 60C . The deterioration of the patient’s condition can be explained by:",,1,,SAFE,SPACE_BEFORE_PUNCTUATION,HIGH,Whitespace found immediately before punctuation.,PENDING,
2,LAYER_1,1325,2013,Microbiology,question,"A patient has been admitted to the infectious diseases department for malaise, fever up to 38o C , jaundice. A few months ago, the patient underwent blood transfusion. The doctor suspected viral hepatitis B. What are the principal methods of laboratory diagnosis of hepatitis B?",,1,,SAFE,SPACE_BEFORE_PUNCTUATION,HIGH,Whitespace found immediately before punctuation.,PENDING,
2,LAYER_1,1330,2013,Microbiology,question,"In the surgical ward, the dressing material was undergoing sterilization in an autoclave. Through an oversight of a nurse the mode of sterilization was changed and the temperature in the autoclave reached only 100o C instead of the due 120OC . What microorganisms can stay viable under these conditions?",,1,,SAFE,SPACE_BEFORE_PUNCTUATION,HIGH,Whitespace found immediately before punctuation.,PENDING,
2,LAYER_1,1355,2011,Microbiology,question,"After transfusion of 200 ml of blood a patient presented with body temperature rise up to 37, 9o C . Which of the following substances is the most likely cause of temperature rise?",,1,,SAFE,SPACE_BEFORE_PUNCTUATION,HIGH,Whitespace found immediately before punctuation.,PENDING,
2,LAYER_1,141,2014,Pathophysiology,question,Degenerative changes in posterior and lateral columns of spinal cord (funicular myelosis) caused by methylmalonic acid accumulation occur in patients with B 12-deficiency anemia. This results in synthesis disruption of the following substance:,,1,,SAFE,B12_SPACING,HIGH,Vitamin B12 appears split by OCR spacing.,PENDING,
2,LAYER_2,144,2014,Pathophysiology,answer_3,,Sino-atrial,1,sinoatrial,SAFE,BROKEN_WORD_HYPHENATION,HIGH,Removing the hyphen produces a recognized English or medical word.,PENDING,
2,LAYER_1,1442,2018,Microbiology,question,What diagnostic method should be used in industry to test the raw leather for presence of B. antracis ?,,1,,SAFE,SPACE_BEFORE_PUNCTUATION,HIGH,Whitespace found immediately before punctuation.,PENDING,
2,LAYER_2,1449,2018,Microbiology,answer_5,,Co-trimoxazole,1,cotrimoxazole,SAFE,BROKEN_WORD_HYPHENATION,HIGH,Removing the hyphen produces a recognized English or medical word.,PENDING,
2,LAYER_2,1501,2021,Microbiology,answer_2,,Co-infection,1,coinfection,SAFE,BROKEN_WORD_HYPHENATION,HIGH,Removing the hyphen produces a recognized English or medical word.,PENDING,
2,LAYER_1,1535,2017,Anatomy,question,During cholecystectomy besides a. cystyca another artery was pulled into the ligature. Ligation of this artery resulted in right-sided necrosis of the liver which led to the death of the patient. What artery was mistakenly ligated along with a. cystyca ?,,1,,SAFE,SPACE_BEFORE_PUNCTUATION,HIGH,Whitespace found immediately before punctuation.,PENDING,
2,LAYER_2,1536,2017,Anatomy,question,,determi-ned,1,determined,SAFE,BROKEN_WORD_HYPHENATION,HIGH,Removing the hyphen produces a recognized English or medical word.,PENDING,
2,LAYER_2,1538,2017,Anatomy,question,,di-sorder,1,disorder,SAFE,BROKEN_WORD_HYPHENATION,HIGH,Removing the hyphen produces a recognized English or medical word.,PENDING,
2,LAYER_1,1539,2017,Anatomy,question,"Histological specimen of the ovary shows large hollow structures. Primary oocyte within these structures is surrounded with transparent membrane and radiati-ng crown and is situated in the cumulus oophorus , the wall is made of follicular cell layer and theca. What ovarian structure can be characterized by these morphological features?",,1,,SAFE,SPACE_BEFORE_PUNCTUATION,HIGH,Whitespace found immediately before punctuation.,PENDING,
2,LAYER_2,1539,2017,Anatomy,question,,radiati-ng,1,radiating,SAFE,BROKEN_WORD_HYPHENATION,HIGH,Removing the hyphen produces a recognized English or medical word.,PENDING,
2,LAYER_2,1540,2017,Anatomy,question,,epitheli-al,1,epithelial,SAFE,BROKEN_WORD_HYPHENATION,HIGH,Removing the hyphen produces a recognized English or medical word.,PENDING,
2,LAYER_2,1542,2017,Anatomy,question,,di-sturbed,1,disturbed,SAFE,BROKEN_WORD_HYPHENATION,HIGH,Removing the hyphen produces a recognized English or medical word.,PENDING,
2,LAYER_2,1544,2017,Anatomy,question,,Exami-nation,1,examination,SAFE,BROKEN_WORD_HYPHENATION,HIGH,Removing the hyphen produces a recognized English or medical word.,PENDING,
2,LAYER_2,1546,2017,Anatomy,question,,wi-th,1,with,SAFE,BROKEN_WORD_HYPHENATION,HIGH,Removing the hyphen produces a recognized English or medical word.,PENDING,
2,LAYER_1,1547,2017,Anatomy,question,A woman suffers from tonsillitis complicated with retropharyngeal abscess that is localized in the spatium retrovi-scerale . In this case the suppurative process can spread to the:,,1,,SAFE,SPACE_BEFORE_PUNCTUATION,HIGH,Whitespace found immediately before punctuation.,PENDING,
2,LAYER_2,1550,2017,Anatomy,question,,compressi-on,1,compression,SAFE,BROKEN_WORD_HYPHENATION,HIGH,Removing the hyphen produces a recognized English or medical word.,PENDING,
2,LAYER_2,1555,2017,Anatomy,question,,li-gament,1,ligament,SAFE,BROKEN_WORD_HYPHENATION,HIGH,Removing the hyphen produces a recognized English or medical word.,PENDING,
2,LAYER_2,1557,2017,Anatomy,question,,wi-th,1,with,SAFE,BROKEN_WORD_HYPHENATION,HIGH,Removing the hyphen produces a recognized English or medical word.,PENDING,
2,LAYER_2,1558,2016,Anatomy,question,,deli-vered,1,delivered,SAFE,BROKEN_WORD_HYPHENATION,HIGH,Removing the hyphen produces a recognized English or medical word.,PENDING,
2,LAYER_2,1558,2016,Anatomy,question,,suppurati-ng,1,suppurating,SAFE,BROKEN_WORD_HYPHENATION,HIGH,Removing the hyphen produces a recognized English or medical word.,PENDING,
2,LAYER_2,1561,2016,Anatomy,question,,traumatologi-cal,1,traumatological,SAFE,BROKEN_WORD_HYPHENATION,HIGH,Removing the hyphen produces a recognized English or medical word.,PENDING,
2,LAYER_2,1562,2016,Anatomy,question,,ori-entation,1,orientation,SAFE,BROKEN_WORD_HYPHENATION,HIGH,Removing the hyphen produces a recognized English or medical word.,PENDING,
2,LAYER_2,1564,2016,Anatomy,question,,ri-ght,1,right,SAFE,BROKEN_WORD_HYPHENATION,HIGH,Removing the hyphen produces a recognized English or medical word.,PENDING,
2,LAYER_1,1578,2016,Anatomy,question,During appendectomy a patient had the a. appendicularis ligated . This vessel branches from the following artery:,,1,,SAFE,SPACE_BEFORE_PUNCTUATION,HIGH,Whitespace found immediately before punctuation.,PENDING,
2,LAYER_2,1580,2016,Anatomy,question,,Duri-ng,1,during,SAFE,BROKEN_WORD_HYPHENATION,HIGH,Removing the hyphen produces a recognized English or medical word.,PENDING,
2,LAYER_2,1585,2015,Anatomy,question,,parti-culars,1,particulars,SAFE,BROKEN_WORD_HYPHENATION,HIGH,Removing the hyphen produces a recognized English or medical word.,PENDING,
2,LAYER_2,1596,2015,Anatomy,question,,whi-te,1,white,SAFE,BROKEN_WORD_HYPHENATION,HIGH,Removing the hyphen produces a recognized English or medical word.,PENDING,
2,LAYER_2,1596,2015,Anatomy,question,,posteri-or,1,posterior,SAFE,BROKEN_WORD_HYPHENATION,HIGH,Removing the hyphen produces a recognized English or medical word.,PENDING,
2,LAYER_2,1599,2015,Anatomy,question,,Examinati-on,1,examination,SAFE,BROKEN_WORD_HYPHENATION,HIGH,Removing the hyphen produces a recognized English or medical word.,PENDING,
2,LAYER_2,1600,2015,Anatomy,question,,li-ver,1,liver,SAFE,BROKEN_WORD_HYPHENATION,HIGH,Removing the hyphen produces a recognized English or medical word.,PENDING,
2,LAYER_2,1600,2015,Anatomy,question,,li-gament,1,ligament,SAFE,BROKEN_WORD_HYPHENATION,HIGH,Removing the hyphen produces a recognized English or medical word.,PENDING,
2,LAYER_2,1601,2015,Anatomy,question,,deli-vered,1,delivered,SAFE,BROKEN_WORD_HYPHENATION,HIGH,Removing the hyphen produces a recognized English or medical word.,PENDING,
2,LAYER_2,1601,2015,Anatomy,question,,di-sturbance,1,disturbance,SAFE,BROKEN_WORD_HYPHENATION,HIGH,Removing the hyphen produces a recognized English or medical word.,PENDING,
2,LAYER_2,174,2013,Pathophysiology,answer_3,,Sino-atrial,1,sinoatrial,SAFE,BROKEN_WORD_HYPHENATION,HIGH,Removing the hyphen produces a recognized English or medical word.,PENDING,
2,LAYER_2,1749,2010,Anatomy,answer_1,,cortico-nuclearis,1,corticonuclearis,SAFE,BROKEN_WORD_HYPHENATION,HIGH,Removing the hyphen produces a recognized English or medical word.,PENDING,
2,LAYER_2,1772,2019,Anatomy,question,,compressi-on,1,compression,SAFE,BROKEN_WORD_HYPHENATION,HIGH,Removing the hyphen produces a recognized English or medical word.,PENDING,
2,LAYER_2,1777,2019,Anatomy,question,,li-gament,1,ligament,SAFE,BROKEN_WORD_HYPHENATION,HIGH,Removing the hyphen produces a recognized English or medical word.,PENDING,
2,LAYER_2,1779,2019,Anatomy,question,,wi-th,1,with,SAFE,BROKEN_WORD_HYPHENATION,HIGH,Removing the hyphen produces a recognized English or medical word.,PENDING,
2,LAYER_2,1780,2019,Anatomy,question,,deli-vered,1,delivered,SAFE,BROKEN_WORD_HYPHENATION,HIGH,Removing the hyphen produces a recognized English or medical word.,PENDING,
2,LAYER_2,1780,2019,Anatomy,question,,suppurati-ng,1,suppurating,SAFE,BROKEN_WORD_HYPHENATION,HIGH,Removing the hyphen produces a recognized English or medical word.,PENDING,
2,LAYER_2,1783,2019,Anatomy,question,,traumatologi-cal,1,traumatological,SAFE,BROKEN_WORD_HYPHENATION,HIGH,Removing the hyphen produces a recognized English or medical word.,PENDING,
2,LAYER_2,1784,2019,Anatomy,question,,ori-entation,1,orientation,SAFE,BROKEN_WORD_HYPHENATION,HIGH,Removing the hyphen produces a recognized English or medical word.,PENDING,
2,LAYER_2,1786,2019,Anatomy,question,,ri-ght,1,right,SAFE,BROKEN_WORD_HYPHENATION,HIGH,Removing the hyphen produces a recognized English or medical word.,PENDING,
2,LAYER_2,1851,2017,Pharmacology,question,,rhini-tis,1,rhinitis,SAFE,BROKEN_WORD_HYPHENATION,HIGH,Removing the hyphen produces a recognized English or medical word.,PENDING,
2,LAYER_2,1852,2017,Pharmacology,question,,mi-scarriages,1,miscarriages,SAFE,BROKEN_WORD_HYPHENATION,HIGH,Removing the hyphen produces a recognized English or medical word.,PENDING,
2,LAYER_2,1852,2017,Pharmacology,question,,preparati-ons,1,preparations,SAFE,BROKEN_WORD_HYPHENATION,HIGH,Removing the hyphen produces a recognized English or medical word.,PENDING,
2,LAYER_2,1857,2018,Pharmacology,question,,thi-rst,1,thirst,SAFE,BROKEN_WORD_HYPHENATION,HIGH,Removing the hyphen produces a recognized English or medical word.,PENDING,
2,LAYER_2,1857,2018,Pharmacology,question,,visi-on,1,vision,SAFE,BROKEN_WORD_HYPHENATION,HIGH,Removing the hyphen produces a recognized English or medical word.,PENDING,
2,LAYER_2,1857,2018,Pharmacology,question,,talkati-veness,1,talkativeness,SAFE,BROKEN_WORD_HYPHENATION,HIGH,Removing the hyphen produces a recognized English or medical word.,PENDING,
2,LAYER_2,1860,2017,Pharmacology,answer_2,,Co-trimoxazole,1,cotrimoxazole,SAFE,BROKEN_WORD_HYPHENATION,HIGH,Removing the hyphen produces a recognized English or medical word.,PENDING,
2,LAYER_2,1862,2017,Pharmacology,question,,concomi-tant,1,concomitant,SAFE,BROKEN_WORD_HYPHENATION,HIGH,Removing the hyphen produces a recognized English or medical word.,PENDING,
2,LAYER_2,1864,2017,Pharmacology,question,,minerali-zation,1,mineralization,SAFE,BROKEN_WORD_HYPHENATION,HIGH,Removing the hyphen produces a recognized English or medical word.,PENDING,
2,LAYER_2,1864,2017,Pharmacology,question,,defici-ency,1,deficiency,SAFE,BROKEN_WORD_HYPHENATION,HIGH,Removing the hyphen produces a recognized English or medical word.,PENDING,
2,LAYER_2,1865,2018,Pharmacology,question,,advi-sable,1,advisable,SAFE,BROKEN_WORD_HYPHENATION,HIGH,Removing the hyphen produces a recognized English or medical word.,PENDING,
2,LAYER_2,1867,2017,Pharmacology,question,,cardi-opulmonary,1,cardiopulmonary,SAFE,BROKEN_WORD_HYPHENATION,HIGH,Removing the hyphen produces a recognized English or medical word.,PENDING,
2,LAYER_2,1868,2017,Pharmacology,question,,recei-ved,1,received,SAFE,BROKEN_WORD_HYPHENATION,HIGH,Removing the hyphen produces a recognized English or medical word.,PENDING,
2,LAYER_2,187,2012,Pathophysiology,question,,gastroi-ntestinal,1,gastrointestinal,SAFE,BROKEN_WORD_HYPHENATION,HIGH,Removing the hyphen produces a recognized English or medical word.,PENDING,
2,LAYER_2,1875,2017,Pharmacology,answer_1,,GABA-ergic,1,gabaergic,SAFE,BROKEN_WORD_HYPHENATION,HIGH,Removing the hyphen produces a recognized English or medical word.,PENDING,
2,LAYER_2,1875,2017,Pharmacology,answer_5,,neurotransmi-ssion,1,neurotransmission,SAFE,BROKEN_WORD_HYPHENATION,HIGH,Removing the hyphen produces a recognized English or medical word.,PENDING,
2,LAYER_2,1875,2017,Pharmacology,question,,labi-lity,1,lability,SAFE,BROKEN_WORD_HYPHENATION,HIGH,Removing the hyphen produces a recognized English or medical word.,PENDING,
2,LAYER_2,1876,2017,Pharmacology,question,,Duri-ng,1,during,SAFE,BROKEN_WORD_HYPHENATION,HIGH,Removing the hyphen produces a recognized English or medical word.,PENDING,
2,LAYER_2,1878,2018,Pharmacology,answer_5,,Co-trimoxazole,1,cotrimoxazole,SAFE,BROKEN_WORD_HYPHENATION,HIGH,Removing the hyphen produces a recognized English or medical word.,PENDING,
2,LAYER_2,1882,2016,Pharmacology,question,,melli-tus,1,mellitus,SAFE,BROKEN_WORD_HYPHENATION,HIGH,Removing the hyphen produces a recognized English or medical word.,PENDING,
2,LAYER_2,1885,2016,Pharmacology,question,,infarcti-on,1,infarction,SAFE,BROKEN_WORD_HYPHENATION,HIGH,Removing the hyphen produces a recognized English or medical word.,PENDING,
2,LAYER_2,1887,2016,Pharmacology,question,,agitati-on,1,agitation,SAFE,BROKEN_WORD_HYPHENATION,HIGH,Removing the hyphen produces a recognized English or medical word.,PENDING,
2,LAYER_2,1888,2016,Pharmacology,question,,sufferi-ng,1,suffering,SAFE,BROKEN_WORD_HYPHENATION,HIGH,Removing the hyphen produces a recognized English or medical word.,PENDING,
2,LAYER_2,1888,2016,Pharmacology,question,,sedati-ve,1,sedative,SAFE,BROKEN_WORD_HYPHENATION,HIGH,Removing the hyphen produces a recognized English or medical word.,PENDING,
2,LAYER_2,1889,2016,Pharmacology,question,,duri-ng,1,during,SAFE,BROKEN_WORD_HYPHENATION,HIGH,Removing the hyphen produces a recognized English or medical word.,PENDING,
2,LAYER_2,1891,2016,Pharmacology,question,,peeli-ng,1,peeling,SAFE,BROKEN_WORD_HYPHENATION,HIGH,Removing the hyphen produces a recognized English or medical word.,PENDING,
2,LAYER_2,1891,2016,Pharmacology,question,,respi-ratory,1,respiratory,SAFE,BROKEN_WORD_HYPHENATION,HIGH,Removing the hyphen produces a recognized English or medical word.,PENDING,
2,LAYER_2,1898,2015,Pharmacology,question,,prescri-bed,1,prescribed,SAFE,BROKEN_WORD_HYPHENATION,HIGH,Removing the hyphen produces a recognized English or medical word.,PENDING,
2,LAYER_2,1899,2015,Pharmacology,question,,cardi-otonics,1,cardiotonics,SAFE,BROKEN_WORD_HYPHENATION,HIGH,Removing the hyphen produces a recognized English or medical word.,PENDING,
2,LAYER_2,1899,2015,Pharmacology,question,,medicati-on,1,medication,SAFE,BROKEN_WORD_HYPHENATION,HIGH,Removing the hyphen produces a recognized English or medical word.,PENDING,
2,LAYER_2,1903,2015,Pharmacology,question,,admini-stering,1,administering,SAFE,BROKEN_WORD_HYPHENATION,HIGH,Removing the hyphen produces a recognized English or medical word.,PENDING,
2,LAYER_2,1905,2015,Pharmacology,question,,cari-es,1,caries,SAFE,BROKEN_WORD_HYPHENATION,HIGH,Removing the hyphen produces a recognized English or medical word.,PENDING,
2,LAYER_2,1908,2015,Pharmacology,question,,toxicologi-cal,1,toxicological,SAFE,BROKEN_WORD_HYPHENATION,HIGH,Removing the hyphen produces a recognized English or medical word.,PENDING,
2,LAYER_2,1917,2014,Pharmacology,question,,prescri-bed,1,prescribed,SAFE,BROKEN_WORD_HYPHENATION,HIGH,Removing the hyphen produces a recognized English or medical word.,PENDING,
2,LAYER_2,1938,2012,Pharmacology,answer_1,,Co-trimoxazole,1,cotrimoxazole,SAFE,BROKEN_WORD_HYPHENATION,HIGH,Removing the hyphen produces a recognized English or medical word.,PENDING,
2,LAYER_1,195,2012,Pathophysiology,question,"After the traumatic tooth extraction a patient is complaining of acute, dull, poorlylocalized pain in gingiva, body temperature rise up to 37, 5o C . The patient has been diagnosed with alveolitis. Specify the kind of pain in this patient:",,1,,SAFE,SPACE_BEFORE_PUNCTUATION,HIGH,Whitespace found immediately before punctuation.,PENDING,
2,LAYER_1,197,2012,Pathophysiology,answer_3,Deficiency of vitamin B 12,,1,,SAFE,B12_SPACING,HIGH,Vitamin B12 appears split by OCR spacing.,PENDING,
2,LAYER_2,1973,2009,Pharmacology,question,,hyperi-nsulinemia,1,hyperinsulinemia,SAFE,BROKEN_WORD_HYPHENATION,HIGH,Removing the hyphen produces a recognized English or medical word.,PENDING,
2,LAYER_2,2000,2008,Pharmacology,answer_4,,Co-trimoxazole,1,cotrimoxazole,SAFE,BROKEN_WORD_HYPHENATION,HIGH,Removing the hyphen produces a recognized English or medical word.,PENDING,
2,LAYER_2,2114,2021,Pharmacology,answer_3,,Co-trimoxazole,1,cotrimoxazole,SAFE,BROKEN_WORD_HYPHENATION,HIGH,Removing the hyphen produces a recognized English or medical word.,PENDING,
2,LAYER_2,2147,2017,Biology,question,,Ameri-ca,1,america,SAFE,BROKEN_WORD_HYPHENATION,HIGH,Removing the hyphen produces a recognized English or medical word.,PENDING,
2,LAYER_2,2147,2017,Biology,question,,infecti-on,1,infection,SAFE,BROKEN_WORD_HYPHENATION,HIGH,Removing the hyphen produces a recognized English or medical word.,PENDING,
2,LAYER_2,2150,2016,Biology,question,,mi-crocephaly,1,microcephaly,SAFE,BROKEN_WORD_HYPHENATION,HIGH,Removing the hyphen produces a recognized English or medical word.,PENDING,
2,LAYER_2,2151,2016,Biology,question,,vi-sited,1,visited,SAFE,BROKEN_WORD_HYPHENATION,HIGH,Removing the hyphen produces a recognized English or medical word.,PENDING,
2,LAYER_2,2153,2016,Biology,question,,epitheli-um,1,epithelium,SAFE,BROKEN_WORD_HYPHENATION,HIGH,Removing the hyphen produces a recognized English or medical word.,PENDING,
2,LAYER_2,2154,2016,Biology,question,,indi-ces,1,indices,SAFE,BROKEN_WORD_HYPHENATION,HIGH,Removing the hyphen produces a recognized English or medical word.,PENDING,
2,LAYER_2,2155,2016,Biology,question,,synthesi-ze,1,synthesize,SAFE,BROKEN_WORD_HYPHENATION,HIGH,Removing the hyphen produces a recognized English or medical word.,PENDING,
2,LAYER_2,2157,2016,Biology,question,,chi-ld,1,child,SAFE,BROKEN_WORD_HYPHENATION,HIGH,Removing the hyphen produces a recognized English or medical word.,PENDING,
2,LAYER_2,2159,2016,Biology,question,,complai-ns,1,complains,SAFE,BROKEN_WORD_HYPHENATION,HIGH,Removing the hyphen produces a recognized English or medical word.,PENDING,
2,LAYER_2,2164,2015,Biology,question,,offi-ce,1,office,SAFE,BROKEN_WORD_HYPHENATION,HIGH,Removing the hyphen produces a recognized English or medical word.,PENDING,
2,LAYER_2,2164,2015,Biology,question,,mosqui-tos,1,mosquitos,SAFE,BROKEN_WORD_HYPHENATION,HIGH,Removing the hyphen produces a recognized English or medical word.,PENDING,
2,LAYER_2,2165,2015,Biology,question,,di-sturbance,1,disturbance,SAFE,BROKEN_WORD_HYPHENATION,HIGH,Removing the hyphen produces a recognized English or medical word.,PENDING,
2,LAYER_2,2166,2015,Biology,question,,explai-ned,1,explained,SAFE,BROKEN_WORD_HYPHENATION,HIGH,Removing the hyphen produces a recognized English or medical word.,PENDING,
2,LAYER_2,2169,2015,Biology,question,,indi-vidual,1,individual,SAFE,BROKEN_WORD_HYPHENATION,HIGH,Removing the hyphen produces a recognized English or medical word.,PENDING,
2,LAYER_1,2172,2015,Biology,question,"An 18-year-old woman has body disproportion, wing-like folds on the skin of her neck, underdeveloped ovaries, nuclei of her buccal epithelium cells have no Barr bodies. Dermatoglyphics method revealed that her adt angle is 66o . What provisional diagnosis can be made in this case?",,1,,SAFE,SPACE_BEFORE_PUNCTUATION,HIGH,Whitespace found immediately before punctuation.,PENDING,
2,LAYER_2,2212,2011,Biology,question,,consti-tution,1,constitution,SAFE,BROKEN_WORD_HYPHENATION,HIGH,Removing the hyphen produces a recognized English or medical word.,PENDING,
2,LAYER_2,2254,2018,Biology,question,,functi-onal,1,functional,SAFE,BROKEN_WORD_HYPHENATION,HIGH,Removing the hyphen produces a recognized English or medical word.,PENDING,
2,LAYER_2,2260,2018,Biology,question,,mi-cron,1,micron,SAFE,BROKEN_WORD_HYPHENATION,HIGH,Removing the hyphen produces a recognized English or medical word.,PENDING,
2,LAYER_1,2289,2021,Biology,question,A mutation has occurred :n a cell in the first exon of the structural cene. The number of nucleotide pair's changed from 290 to 250.,,1,,SAFE,SPACE_BEFORE_PUNCTUATION,HIGH,Whitespace found immediately before punctuation.,PENDING,
2,LAYER_1,2386,2007,Histology,question,80. Histological specimen of a hemopoietic organ shows clusters of node-and band- shaped lymphocytes that along with stroma elements compose cortical and medullar substances .Name this organ:,,1,,SAFE,SPACE_BEFORE_PUNCTUATION,HIGH,Whitespace found immediately before punctuation.,PENDING,
2,LAYER_1,245,2011,Pathophysiology,question,A 25-year-old man has spent a long time in the sun under high air humidity. As a result of it his body temperature rose up to 39o C . What pathological process is it?,,1,,SAFE,SPACE_BEFORE_PUNCTUATION,HIGH,Whitespace found immediately before punctuation.,PENDING,
2,LAYER_2,2490,2017,Biochemistry,question,,impai-red,1,impaired,SAFE,BROKEN_WORD_HYPHENATION,HIGH,Removing the hyphen produces a recognized English or medical word.,PENDING,
2,LAYER_2,2507,2017,Biochemistry,answer_3,,ubiqui-none,1,ubiquinone,SAFE,BROKEN_WORD_HYPHENATION,HIGH,Removing the hyphen produces a recognized English or medical word.,PENDING,
2,LAYER_2,2528,2016,Biochemistry,question,,organi-sm,1,organism,SAFE,BROKEN_WORD_HYPHENATION,HIGH,Removing the hyphen produces a recognized English or medical word.,PENDING,
2,LAYER_2,2556,2015,Biochemistry,question,,followi-ng,1,following,SAFE,BROKEN_WORD_HYPHENATION,HIGH,Removing the hyphen produces a recognized English or medical word.,PENDING,
2,LAYER_2,2559,2015,Biochemistry,question,,indi-vidual,1,individual,SAFE,BROKEN_WORD_HYPHENATION,HIGH,Removing the hyphen produces a recognized English or medical word.,PENDING,
2,LAYER_1,2562,2015,Biochemistry,answer_1,B 12-deficiency anemia,,1,,SAFE,B12_SPACING,HIGH,Vitamin B12 appears split by OCR spacing.,PENDING,
2,LAYER_1,2585,2014,Biochemistry,answer_1,"Methionine, B 6, B 12",,1,,SAFE,B12_SPACING,HIGH,Vitamin B12 appears split by OCR spacing.,PENDING,
2,LAYER_1,2592,2013,Biochemistry,answer_4,Vitamin B 12,,1,,SAFE,B12_SPACING,HIGH,Vitamin B12 appears split by OCR spacing.,PENDING,
2,LAYER_2,2616,2012,Biochemistry,question,,gastroi-ntestinal,1,gastrointestinal,SAFE,BROKEN_WORD_HYPHENATION,HIGH,Removing the hyphen produces a recognized English or medical word.,PENDING,
2,LAYER_1,2624,2012,Biochemistry,question,To prevent postoperative bleeding a 6-year-old child was administered vicasol that is a synthetic analogue of vitamin K . Name posttranslational changes of blood coagulation factors that will be activated by vicasol:,,1,,SAFE,SPACE_BEFORE_PUNCTUATION,HIGH,Whitespace found immediately before punctuation.,PENDING,
2,LAYER_1,2709,2008,Biochemistry,answer_4,B 12,,1,,SAFE,B12_SPACING,HIGH,Vitamin B12 appears split by OCR spacing.,PENDING,
2,LAYER_1,2721,2008,Biochemistry,question,"Surgical removal of a part of stomach resulted in disturbed absorption of vitamin B 12, it is excreted with feces. The patient was diagnosed with anemia. What factor is necessary for absorption of this vitamin?",,1,,SAFE,B12_SPACING,HIGH,Vitamin B12 appears split by OCR spacing.,PENDING,
2,LAYER_1,2726,2008,Biochemistry,question,Plasmic factors of blood coagulation are exposed to posttranslational modification with the participation of vitamin K . It is necessary as a cofactor in the enzyme system of γ -carboxylation of protein factors of blood coagulation due to the increased affinity of their molecules with calcium ions. What amino acid is carboxylated in these proteins?,,1,,SAFE,SPACE_BEFORE_PUNCTUATION,HIGH,Whitespace found immediately before punctuation.,PENDING,
2,LAYER_2,2728,2008,Biochemistry,question,,prescri-bed,1,prescribed,SAFE,BROKEN_WORD_HYPHENATION,HIGH,Removing the hyphen produces a recognized English or medical word.,PENDING,
2,LAYER_2,2739,2007,Biochemistry,question,,beri-beri,1,beriberi,SAFE,BROKEN_WORD_HYPHENATION,HIGH,Removing the hyphen produces a recognized English or medical word.,PENDING,
2,LAYER_1,2740,2007,Biochemistry,answer_4,B 12,,1,,SAFE,B12_SPACING,HIGH,Vitamin B12 appears split by OCR spacing.,PENDING,
2,LAYER_1,2744,2007,Biochemistry,answer_1,"Lack of linoleic acid, vitamins A , D , E ,K",,1,,SAFE,SPACE_BEFORE_PUNCTUATION,HIGH,Whitespace found immediately before punctuation.,PENDING,
2,LAYER_1,2744,2007,Biochemistry,answer_3,"Lack of vitamins P P , H",,1,,SAFE,SPACE_BEFORE_PUNCTUATION,HIGH,Whitespace found immediately before punctuation.,PENDING,
2,LAYER_1,2751,2007,Biochemistry,question,To prevent postoperative bleeding a 6 y.o. child was administered vicasol that is a synthetic analogue of vitamin K . Name posttranslational changes of blood coagulation factors that will be activated by vicasol:,,1,,SAFE,SPACE_BEFORE_PUNCTUATION,HIGH,Whitespace found immediately before punctuation.,PENDING,
2,LAYER_1,2766,2010,Biochemistry,question,"A 48 year old patient complained about intense pain, slight swelling and reddening of skin over the joints, temperature rise up to 38o C . Blood analysis revealed high concentration of urates. This condition might be caused by disturbed metabolism of:",,1,,SAFE,SPACE_BEFORE_PUNCTUATION,HIGH,Whitespace found immediately before punctuation.,PENDING,
2,LAYER_1,2774,2010,Biochemistry,question,"A 25 year old Palestinian woman complains of weakness, dizziness, dyspnea. In anamnesis: periodically exacerbating anemia. In blood: Hb - 60 g/l, erythrocytes 2, 5 · 1012/l, reticulocytes - 35o / oo , anisocytosis and poikilocytosis of erythrocytes, a lot of target cells and polychromatophils. What type of anemia is it?",,1,,SAFE,SPACE_BEFORE_PUNCTUATION,HIGH,Whitespace found immediately before punctuation.,PENDING,
2,LAYER_2,28,2017,Pathophysiology,question,,condi-tion,1,condition,SAFE,BROKEN_WORD_HYPHENATION,HIGH,Removing the hyphen produces a recognized English or medical word.,PENDING,
2,LAYER_1,283,2008,Pathophysiology,question,"2 years ago a patient underwent resection of pyloric part of stomach. He complains of weakness, periodical dark shadows beneath his eyes, dyspnea. In blood: Hb - 70 g/l, erythrocytes - 3, 0 · 1012/l , colour index - 0,7. What changes of erythrocytes in blood smears are the most typical for this condition?",,1,,SAFE,SPACE_BEFORE_PUNCTUATION,HIGH,Whitespace found immediately before punctuation.,PENDING,
2,LAYER_1,287,2008,Pathophysiology,answer_1,B 12-folate deficient,,1,,SAFE,B12_SPACING,HIGH,Vitamin B12 appears split by OCR spacing.,PENDING,
2,LAYER_2,31,2017,Pathophysiology,question,,palpitati-ons,1,palpitations,SAFE,BROKEN_WORD_HYPHENATION,HIGH,Removing the hyphen produces a recognized English or medical word.,PENDING,
2,LAYER_2,32,2017,Pathophysiology,question,,hypoparathyroi-dism,1,hypoparathyroidism,SAFE,BROKEN_WORD_HYPHENATION,HIGH,Removing the hyphen produces a recognized English or medical word.,PENDING,
2,LAYER_1,326,2007,Pathophysiology,answer_4,Vitamin B 12 deficit,,1,,SAFE,B12_SPACING,HIGH,Vitamin B12 appears split by OCR spacing.,PENDING,
2,LAYER_1,330,2007,Pathophysiology,answer_4,B 12-folate-deficiency anemia,,1,,SAFE,B12_SPACING,HIGH,Vitamin B12 appears split by OCR spacing.,PENDING,
2,LAYER_1,331,2007,Pathophysiology,question,"A 23 y.o. patient complains of weakness, temperature rise up to 38 − 0C . Objectively: liver and spleen are enlarged. Hemogram: Hb- 100 g/l, erythrocytes - 2, 9 · 1012/l, leukocytes - 4, 4 · 109/l, thrombocytes - 48 · 109/ l, segmentonuclear neutrophils - 17%, lymphocytes - 15%, blast cells - 68%. All cytochemical reactions are negative. Make a hematological conclusion:",,1,,SAFE,SPACE_BEFORE_PUNCTUATION,HIGH,Whitespace found immediately before punctuation.,PENDING,
2,LAYER_2,34,2017,Pathophysiology,question,,di-sturbed,1,disturbed,SAFE,BROKEN_WORD_HYPHENATION,HIGH,Removing the hyphen produces a recognized English or medical word.,PENDING,
2,LAYER_1,342,2010,Pathophysiology,question,"A 25 year old Palestinian woman complains of weakness, dizziness, dyspnea. In anamnesis: periodically exacerbating anemia. In blood: Hb - 60 g/l, erythrocytes 2, 5 · 1012/l, reticulocytes - 35o / oo , anisocytosis and poikilocytosis of erythrocytes, a lot of target cells and polychromatophils. What type of anemia is it?",,1,,SAFE,SPACE_BEFORE_PUNCTUATION,HIGH,Whitespace found immediately before punctuation.,PENDING,
2,LAYER_2,35,2017,Pathophysiology,answer_4,,fibri-nogenesis,1,fibrinogenesis,SAFE,BROKEN_WORD_HYPHENATION,HIGH,Removing the hyphen produces a recognized English or medical word.,PENDING,
2,LAYER_2,35,2017,Pathophysiology,question,,di-sturbed,1,disturbed,SAFE,BROKEN_WORD_HYPHENATION,HIGH,Removing the hyphen produces a recognized English or medical word.,PENDING,
2,LAYER_2,353,2010,Pathophysiology,question,,neutrophi-ls,1,neutrophils,SAFE,BROKEN_WORD_HYPHENATION,HIGH,Removing the hyphen produces a recognized English or medical word.,PENDING,
2,LAYER_1,354,2010,Pathophysiology,question,A 25 year old man has spent a long time in the sun under high air humidity. As a result of it his body temperature rose up to 39o C . What pathological process is it?,,1,,SAFE,SPACE_BEFORE_PUNCTUATION,HIGH,Whitespace found immediately before punctuation.,PENDING,
2,LAYER_2,355,2010,Pathophysiology,question,,ti-ssue,1,tissue,SAFE,BROKEN_WORD_HYPHENATION,HIGH,Removing the hyphen produces a recognized English or medical word.,PENDING,
2,LAYER_1,366,2018,Pathophysiology,answer_2,Vitamin B 12 deficiency,,1,,SAFE,B12_SPACING,HIGH,Vitamin B12 appears split by OCR spacing.,PENDING,
2,LAYER_2,378,2018,Pathophysiology,question,,wi-th,1,with,SAFE,BROKEN_WORD_HYPHENATION,HIGH,Removing the hyphen produces a recognized English or medical word.,PENDING,
2,LAYER_2,38,2017,Pathophysiology,answer_2,,venti-lation,1,ventilation,SAFE,BROKEN_WORD_HYPHENATION,HIGH,Removing the hyphen produces a recognized English or medical word.,PENDING,
2,LAYER_2,41,2017,Pathophysiology,question,,fi-ltration,1,filtration,SAFE,BROKEN_WORD_HYPHENATION,HIGH,Removing the hyphen produces a recognized English or medical word.,PENDING,
2,LAYER_1,421,2020,Pathophysiology,question,Clinical blood testing is recommended to be done in the morning and on an empty stomach. What change in the blood composition is likely if a blood sample was obtained after a meal? .,,1,,SAFE,SPACE_BEFORE_PUNCTUATION,HIGH,Whitespace found immediately before punctuation.,PENDING,
2,LAYER_2,43,2017,Pathophysiology,question,,di-ffuse,1,diffuse,SAFE,BROKEN_WORD_HYPHENATION,HIGH,Removing the hyphen produces a recognized English or medical word.,PENDING,
2,LAYER_2,43,2017,Pathophysiology,question,,massi-ve,1,massive,SAFE,BROKEN_WORD_HYPHENATION,HIGH,Removing the hyphen produces a recognized English or medical word.,PENDING,
2,LAYER_2,43,2017,Pathophysiology,question,,hyperli-pidemia,1,hyperlipidemia,SAFE,BROKEN_WORD_HYPHENATION,HIGH,Removing the hyphen produces a recognized English or medical word.,PENDING,
2,LAYER_2,45,2017,Pathophysiology,question,,followi-ng,1,following,SAFE,BROKEN_WORD_HYPHENATION,HIGH,Removing the hyphen produces a recognized English or medical word.,PENDING,
2,LAYER_2,45,2017,Pathophysiology,question,,disi-ntegration,1,disintegration,SAFE,BROKEN_WORD_HYPHENATION,HIGH,Removing the hyphen produces a recognized English or medical word.,PENDING,
2,LAYER_2,46,2017,Pathophysiology,question,,recei-ved,1,received,SAFE,BROKEN_WORD_HYPHENATION,HIGH,Removing the hyphen produces a recognized English or medical word.,PENDING,
2,LAYER_2,46,2017,Pathophysiology,question,,inflammati-on,1,inflammation,SAFE,BROKEN_WORD_HYPHENATION,HIGH,Removing the hyphen produces a recognized English or medical word.,PENDING,
2,LAYER_2,49,2017,Pathophysiology,question,,primari-ly,1,primarily,SAFE,BROKEN_WORD_HYPHENATION,HIGH,Removing the hyphen produces a recognized English or medical word.,PENDING,
2,LAYER_2,498,2017,Pathomorphology,question,,di-sturbed,1,disturbed,SAFE,BROKEN_WORD_HYPHENATION,HIGH,Removing the hyphen produces a recognized English or medical word.,PENDING,
2,LAYER_1,50,2017,Pathophysiology,question,"A patient with pneumonia has body temperature of 39,2o C . What cells are the main producers of endogenous pyrogen that had caused such temperature rise?",,1,,SAFE,SPACE_BEFORE_PUNCTUATION,HIGH,Whitespace found immediately before punctuation.,PENDING,
2,LAYER_2,500,2017,Pathomorphology,question,,Duri-ng,1,during,SAFE,BROKEN_WORD_HYPHENATION,HIGH,Removing the hyphen produces a recognized English or medical word.,PENDING,
2,LAYER_2,500,2017,Pathomorphology,question,,kerati-nized,1,keratinized,SAFE,BROKEN_WORD_HYPHENATION,HIGH,Removing the hyphen produces a recognized English or medical word.,PENDING,
2,LAYER_2,501,2017,Pathomorphology,question,,cli-nical,1,clinical,SAFE,BROKEN_WORD_HYPHENATION,HIGH,Removing the hyphen produces a recognized English or medical word.,PENDING,
2,LAYER_2,501,2017,Pathomorphology,question,,ri-ght,1,right,SAFE,BROKEN_WORD_HYPHENATION,HIGH,Removing the hyphen produces a recognized English or medical word.,PENDING,
2,LAYER_2,504,2017,Pathomorphology,question,,condi-tion,1,condition,SAFE,BROKEN_WORD_HYPHENATION,HIGH,Removing the hyphen produces a recognized English or medical word.,PENDING,
2,LAYER_2,507,2017,Pathomorphology,question,,di-sorder,1,disorder,SAFE,BROKEN_WORD_HYPHENATION,HIGH,Removing the hyphen produces a recognized English or medical word.,PENDING,
2,LAYER_2,509,2017,Pathomorphology,question,,calci-nosis,1,calcinosis,SAFE,BROKEN_WORD_HYPHENATION,HIGH,Removing the hyphen produces a recognized English or medical word.,PENDING,
2,LAYER_2,509,2017,Pathomorphology,question,,whiti-sh,1,whitish,SAFE,BROKEN_WORD_HYPHENATION,HIGH,Removing the hyphen produces a recognized English or medical word.,PENDING,
2,LAYER_2,512,2017,Pathomorphology,question,,di-ffuse,1,diffuse,SAFE,BROKEN_WORD_HYPHENATION,HIGH,Removing the hyphen produces a recognized English or medical word.,PENDING,
2,LAYER_2,512,2017,Pathomorphology,question,,massi-ve,1,massive,SAFE,BROKEN_WORD_HYPHENATION,HIGH,Removing the hyphen produces a recognized English or medical word.,PENDING,
2,LAYER_2,512,2017,Pathomorphology,question,,hyperli-pidemia,1,hyperlipidemia,SAFE,BROKEN_WORD_HYPHENATION,HIGH,Removing the hyphen produces a recognized English or medical word.,PENDING,
2,LAYER_2,513,2017,Pathomorphology,question,,concomi-tant,1,concomitant,SAFE,BROKEN_WORD_HYPHENATION,HIGH,Removing the hyphen produces a recognized English or medical word.,PENDING,
2,LAYER_2,515,2017,Pathomorphology,question,,followi-ng,1,following,SAFE,BROKEN_WORD_HYPHENATION,HIGH,Removing the hyphen produces a recognized English or medical word.,PENDING,
2,LAYER_2,515,2017,Pathomorphology,question,,wi-th,1,with,SAFE,BROKEN_WORD_HYPHENATION,HIGH,Removing the hyphen produces a recognized English or medical word.,PENDING,
2,LAYER_2,516,2017,Pathomorphology,question,,followi-ng,1,following,SAFE,BROKEN_WORD_HYPHENATION,HIGH,Removing the hyphen produces a recognized English or medical word.,PENDING,
2,LAYER_2,516,2017,Pathomorphology,question,,disi-ntegration,1,disintegration,SAFE,BROKEN_WORD_HYPHENATION,HIGH,Removing the hyphen produces a recognized English or medical word.,PENDING,
2,LAYER_2,517,2017,Pathomorphology,question,,recei-ved,1,received,SAFE,BROKEN_WORD_HYPHENATION,HIGH,Removing the hyphen produces a recognized English or medical word.,PENDING,
2,LAYER_2,517,2017,Pathomorphology,question,,inflammati-on,1,inflammation,SAFE,BROKEN_WORD_HYPHENATION,HIGH,Removing the hyphen produces a recognized English or medical word.,PENDING,
2,LAYER_2,518,2017,Pathomorphology,question,,eosi-nophilic,1,eosinophilic,SAFE,BROKEN_WORD_HYPHENATION,HIGH,Removing the hyphen produces a recognized English or medical word.,PENDING,
2,LAYER_2,518,2017,Pathomorphology,question,,descri-bed,1,described,SAFE,BROKEN_WORD_HYPHENATION,HIGH,Removing the hyphen produces a recognized English or medical word.,PENDING,
2,LAYER_2,519,2017,Pathomorphology,question,,whi-ch,1,which,SAFE,BROKEN_WORD_HYPHENATION,HIGH,Removing the hyphen produces a recognized English or medical word.,PENDING,
2,LAYER_2,520,2017,Pathomorphology,question,,immunodefi-ciency,1,immunodeficiency,SAFE,BROKEN_WORD_HYPHENATION,HIGH,Removing the hyphen produces a recognized English or medical word.,PENDING,
2,LAYER_2,521,2017,Pathomorphology,question,,worki-ng,1,working,SAFE,BROKEN_WORD_HYPHENATION,HIGH,Removing the hyphen produces a recognized English or medical word.,PENDING,
2,LAYER_2,522,2017,Pathomorphology,question,,heari-ng,1,hearing,SAFE,BROKEN_WORD_HYPHENATION,HIGH,Removing the hyphen produces a recognized English or medical word.,PENDING,
2,LAYER_2,522,2017,Pathomorphology,question,,wi-th,1,with,SAFE,BROKEN_WORD_HYPHENATION,HIGH,Removing the hyphen produces a recognized English or medical word.,PENDING,
2,LAYER_2,523,2017,Pathomorphology,question,,fai-lure,1,failure,SAFE,BROKEN_WORD_HYPHENATION,HIGH,Removing the hyphen produces a recognized English or medical word.,PENDING,
2,LAYER_2,524,2017,Pathomorphology,question,,di-ameter,1,diameter,SAFE,BROKEN_WORD_HYPHENATION,HIGH,Removing the hyphen produces a recognized English or medical word.,PENDING,
2,LAYER_2,525,2017,Pathomorphology,question,,si-gnificant,1,significant,SAFE,BROKEN_WORD_HYPHENATION,HIGH,Removing the hyphen produces a recognized English or medical word.,PENDING,
2,LAYER_2,527,2017,Pathomorphology,question,,hypersensitivi-ty,1,hypersensitivity,SAFE,BROKEN_WORD_HYPHENATION,HIGH,Removing the hyphen produces a recognized English or medical word.,PENDING,
2,LAYER_2,535,2016,Pathomorphology,question,,superi-or,1,superior,SAFE,BROKEN_WORD_HYPHENATION,HIGH,Removing the hyphen produces a recognized English or medical word.,PENDING,
2,LAYER_1,536,2016,Pathomorphology,question,"A 7-year-old child has acute onset of di-sease: temperature rise up to 38o C , rhinitis, cough, lacrimation, and large-spot rash on the skin. Pharyngeal mucosa is edematous, hyperemic, with whitish spots in the buccal area. What kind of inflammation caused the changes in the buccal mucosa?",,1,,SAFE,SPACE_BEFORE_PUNCTUATION,HIGH,Whitespace found immediately before punctuation.,PENDING,
2,LAYER_2,537,2016,Pathomorphology,question,,inflammati-on,1,inflammation,SAFE,BROKEN_WORD_HYPHENATION,HIGH,Removing the hyphen produces a recognized English or medical word.,PENDING,
2,LAYER_2,540,2016,Pathomorphology,question,,proli-feration,1,proliferation,SAFE,BROKEN_WORD_HYPHENATION,HIGH,Removing the hyphen produces a recognized English or medical word.,PENDING,
2,LAYER_2,541,2016,Pathomorphology,question,,duri-ng,1,during,SAFE,BROKEN_WORD_HYPHENATION,HIGH,Removing the hyphen produces a recognized English or medical word.,PENDING,
2,LAYER_2,545,2016,Pathomorphology,question,,someti-mes,1,sometimes,SAFE,BROKEN_WORD_HYPHENATION,HIGH,Removing the hyphen produces a recognized English or medical word.,PENDING,
2,LAYER_2,546,2016,Pathomorphology,answer_2,,agammaglobuli-naemia,1,agammaglobulinaemia,SAFE,BROKEN_WORD_HYPHENATION,HIGH,Removing the hyphen produces a recognized English or medical word.,PENDING,
2,LAYER_2,546,2016,Pathomorphology,question,,immunoglobuli-ns,1,immunoglobulins,SAFE,BROKEN_WORD_HYPHENATION,HIGH,Removing the hyphen produces a recognized English or medical word.,PENDING,
2,LAYER_2,548,2016,Pathomorphology,question,,duri-ng,1,during,SAFE,BROKEN_WORD_HYPHENATION,HIGH,Removing the hyphen produces a recognized English or medical word.,PENDING,
2,LAYER_2,549,2016,Pathomorphology,question,,myocardi-um,1,myocardium,SAFE,BROKEN_WORD_HYPHENATION,HIGH,Removing the hyphen produces a recognized English or medical word.,PENDING,
2,LAYER_2,550,2016,Pathomorphology,question,,mi-nutes,1,minutes,SAFE,BROKEN_WORD_HYPHENATION,HIGH,Removing the hyphen produces a recognized English or medical word.,PENDING,
2,LAYER_2,550,2016,Pathomorphology,question,,basophi-ls,1,basophils,SAFE,BROKEN_WORD_HYPHENATION,HIGH,Removing the hyphen produces a recognized English or medical word.,PENDING,
2,LAYER_2,551,2016,Pathomorphology,question,,fai-lure,1,failure,SAFE,BROKEN_WORD_HYPHENATION,HIGH,Removing the hyphen produces a recognized English or medical word.,PENDING,
2,LAYER_2,551,2016,Pathomorphology,question,,deposi-ts,1,deposits,SAFE,BROKEN_WORD_HYPHENATION,HIGH,Removing the hyphen produces a recognized English or medical word.,PENDING,
2,LAYER_2,553,2015,Pathomorphology,question,,clini-cal,1,clinical,SAFE,BROKEN_WORD_HYPHENATION,HIGH,Removing the hyphen produces a recognized English or medical word.,PENDING,
2,LAYER_2,553,2015,Pathomorphology,question,,atypi-sm,1,atypism,SAFE,BROKEN_WORD_HYPHENATION,HIGH,Removing the hyphen produces a recognized English or medical word.,PENDING,
2,LAYER_2,553,2015,Pathomorphology,question,,histologi-cally,1,histologically,SAFE,BROKEN_WORD_HYPHENATION,HIGH,Removing the hyphen produces a recognized English or medical word.,PENDING,
2,LAYER_1,555,2015,Pathomorphology,question,"A 7-year-old child has acute onset of di-sease: temperature rise up to 38o C , rhinitis, cough, lacrimation, and large-spot rash on the skin. Pharyngeal mucosa is edematous, hyperemic, with whitish spots in the buccal area. What kind of inflammation causes the changes in the buccal mucosa?",,1,,SAFE,SPACE_BEFORE_PUNCTUATION,HIGH,Whitespace found immediately before punctuation.,PENDING,
2,LAYER_2,557,2015,Pathomorphology,question,,admini-stered,1,administered,SAFE,BROKEN_WORD_HYPHENATION,HIGH,Removing the hyphen produces a recognized English or medical word.,PENDING,
2,LAYER_1,559,2015,Pathomorphology,question,"A child is 10 years old. The followi-ng presentations have developed: sharp pain during swallowing, swollen neck, body temperature rise up to 39, 0o C , bright-red fi-nely papular rash all over the body. Pharynx and tonsils are sharply hyperemic (""flaming pharynx""), ""crimson tongue"". On the tonsi-ls surface there are isolated greyish necrosis focuses. What disease it might be?",,1,,SAFE,SPACE_BEFORE_PUNCTUATION,HIGH,Whitespace found immediately before punctuation.,PENDING,
2,LAYER_2,559,2015,Pathomorphology,question,,followi-ng,1,following,SAFE,BROKEN_WORD_HYPHENATION,HIGH,Removing the hyphen produces a recognized English or medical word.,PENDING,
2,LAYER_2,559,2015,Pathomorphology,question,,fi-nely,1,finely,SAFE,BROKEN_WORD_HYPHENATION,HIGH,Removing the hyphen produces a recognized English or medical word.,PENDING,
2,LAYER_2,559,2015,Pathomorphology,question,,tonsi-ls,1,tonsils,SAFE,BROKEN_WORD_HYPHENATION,HIGH,Removing the hyphen produces a recognized English or medical word.,PENDING,
2,LAYER_2,561,2015,Pathomorphology,question,,peri-toneal,1,peritoneal,SAFE,BROKEN_WORD_HYPHENATION,HIGH,Removing the hyphen produces a recognized English or medical word.,PENDING,
2,LAYER_2,566,2015,Pathomorphology,question,,drasti-cally,1,drastically,SAFE,BROKEN_WORD_HYPHENATION,HIGH,Removing the hyphen produces a recognized English or medical word.,PENDING,
2,LAYER_2,566,2015,Pathomorphology,question,,congesti-on,1,congestion,SAFE,BROKEN_WORD_HYPHENATION,HIGH,Removing the hyphen produces a recognized English or medical word.,PENDING,
2,LAYER_2,568,2015,Pathomorphology,question,,Hi-stological,1,histological,SAFE,BROKEN_WORD_HYPHENATION,HIGH,Removing the hyphen produces a recognized English or medical word.,PENDING,
2,LAYER_2,568,2015,Pathomorphology,question,,posi-tive,1,positive,SAFE,BROKEN_WORD_HYPHENATION,HIGH,Removing the hyphen produces a recognized English or medical word.,PENDING,
2,LAYER_2,569,2015,Pathomorphology,question,,intersti-tial,1,interstitial,SAFE,BROKEN_WORD_HYPHENATION,HIGH,Removing the hyphen produces a recognized English or medical word.,PENDING,
2,LAYER_2,569,2015,Pathomorphology,question,,inclusi-ons,1,inclusions,SAFE,BROKEN_WORD_HYPHENATION,HIGH,Removing the hyphen produces a recognized English or medical word.,PENDING,
2,LAYER_2,57,2017,Pathophysiology,question,,si-gns,1,signs,SAFE,BROKEN_WORD_HYPHENATION,HIGH,Removing the hyphen produces a recognized English or medical word.,PENDING,
2,LAYER_1,571,2015,Pathomorphology,answer_1,B 12-deficiency anemia,,1,,SAFE,B12_SPACING,HIGH,Vitamin B12 appears split by OCR spacing.,PENDING,
2,LAYER_2,572,2015,Pathomorphology,question,,di-abetes,1,diabetes,SAFE,BROKEN_WORD_HYPHENATION,HIGH,Removing the hyphen produces a recognized English or medical word.,PENDING,
2,LAYER_2,574,2015,Pathomorphology,question,,osteomyeli-tis,1,osteomyelitis,SAFE,BROKEN_WORD_HYPHENATION,HIGH,Removing the hyphen produces a recognized English or medical word.,PENDING,
2,LAYER_2,574,2015,Pathomorphology,question,,fai-lure,1,failure,SAFE,BROKEN_WORD_HYPHENATION,HIGH,Removing the hyphen produces a recognized English or medical word.,PENDING,
2,LAYER_1,575,2015,Pathomorphology,question,"A 9-year-old boy has acute onset of di-sease: sore throat, body temperature rise up to 39, 5o C ; on the second day diffuse skin rash was detected all over his skin exept for nasolabial triangle. On examination of oral cavity: crimson tongue, ""flaming pharynx"", necrotic tonsillitis. What diagnosis is the most likely?",,1,,SAFE,SPACE_BEFORE_PUNCTUATION,HIGH,Whitespace found immediately before punctuation.,PENDING,
2,LAYER_2,576,2015,Pathomorphology,question,,joi-nt,1,joint,SAFE,BROKEN_WORD_HYPHENATION,HIGH,Removing the hyphen produces a recognized English or medical word.,PENDING,
2,LAYER_2,58,2017,Pathophysiology,question,,eosi-nophils,1,eosinophils,SAFE,BROKEN_WORD_HYPHENATION,HIGH,Removing the hyphen produces a recognized English or medical word.,PENDING,
2,LAYER_1,584,2014,Pathomorphology,question,"A 10-year-old child has painful swallowing, neck edema, temperature rise up to 39, 0o C , the whole body is covered with bright-red petechial rash. Back of the throat and tonsils are hyperemic, the tongue is crimson-colored. Tonsillar surface is covered with isolated grayish-colored necrosis nidi. What disease is it?",,1,,SAFE,SPACE_BEFORE_PUNCTUATION,HIGH,Whitespace found immediately before punctuation.,PENDING,
2,LAYER_1,59,2017,Pathophysiology,answer_3,B 12-deficiency,,1,,SAFE,B12_SPACING,HIGH,Vitamin B12 appears split by OCR spacing.,PENDING,
2,LAYER_2,64,2017,Pathophysiology,question,,periodi-cal,1,periodical,SAFE,BROKEN_WORD_HYPHENATION,HIGH,Removing the hyphen produces a recognized English or medical word.,PENDING,
2,LAYER_2,64,2017,Pathophysiology,question,,contracti-ons,1,contractions,SAFE,BROKEN_WORD_HYPHENATION,HIGH,Removing the hyphen produces a recognized English or medical word.,PENDING,
2,LAYER_2,65,2017,Pathophysiology,question,,vomiti-ng,1,vomiting,SAFE,BROKEN_WORD_HYPHENATION,HIGH,Removing the hyphen produces a recognized English or medical word.,PENDING,
2,LAYER_2,70,2016,Pathophysiology,question,,hi-gh,1,high,SAFE,BROKEN_WORD_HYPHENATION,HIGH,Removing the hyphen produces a recognized English or medical word.,PENDING,
2,LAYER_2,70,2016,Pathophysiology,question,,exami-nation,1,examination,SAFE,BROKEN_WORD_HYPHENATION,HIGH,Removing the hyphen produces a recognized English or medical word.,PENDING,
2,LAYER_2,70,2016,Pathophysiology,question,,voli-tional,1,volitional,SAFE,BROKEN_WORD_HYPHENATION,HIGH,Removing the hyphen produces a recognized English or medical word.,PENDING,
2,LAYER_1,701,2008,Pathomorphology,question,"A 17 year old boy fell seriously ill, the body temperature rose up to 38, 5o C , there appeared cough, rhinitis, lacrimation, nasal discharges. What inflammation is it?",,1,,SAFE,SPACE_BEFORE_PUNCTUATION,HIGH,Whitespace found immediately before punctuation.,PENDING,
2,LAYER_1,714,2008,Pathomorphology,question,For the purpose of myocardium infarction treatment a patient was injected with embryonal stem cells derived from this very patient by means of therapeutic cloning . What transplantation type is it?,,1,,SAFE,SPACE_BEFORE_PUNCTUATION,HIGH,Whitespace found immediately before punctuation.,PENDING,
2,LAYER_1,729,2007,Pathomorphology,answer_4,B 12-folate-deficiency anemia,,1,,SAFE,B12_SPACING,HIGH,Vitamin B12 appears split by OCR spacing.,PENDING,
2,LAYER_2,74,2016,Pathophysiology,question,,nephri-tic,1,nephritic,SAFE,BROKEN_WORD_HYPHENATION,HIGH,Removing the hyphen produces a recognized English or medical word.,PENDING,
2,LAYER_2,74,2016,Pathophysiology,question,,cyli-ndruria,1,cylindruria,SAFE,BROKEN_WORD_HYPHENATION,HIGH,Removing the hyphen produces a recognized English or medical word.,PENDING,
2,LAYER_2,74,2016,Pathophysiology,question,,tonsilli-tis,1,tonsillitis,SAFE,BROKEN_WORD_HYPHENATION,HIGH,Removing the hyphen produces a recognized English or medical word.,PENDING,
2,LAYER_2,77,2016,Pathophysiology,question,,ori-entation,1,orientation,SAFE,BROKEN_WORD_HYPHENATION,HIGH,Removing the hyphen produces a recognized English or medical word.,PENDING,
2,LAYER_2,789,2018,Pathomorphology,question,,characteri-zed,1,characterized,SAFE,BROKEN_WORD_HYPHENATION,HIGH,Removing the hyphen produces a recognized English or medical word.,PENDING,
2,LAYER_2,79,2016,Pathophysiology,question,,suppressi-on,1,suppression,SAFE,BROKEN_WORD_HYPHENATION,HIGH,Removing the hyphen produces a recognized English or medical word.,PENDING,
2,LAYER_2,865,2017,Normal Phisiology,question,,impai-red,1,impaired,SAFE,BROKEN_WORD_HYPHENATION,HIGH,Removing the hyphen produces a recognized English or medical word.,PENDING,
2,LAYER_2,868,2017,Normal Phisiology,question,,cardi-ac,1,cardiac,SAFE,BROKEN_WORD_HYPHENATION,HIGH,Removing the hyphen produces a recognized English or medical word.,PENDING,
2,LAYER_2,868,2017,Normal Phisiology,question,,automati-cally,1,automatically,SAFE,BROKEN_WORD_HYPHENATION,HIGH,Removing the hyphen produces a recognized English or medical word.,PENDING,
2,LAYER_2,869,2017,Normal Phisiology,question,,fi-ltration,1,filtration,SAFE,BROKEN_WORD_HYPHENATION,HIGH,Removing the hyphen produces a recognized English or medical word.,PENDING,
2,LAYER_2,873,2017,Normal Phisiology,question,,contracti-on,1,contraction,SAFE,BROKEN_WORD_HYPHENATION,HIGH,Removing the hyphen produces a recognized English or medical word.,PENDING,
2,LAYER_2,875,2017,Normal Phisiology,question,,primari-ly,1,primarily,SAFE,BROKEN_WORD_HYPHENATION,HIGH,Removing the hyphen produces a recognized English or medical word.,PENDING,
2,LAYER_2,884,2017,Normal Phisiology,question,,si-gns,1,signs,SAFE,BROKEN_WORD_HYPHENATION,HIGH,Removing the hyphen produces a recognized English or medical word.,PENDING,
2,LAYER_2,889,2017,Normal Phisiology,question,,reacti-on,1,reaction,SAFE,BROKEN_WORD_HYPHENATION,HIGH,Removing the hyphen produces a recognized English or medical word.,PENDING,
2,LAYER_2,894,2016,Normal Phisiology,question,,ori-entation,1,orientation,SAFE,BROKEN_WORD_HYPHENATION,HIGH,Removing the hyphen produces a recognized English or medical word.,PENDING,
2,LAYER_2,90,2016,Pathophysiology,question,,wi-th,1,with,SAFE,BROKEN_WORD_HYPHENATION,HIGH,Removing the hyphen produces a recognized English or medical word.,PENDING,
2,LAYER_2,91,2016,Pathophysiology,question,,cli-mber,1,climber,SAFE,BROKEN_WORD_HYPHENATION,HIGH,Removing the hyphen produces a recognized English or medical word.,PENDING,
2,LAYER_2,911,2015,Normal Phisiology,question,,audi-tory,1,auditory,SAFE,BROKEN_WORD_HYPHENATION,HIGH,Removing the hyphen produces a recognized English or medical word.,PENDING,
2,LAYER_2,914,2015,Normal Phisiology,question,,calori-metry,1,calorimetry,SAFE,BROKEN_WORD_HYPHENATION,HIGH,Removing the hyphen produces a recognized English or medical word.,PENDING,
2,LAYER_2,915,2015,Normal Phisiology,question,,di-srupted,1,disrupted,SAFE,BROKEN_WORD_HYPHENATION,HIGH,Removing the hyphen produces a recognized English or medical word.,PENDING,
2,LAYER_2,92,2016,Pathophysiology,question,,hospi-talized,1,hospitalized,SAFE,BROKEN_WORD_HYPHENATION,HIGH,Removing the hyphen produces a recognized English or medical word.,PENDING,
2,LAYER_2,92,2016,Pathophysiology,question,,sti-muli,1,stimuli,SAFE,BROKEN_WORD_HYPHENATION,HIGH,Removing the hyphen produces a recognized English or medical word.,PENDING,
2,LAYER_2,922,2015,Normal Phisiology,question,,soluti-ons,1,solutions,SAFE,BROKEN_WORD_HYPHENATION,HIGH,Removing the hyphen produces a recognized English or medical word.,PENDING,
2,LAYER_2,925,2015,Normal Phisiology,question,,fi-ber,1,fiber,SAFE,BROKEN_WORD_HYPHENATION,HIGH,Removing the hyphen produces a recognized English or medical word.,PENDING,
2,LAYER_2,927,2015,Normal Phisiology,question,,positi-ve,1,positive,SAFE,BROKEN_WORD_HYPHENATION,HIGH,Removing the hyphen produces a recognized English or medical word.,PENDING,
2,LAYER_2,929,2015,Normal Phisiology,question,,Examinati-on,1,examination,SAFE,BROKEN_WORD_HYPHENATION,HIGH,Removing the hyphen produces a recognized English or medical word.,PENDING,
2,LAYER_1,955,2013,Normal Phisiology,question,The temperature in a production room is 36o C . Relative air humidity is 80%. Under these conditions the human body transfers heat mainly through:,,1,,SAFE,SPACE_BEFORE_PUNCTUATION,HIGH,Whitespace found immediately before punctuation.,PENDING,
2,LAYER_2,975,2012,Normal Phisiology,question,,gastroi-ntestinal,1,gastrointestinal,SAFE,BROKEN_WORD_HYPHENATION,HIGH,Removing the hyphen produces a recognized English or medical word.,PENDING,
2,LAYER_1,98,2016,Pathophysiology,answer_3,B 12-deficiency,,1,,SAFE,B12_SPACING,HIGH,Vitamin B12 appears split by OCR spacing.,PENDING,
2,LAYER_2,99,2016,Pathophysiology,question,,cardi-ac,1,cardiac,SAFE,BROKEN_WORD_HYPHENATION,HIGH,Removing the hyphen produces a recognized English or medical word.,PENDING,
3,LAYER_2,100,2016,Pathophysiology,topic,,water-electrolite,3,water-electrolyte,LIKELY_TYPO,KNOWN_LEXICAL_DECISION,HIGH,Probable spelling error,PENDING,
3,LAYER_2,1166,2020,Normal Phisiology,topic,,Digestesion,4,digestion,LIKELY_TYPO,KNOWN_LEXICAL_DECISION,HIGH,High-confidence lexical/OCR correction candidate; verify before applying.,PENDING,
3,LAYER_2,1363,2011,Microbiology,topic,,Cloctridia,3,clostridia,LIKELY_TYPO,KNOWN_LEXICAL_DECISION,HIGH,High-confidence lexical/OCR correction candidate; verify before applying.,PENDING,
3,LAYER_2,147,2014,Pathophysiology,question,,dramaic,1,dramatic,LIKELY_TYPO,KNOWN_LEXICAL_DECISION,HIGH,Probable spelling error,PENDING,
3,LAYER_2,151,2014,Pathophysiology,topic,,acid-bace,2,acid-base,LIKELY_TYPO,KNOWN_LEXICAL_DECISION,HIGH,Probable spelling error,PENDING,
3,LAYER_2,18,2023,Pathophysiology,answer_4,,hematopietic,2,hematopoietic,LIKELY_TYPO,KNOWN_LEXICAL_DECISION,HIGH,Probable spelling error,PENDING,
3,LAYER_2,202,2012,Pathophysiology,answer_5,,oxygenConsumption,1,oxygen consumption,LIKELY_TYPO,KNOWN_LEXICAL_DECISION,HIGH,Probable missing-space artifact,PENDING,
3,LAYER_2,226,2011,Pathophysiology,answer_4,,filtartion,4,filtration,LIKELY_TYPO,KNOWN_LEXICAL_DECISION,HIGH,Probable spelling error,PENDING,
3,LAYER_2,241,2011,Pathophysiology,answer_5,,pumbing,4,pumping,LIKELY_TYPO,KNOWN_LEXICAL_DECISION,HIGH,Probable spelling error,PENDING,
3,LAYER_2,2460,2023,Biochemistry,topic,,Catabolim,7,catabolism,LIKELY_TYPO,KNOWN_LEXICAL_DECISION,HIGH,High-confidence lexical/OCR correction candidate; verify before applying.,PENDING,
3,LAYER_2,2496,2017,Biochemistry,topic,,coversion,10,conversion,LIKELY_TYPO,KNOWN_LEXICAL_DECISION,HIGH,High-confidence lexical/OCR correction candidate; verify before applying.,PENDING,
3,LAYER_2,273,2008,Pathophysiology,answer_3,,tripsin,5,trypsin,LIKELY_TYPO,KNOWN_LEXICAL_DECISION,HIGH,Probable spelling error,PENDING,
3,LAYER_2,290,2008,Pathophysiology,topic,,thermoragulation,1,thermoregulation,LIKELY_TYPO,KNOWN_LEXICAL_DECISION,HIGH,Probable spelling error,PENDING,
3,LAYER_2,296,2008,Pathophysiology,question,,expiremental,2,experimental,LIKELY_TYPO,KNOWN_LEXICAL_DECISION,HIGH,Probable spelling error,PENDING,
3,LAYER_2,308,2008,Pathophysiology,answer_4,,Chemotrypsin,2,chymotrypsin,LIKELY_TYPO,KNOWN_LEXICAL_DECISION,HIGH,Probable spelling/OCR error,PENDING,
3,LAYER_2,322,2007,Pathophysiology,question,,quanity,1,quantity,LIKELY_TYPO,KNOWN_LEXICAL_DECISION,HIGH,Probable spelling/OCR error,PENDING,
3,LAYER_2,323,2007,Pathophysiology,question,,infiltrationand,3,infiltration and,LIKELY_TYPO,KNOWN_LEXICAL_DECISION,HIGH,Probable missing-space artifact,PENDING,
3,LAYER_2,337,2007,Pathophysiology,topic,,immmunity,1,immunity,LIKELY_TYPO,KNOWN_LEXICAL_DECISION,HIGH,Probable spelling/OCR error,PENDING,
3,LAYER_2,338,2007,Pathophysiology,question,,penomenon,1,phenomenon,LIKELY_TYPO,KNOWN_LEXICAL_DECISION,HIGH,Probable spelling/OCR error,PENDING,
3,LAYER_2,341,2010,Pathophysiology,answer_5,,hypoploasia,1,hypoplasia,LIKELY_TYPO,KNOWN_LEXICAL_DECISION,HIGH,Probable spelling/OCR error,PENDING,
3,LAYER_2,343,2010,Pathophysiology,question,,stumulate,2,stimulate,LIKELY_TYPO,KNOWN_LEXICAL_DECISION,HIGH,Probable spelling/OCR error,PENDING,
3,LAYER_2,352,2010,Pathophysiology,question,,sromach,2,stomach,LIKELY_TYPO,KNOWN_LEXICAL_DECISION,HIGH,Probable spelling/OCR error,PENDING,
3,LAYER_2,355,2010,Pathophysiology,question,,induvidual,1,individual,LIKELY_TYPO,KNOWN_LEXICAL_DECISION,HIGH,Probable spelling/OCR error,PENDING,
3,LAYER_2,427,2020,Pathophysiology,answer_5,,rcabsorption,4,reabsorption,LIKELY_TYPO,KNOWN_LEXICAL_DECISION,HIGH,Probable spelling/OCR error,PENDING,
3,LAYER_2,43,2017,Pathophysiology,question,,develoment,3,development,LIKELY_TYPO,KNOWN_LEXICAL_DECISION,HIGH,Probable spelling error,PENDING,
3,LAYER_2,462,2021,Pathophysiology,answer_2,,Peripherial,2,peripheral,LIKELY_TYPO,KNOWN_LEXICAL_DECISION,HIGH,Probable spelling/OCR error,PENDING,
3,LAYER_2,47,2017,Pathophysiology,question,,miocardial,3,myocardial,LIKELY_TYPO,KNOWN_LEXICAL_DECISION,HIGH,Probable spelling error,PENDING,
3,LAYER_2,478,2023,Pathomorphology,topic,,nflammation,2,inflammation,LIKELY_TYPO,KNOWN_LEXICAL_DECISION,HIGH,Probable spelling/OCR error,PENDING,
3,LAYER_2,486,2023,Pathomorphology,topic,,kidny,3,kidney,LIKELY_TYPO,KNOWN_LEXICAL_DECISION,HIGH,Probable spelling/OCR error,PENDING,
3,LAYER_2,488,2023,Pathomorphology,question,,-ycar-old,8,year-old,LIKELY_TYPO,KNOWN_LEXICAL_DECISION,HIGH,Probable spelling/OCR error,PENDING,
3,LAYER_2,491,2023,Pathomorphology,question,,inlerphalangeal,2,interphalangeal,LIKELY_TYPO,KNOWN_LEXICAL_DECISION,HIGH,Probable spelling/OCR error,PENDING,
3,LAYER_2,496,2023,Pathomorphology,topic,,pathjlogy,1,pathology,LIKELY_TYPO,KNOWN_LEXICAL_DECISION,HIGH,Probable spelling/OCR error,PENDING,
3,LAYER_2,52,2017,Pathophysiology,question,,responce,1,response,LIKELY_TYPO,KNOWN_LEXICAL_DECISION,HIGH,Probable spelling error,PENDING,
3,LAYER_2,65,2017,Pathophysiology,topic,,respiratoty,1,respiratory,LIKELY_TYPO,KNOWN_LEXICAL_DECISION,HIGH,Probable spelling error,PENDING,
3,LAYER_2,68,2016,Pathophysiology,answer_2,,conten,4,content,LIKELY_TYPO,KNOWN_LEXICAL_DECISION,HIGH,Missing final t,PENDING,
3,LAYER_2,7,2023,Pathophysiology,answer_3,,bilrubin,3,bilirubin,LIKELY_TYPO,KNOWN_LEXICAL_DECISION,HIGH,Probable spelling error,PENDING,
3,LAYER_2,707,2008,Pathomorphology,answer_3,,Microbal,4,microbial,LIKELY_TYPO,KNOWN_LEXICAL_DECISION,HIGH,High-confidence lexical/OCR correction candidate; verify before applying.,PENDING,
3,LAYER_2,71,2016,Pathophysiology,question,,extremitis,3,extremities,LIKELY_TYPO,KNOWN_LEXICAL_DECISION,HIGH,Probable spelling error,PENDING,
3,LAYER_2,79,2016,Pathophysiology,question,,uconscious,2,unconscious,LIKELY_TYPO,KNOWN_LEXICAL_DECISION,HIGH,Probable spelling error,PENDING,
3,LAYER_2,82,2016,Pathophysiology,question,,mechamisms,2,mechanisms,LIKELY_TYPO,KNOWN_LEXICAL_DECISION,HIGH,Probable spelling error,PENDING,
3,LAYER_2,85,2016,Pathophysiology,question,,greately,2,greatly,LIKELY_TYPO,KNOWN_LEXICAL_DECISION,HIGH,Probable spelling error,PENDING,
3,LAYER_2,893,2016,Normal Phisiology,answer_4,,Tgyroxin,3,thyroxin,LIKELY_TYPO,KNOWN_LEXICAL_DECISION,HIGH,High-confidence lexical/OCR correction candidate; verify before applying.,PENDING,
4,LAYER_1,100,2016,Pathophysiology,question,"30 minutes after drinking mango juice a child suddenly developed a local swelli-ng in the area of the soft palate, which impeded swallowing and, eventually, respi-ration. Mucosa of the swollen area was hyperemic and painless. Blood test revealed moderate eosinophilia. Body temperature was normal. Anamnesis states that the elder sister of the child has been suffering from bronchial asthma attacks. What kind of edema has developed in the child?",swelli-ng,1,,REVIEW,POSSIBLE_BROKEN_WORD,MEDIUM,Likely OCR/PDF word split detected. Manual review required.,PENDING,
4,LAYER_1,1012,2011,Normal Phisiology,answer_4,Increase of the filtartion quotient,filtartion,1,filtration,REVIEW,KNOWN_LEXICAL_TYPO,HIGH,Known lexical anomaly identified during manual validation.,PENDING,
4,LAYER_1,1026,2011,Normal Phisiology,answer_5,Weakening of the pumbing ability of heart,pumbing,1,pumping,REVIEW,KNOWN_LEXICAL_TYPO,HIGH,Known lexical anomaly identified during manual validation.,PENDING,
4,LAYER_1,1033,2009,Normal Phisiology,answer_2,InsufFIcient FIbrin production,InsufFIcient,1,,REVIEW,OCR_CASE_CORRUPTION,HIGH,Suspicious uppercase sequence inside a word; possible PDF/OCR corruption.,PENDING,
4,LAYER_1,1038,2009,Normal Phisiology,answer_1,N a +,,1,,REVIEW,SCIENTIFIC_NOTATION,MEDIUM,Possible OCR spacing problem in medical/scientific notation.,PENDING,
4,LAYER_1,104,2015,Pathophysiology,question,"Several minutes after a dentist admini-stered novocaine for local anaesthesia of a patient’s tooth, the following symptoms sharply developed in the patient: fatigue, skin itching. Objectively the following can be observed: skin hyperemia, tachycardia, BP dropped down to 70/40 mm Hg. What kind of allergic reaction is this pathology?",admini-stered,1,,REVIEW,POSSIBLE_BROKEN_WORD,HIGH,Known OCR/PDF hyphenation pattern detected.,PENDING,
4,LAYER_1,1040,2009,Normal Phisiology,answer_4,Increase of the FIltartion quotient,FIltartion,1,filtration,REVIEW,KNOWN_LEXICAL_TYPO,HIGH,Known lexical anomaly identified during manual validation.,PENDING,
4,LAYER_1,1040,2009,Normal Phisiology,answer_5,Increase of the renal blood ßow,ß,1,,REVIEW,OCR_CHARACTER_CORRUPTION,HIGH,Suspicious OCR character detected.,PENDING,
4,LAYER_1,1043,2009,Normal Phisiology,answer_1,From the intercellular ßuid to the capillaries,ß,1,,REVIEW,OCR_CHARACTER_CORRUPTION,HIGH,Suspicious OCR character detected.,PENDING,
4,LAYER_1,1043,2009,Normal Phisiology,answer_2,From the intercellular ßuid to the cells,ß,1,,REVIEW,OCR_CHARACTER_CORRUPTION,HIGH,Suspicious OCR character detected.,PENDING,
4,LAYER_1,1043,2009,Normal Phisiology,answer_3,From the cells to the intercellular ßuid,ß,1,,REVIEW,OCR_CHARACTER_CORRUPTION,HIGH,Suspicious OCR character detected.,PENDING,
4,LAYER_1,1043,2009,Normal Phisiology,answer_4,From the capillaries to the intercellular ßuid,ß,1,,REVIEW,OCR_CHARACTER_CORRUPTION,HIGH,Suspicious OCR character detected.,PENDING,
4,LAYER_1,1043,2009,Normal Phisiology,question,After a surgery a 36-year-old woman was given an intravenous injection of concentrated albumin solution. This has induced intensiFIed water movement in the following direction:,intensiFIed,1,,REVIEW,OCR_CASE_CORRUPTION,HIGH,Suspicious uppercase sequence inside a word; possible PDF/OCR corruption.,PENDING,
4,LAYER_1,1044,2009,Normal Phisiology,question,"While determining power inputs of a patient’s organism it was established that the respiratory coefFIcient equaled 1,0. This means that in the cells of the patient the following substances are mainly oxidized:",coefFIcient,1,,REVIEW,OCR_CASE_CORRUPTION,HIGH,Suspicious uppercase sequence inside a word; possible PDF/OCR corruption.,PENDING,
4,LAYER_1,1046,2009,Normal Phisiology,question,An experimental animal has lost orientative reßexes as a result of destruction of certain brainstem structures. What structures had been destroyed?,ß,1,,REVIEW,OCR_CHARACTER_CORRUPTION,HIGH,Suspicious OCR character detected.,PENDING,
4,LAYER_1,1050,2009,Normal Phisiology,question,A 32-year-old patient consulted a doctor about the absence of lactation after parturition. Such disorder might be explained by the deFIcit of the following hormone:,deFIcit,1,,REVIEW,OCR_CASE_CORRUPTION,HIGH,Suspicious uppercase sequence inside a word; possible PDF/OCR corruption.,PENDING,
4,LAYER_1,1051,2009,Normal Phisiology,question,During an experiment the myotatic reßex has been studied in frogs. After extension in a skeletal muscle its reßectory contraction was absent. The reason for it might be a dysfunction of the following receptors:,ß,1,,REVIEW,OCR_CHARACTER_CORRUPTION,HIGH,Suspicious OCR character detected.,PENDING,
4,LAYER_1,1053,2009,Normal Phisiology,answer_5,Weakening of the pumbing ability of heart,pumbing,1,pumping,REVIEW,KNOWN_LEXICAL_TYPO,HIGH,Known lexical anomaly identified during manual validation.,PENDING,
4,LAYER_1,1053,2009,Normal Phisiology,question,In response to a change in body position from horizontal to vertical blood circulation system develops reßectory pressor reaction. Which of the following is its compulsory component?,ß,1,,REVIEW,OCR_CHARACTER_CORRUPTION,HIGH,Suspicious OCR character detected.,PENDING,
4,LAYER_1,1054,2009,Normal Phisiology,question,"A patient suffers from the haemorrhagic syndrome that shows itself in frequent nasal bleedings, posttraumatic and spontaneous intracutaneous and intraarticular haemorrhages. After a laboratory study a patient was diagnosed with the type B haemophilia. This disease is provoked by the deFIcit of the following factor of blood coagulation:",deFIcit,1,,REVIEW,OCR_CASE_CORRUPTION,HIGH,Suspicious uppercase sequence inside a word; possible PDF/OCR corruption.,PENDING,
4,LAYER_1,1066,2008,Normal Phisiology,answer_2,Reduced tubular reabsorption of N a ions,,1,,REVIEW,SCIENTIFIC_NOTATION,MEDIUM,Possible OCR spacing problem in medical/scientific notation.,PENDING,
4,LAYER_1,1085,2007,Normal Phisiology,question,Examination of a 43 y.o. patient revealed that his stomach has difficulties with digestion of protein food. Gastric juice analysis revealed low acidity. Function of which gastric cells is disturbed in this case?,,1,,REVIEW,MISSING_SPACE_AFTER_PUNCTUATION,MEDIUM,May be punctuation followed by missing whitespace.,PENDING,
4,LAYER_1,1086,2007,Normal Phisiology,question,A 2 y.o. child has convulsions as a result of lowered concentration of calcium ions in blood plasma. It is caused by reduced,,1,,REVIEW,MISSING_SPACE_AFTER_PUNCTUATION,MEDIUM,May be punctuation followed by missing whitespace.,PENDING,
4,LAYER_1,1088,2007,Normal Phisiology,question,"Parents of a 10 y.o. boy consulted a doctor about extension of hair-covering, growth of beard and moustache, low voice. Intensified secretion of which hormone must be assumed?",,1,,REVIEW,MISSING_SPACE_AFTER_PUNCTUATION,MEDIUM,May be punctuation followed by missing whitespace.,PENDING,
4,LAYER_1,1093,2007,Normal Phisiology,question,As a result of spinalcord trauma a 33 y.o. man has a disturbed pain and temperature sensitivity that is caused by damage of the following tract:,,1,,REVIEW,MISSING_SPACE_AFTER_PUNCTUATION,MEDIUM,May be punctuation followed by missing whitespace.,PENDING,
4,LAYER_1,1103,2010,Normal Phisiology,question,Atria of an experimental animal were superdistended by blood that resulted in decreased reabsorption of N a + and water in renal tubules. This can be explained by the influence of the following factor upon kidneys:,,1,,REVIEW,SCIENTIFIC_NOTATION,MEDIUM,Possible OCR spacing problem in medical/scientific notation.,PENDING,
4,LAYER_1,1122,2018,Normal Phisiology,question,"Atria of a test animal were superdistended with blood, which resulted in decreased reabsorption of N a + and water in renal tubules. This can be explained by the effect of the following factor on the kidneys:",,1,,REVIEW,SCIENTIFIC_NOTATION,MEDIUM,Possible OCR spacing problem in medical/scientific notation.,PENDING,
4,LAYER_1,1126,2018,Normal Phisiology,question,A 25-year-old woman at her third pregnancy with impending miscarriage was brought to the hospital. What combination of Rh- factor of the mother and the fetus can be the cause of this condition?,,1,,REVIEW,BROKEN_WORD_WITH_SPACE,MEDIUM,Possible word split by PDF/OCR line wrapping; may also be legitimate hyphenation and requires review.,PENDING,
4,LAYER_1,1146,2019,Normal Phisiology,question,I.M. Siechenov has proven that a tired limb restores its working capacity faster if during its period of rest another limb works. It became a basis for the concept of:,,1,,REVIEW,MISSING_SPACE_AFTER_PUNCTUATION,MEDIUM,May be punctuation followed by missing whitespace.,PENDING,
4,LAYER_1,1153,2019,Normal Phisiology,question,КCl concentration in a solution that surrounds an isolated cell was increased. How will resting membrane potential (RMP) and cell excitability change in this case?,КCl,1,,REVIEW,CYRILLIC_CONFUSABLE,HIGH,Mixed Latin/Cyrillic token detected; possible visually confusable OCR character.,PENDING,
4,LAYER_1,1189,2021,Normal Phisiology,question,1. ECG of a man shows an increased duration.of-the QT interval. It mayFe due to a decrease in the speed of the following in the ventncles,,1,,REVIEW,MISSING_SPACE_AFTER_PUNCTUATION,MEDIUM,May be punctuation followed by missing whitespace.,PENDING,
4,LAYER_1,1195,2021,Normal Phisiology,question,The dorsal root.ofthe spinalnerveof a test animal was severed. What changeswill occur in the innervation area?,,1,,REVIEW,MISSING_SPACE_AFTER_PUNCTUATION,MEDIUM,May be punctuation followed by missing whitespace.,PENDING,
4,LAYER_1,1212,2021,Normal Phisiology,answer_4,Increased secretion :c me oeroids,,1,,REVIEW,MISSING_SPACE_AFTER_PUNCTUATION,MEDIUM,May be punctuation followed by missing whitespace.,PENDING,
4,LAYER_1,1224,2023,Microbiology,question,"A 43-year-old man was hospitalized with complaints of fever with chills, loss of appetite, malaise, diarrhea, and diffuse abdominal pain, observed for the last week. The fever started slowly and gradually increased to the current 39.8°C. The blood pressure is 110/70 mm Hg. Objectively, the tongue is coated, the spleen is enlarged, and there is a roseola rash on the abdomen. The Widal agglutination test to O-anligen is positive with titer of 1:200. What microorganisn is the most likely cause of the patient’s condition in this case?",,1,,REVIEW,TEMPERATURE_FORMAT,HIGH,Possible OCR corruption in temperature notation.,PENDING,
4,LAYER_1,1228,2023,Microbiology,question,"Laboratory findings of a patient diagnosed with jaundice are as follows: HBsAg-, HBeAg-, anti-HBsAg+, anti- HBsM-, HCAg+. What disease can be characterized by such laboratory findings?",,1,,REVIEW,BROKEN_WORD_WITH_SPACE,MEDIUM,Possible word split by PDF/OCR line wrapping; may also be legitimate hyphenation and requires review.,PENDING,
4,LAYER_1,1229,2023,Microbiology,question,"A certain infectious agent can damage mucosa, cause inflammation of internal organs, sepsis, provoke formation of blue- green pus, and is quite resistant to most antibiotics. What pathogen is it?",,1,,REVIEW,BROKEN_WORD_WITH_SPACE,MEDIUM,Possible word split by PDF/OCR line wrapping; may also be legitimate hyphenation and requires review.,PENDING,
4,LAYER_1,1239,2017,Microbiology,question,"During fibergastroscopy of a patient with ulcer disease of the stomach, the mucosal biopsy material is taken from the area of an ulcer. Impression smear is prepared from the biopsy material and stained by Gram method; the rest of the biopsy material is tested for urease activity. Microscopy of the impression smear revealed gram-negative spiral-shaped microorganisms, urease acti- vity test is positive. What bacteria were detected?",,1,,REVIEW,BROKEN_WORD_WITH_SPACE,MEDIUM,Possible word split by PDF/OCR line wrapping; may also be legitimate hyphenation and requires review.,PENDING,
4,LAYER_1,1241,2017,Microbiology,question,T-lymphocytes are determined to be affected with HIV. In this case viral enzyme reverse transcriptase (RNA-dependent DNA- polymerase) catalyzes the synthesis of:,,1,,REVIEW,BROKEN_WORD_WITH_SPACE,MEDIUM,Possible word split by PDF/OCR line wrapping; may also be legitimate hyphenation and requires review.,PENDING,
4,LAYER_1,1245,2017,Microbiology,topic,Immunopathology.Allergy.,,1,,REVIEW,MISSING_SPACE_AFTER_PUNCTUATION,MEDIUM,May be punctuation followed by missing whitespace.,PENDING,
4,LAYER_1,1246,2017,Microbiology,topic,Rhabdoviruses.Arboviruses.,,1,,REVIEW,MISSING_SPACE_AFTER_PUNCTUATION,MEDIUM,May be punctuation followed by missing whitespace.,PENDING,
4,LAYER_1,1247,2017,Microbiology,question,Pathologic material (mucosal excreti-on from the nasal passages) obtained from a patient provisionally diagnosed with influenza was delivered to the virological laboratory. What quick test allows detecti-ng specific viral antigen in the investigated material?,detecti-ng,1,,REVIEW,POSSIBLE_BROKEN_WORD,MEDIUM,Likely OCR/PDF word split detected. Manual review required.,PENDING,
4,LAYER_1,1249,2017,Microbiology,answer_1,Сlostridium perfringens,Сlostridium,1,,REVIEW,CYRILLIC_CONFUSABLE,HIGH,Mixed Latin/Cyrillic token detected; possible visually confusable OCR character.,PENDING,
4,LAYER_1,1252,2017,Microbiology,topic,. Immunopathology.Allergy.,,1,,REVIEW,MISSING_SPACE_AFTER_PUNCTUATION,MEDIUM,May be punctuation followed by missing whitespace.,PENDING,
4,LAYER_1,1253,2017,Microbiology,question,"Typical manifestations of food poisoni-ng caused by C. botulinum are double visi-on, abnormal functioning of the swallowing and breathing. These symptoms develop as the result of:",poisoni-ng,1,,REVIEW,POSSIBLE_BROKEN_WORD,MEDIUM,Likely OCR/PDF word split detected. Manual review required.,PENDING,
4,LAYER_1,1255,2017,Microbiology,topic,.Vibrio. Campylobacter. Helicobacter.,,1,,REVIEW,MISSING_SPACE_AFTER_PUNCTUATION,MEDIUM,May be punctuation followed by missing whitespace.,PENDING,
4,LAYER_1,1260,2017,Microbiology,topic,Immunopathology.Allergy.,,1,,REVIEW,MISSING_SPACE_AFTER_PUNCTUATION,MEDIUM,May be punctuation followed by missing whitespace.,PENDING,
4,LAYER_1,1268,2016,Microbiology,topic,Immunopathology.Allergy,,1,,REVIEW,MISSING_SPACE_AFTER_PUNCTUATION,MEDIUM,May be punctuation followed by missing whitespace.,PENDING,
4,LAYER_1,1269,2016,Microbiology,question,"A worker of an agricultural enterprise had been suffering from an acute disease with aggravating intoxication signs, which resulted in his death. On autopsy: the spleen is enlarged, flaccid, dark cherry-red in the section, yields excessive pulp scrape. Soft meninges of fornix and base of the brain are edematous and saturated with blood (”cardinal’s cap”). Microscopically: serous- hemorrhagic inflammation of meninges and cerebral tissues. Make the diagnosis:",,1,,REVIEW,BROKEN_WORD_WITH_SPACE,MEDIUM,Possible word split by PDF/OCR line wrapping; may also be legitimate hyphenation and requires review.,PENDING,
4,LAYER_1,1270,2016,Microbiology,topic,Immunopathology.Allergy,,1,,REVIEW,MISSING_SPACE_AFTER_PUNCTUATION,MEDIUM,May be punctuation followed by missing whitespace.,PENDING,
4,LAYER_1,1271,2016,Microbiology,topic,Immunopathology.Allergy,,1,,REVIEW,MISSING_SPACE_AFTER_PUNCTUATION,MEDIUM,May be punctuation followed by missing whitespace.,PENDING,
4,LAYER_1,1272,2016,Microbiology,topic,Immunopathology.Allergy,,1,,REVIEW,MISSING_SPACE_AFTER_PUNCTUATION,MEDIUM,May be punctuation followed by missing whitespace.,PENDING,
4,LAYER_1,1274,2016,Microbiology,question,A laboratory has been investigati-ng virulence of a diphtheria agent. In the process of the experiment the infection was introduced intraperitoneally into test animals. The dosage of bacteria resulting in 95% mortality of test animals was found. What unit of virulence measurement was determined?,investigati-ng,1,,REVIEW,POSSIBLE_BROKEN_WORD,MEDIUM,Likely OCR/PDF word split detected. Manual review required.,PENDING,
4,LAYER_1,1280,2016,Microbiology,question,"Impression smear of mucosa biopsy material has been obtained from a patient with peptic ulcer disease of the stomach. Gram- negative arcuate bent microorganisms were detected, urease activity test was positive. What microorganisms were detected in the patient?",,1,,REVIEW,BROKEN_WORD_WITH_SPACE,MEDIUM,Possible word split by PDF/OCR line wrapping; may also be legitimate hyphenation and requires review.,PENDING,
4,LAYER_1,1281,2016,Microbiology,topic,Immunopathology.Allergy,,1,,REVIEW,MISSING_SPACE_AFTER_PUNCTUATION,MEDIUM,May be punctuation followed by missing whitespace.,PENDING,
4,LAYER_1,1284,2015,Microbiology,topic,"Reactions of ""antigen-antibody"" (serological tests): Agglutination test (АT), precipitation test (РT).",АT,1,,REVIEW,CYRILLIC_CONFUSABLE,HIGH,Mixed Latin/Cyrillic token detected; possible visually confusable OCR character.,PENDING,
4,LAYER_1,1284,2015,Microbiology,topic,"Reactions of ""antigen-antibody"" (serological tests): Agglutination test (АT), precipitation test (РT).",РT,1,,REVIEW,CYRILLIC_CONFUSABLE,HIGH,Mixed Latin/Cyrillic token detected; possible visually confusable OCR character.,PENDING,
4,LAYER_1,1285,2015,Microbiology,topic,Immunopathology.Allergy.,,1,,REVIEW,MISSING_SPACE_AFTER_PUNCTUATION,MEDIUM,May be punctuation followed by missing whitespace.,PENDING,
4,LAYER_1,1286,2015,Microbiology,topic,Immunopathology.Allergy.,,1,,REVIEW,MISSING_SPACE_AFTER_PUNCTUATION,MEDIUM,May be punctuation followed by missing whitespace.,PENDING,
4,LAYER_1,1287,2015,Microbiology,question,"A child is 10 years old. The followi-ng presentations have developed: sharp pain during swallowing, swollen neck, body temperature rise up to 39, 0o C , bright-red finely papular rash all over the body. Pharynx and tonsils are sharply hyperemic (""flaming pharynx""), ""crimson tongue"". On the tonsi-ls surface there are isolated greyish necrosis focuses. What disease it might be?",followi-ng,1,,REVIEW,POSSIBLE_BROKEN_WORD,MEDIUM,Likely OCR/PDF word split detected. Manual review required.,PENDING,
4,LAYER_1,1289,2015,Microbiology,topic,Immunopathology.Allergy.,,1,,REVIEW,MISSING_SPACE_AFTER_PUNCTUATION,MEDIUM,May be punctuation followed by missing whitespace.,PENDING,
4,LAYER_1,1306,2014,Microbiology,question,"A 10-year-old child has painful swallowing, neck edema, temperature rise up to 39, 0o C , the whole body is covered with bright- red petechial rash. Back of the throat and tonsils are hyperemic, the tongue is crimson-colored. Tonsillar surface is covered with isolated grayish-colored necrosis nidi. What disease is it?",,1,,REVIEW,BROKEN_WORD_WITH_SPACE,MEDIUM,Possible word split by PDF/OCR line wrapping; may also be legitimate hyphenation and requires review.,PENDING,
4,LAYER_1,1309,2014,Microbiology,question,A young woman suddenly developed fever up to 39o C accompanied by a strong headache. Examination revealed marked nuchal rigidity. Spinal puncture was performed. Gram-stained smear of cerebrospinal fluid contained many neutrophils and Gram- positive diplococci. What bacteria could be the cause of this disease?,,1,,REVIEW,BROKEN_WORD_WITH_SPACE,MEDIUM,Possible word split by PDF/OCR line wrapping; may also be legitimate hyphenation and requires review.,PENDING,
4,LAYER_1,1312,2014,Microbiology,answer_4,E.coli,,1,,REVIEW,MISSING_SPACE_AFTER_PUNCTUATION,MEDIUM,May be punctuation followed by missing whitespace.,PENDING,
4,LAYER_1,1312,2014,Microbiology,answer_5,P.vulgaris,,1,,REVIEW,MISSING_SPACE_AFTER_PUNCTUATION,MEDIUM,May be punctuation followed by missing whitespace.,PENDING,
4,LAYER_1,1312,2014,Microbiology,topic,Rhabdoviruses.Arboviruses,,1,,REVIEW,MISSING_SPACE_AFTER_PUNCTUATION,MEDIUM,May be punctuation followed by missing whitespace.,PENDING,
4,LAYER_1,1314,2014,Microbiology,topic,"Reactions of ""antigen-antibody"" (serological tests): Agglutination test (АT), precipitation test (РT).",АT,1,,REVIEW,CYRILLIC_CONFUSABLE,HIGH,Mixed Latin/Cyrillic token detected; possible visually confusable OCR character.,PENDING,
4,LAYER_1,1314,2014,Microbiology,topic,"Reactions of ""antigen-antibody"" (serological tests): Agglutination test (АT), precipitation test (РT).",РT,1,,REVIEW,CYRILLIC_CONFUSABLE,HIGH,Mixed Latin/Cyrillic token detected; possible visually confusable OCR character.,PENDING,
4,LAYER_1,1315,2013,Microbiology,topic,Immunopathology.Allergy,,1,,REVIEW,MISSING_SPACE_AFTER_PUNCTUATION,MEDIUM,May be punctuation followed by missing whitespace.,PENDING,
4,LAYER_1,1319,2013,Microbiology,topic,Rhabdoviruses.Arboviruses,,1,,REVIEW,MISSING_SPACE_AFTER_PUNCTUATION,MEDIUM,May be punctuation followed by missing whitespace.,PENDING,
4,LAYER_1,1326,2013,Microbiology,topic,Immunopathology.Allergy.,,1,,REVIEW,MISSING_SPACE_AFTER_PUNCTUATION,MEDIUM,May be punctuation followed by missing whitespace.,PENDING,
4,LAYER_1,1328,2013,Microbiology,topic,Immunopathology.Allergy,,1,,REVIEW,MISSING_SPACE_AFTER_PUNCTUATION,MEDIUM,May be punctuation followed by missing whitespace.,PENDING,
4,LAYER_1,1329,2013,Microbiology,topic,Immunopathology.Allergy.,,1,,REVIEW,MISSING_SPACE_AFTER_PUNCTUATION,MEDIUM,May be punctuation followed by missing whitespace.,PENDING,
4,LAYER_1,1337,2012,Microbiology,topic,Immunopathology.Allergy,,1,,REVIEW,MISSING_SPACE_AFTER_PUNCTUATION,MEDIUM,May be punctuation followed by missing whitespace.,PENDING,
4,LAYER_1,1338,2012,Microbiology,topic,Immunopathology.Allergy,,1,,REVIEW,MISSING_SPACE_AFTER_PUNCTUATION,MEDIUM,May be punctuation followed by missing whitespace.,PENDING,
4,LAYER_1,1351,2011,Microbiology,question,During examination of a 6-year- old child a doctor revealed greyish films on the pharyngeal tonsils. Their removal provoked moderate haemorrhage. Bacterioscopy revealed gram-positive clublike bacteria. What symptoms will develop in this child within the next few days if no specific treatment is provided?,,1,,REVIEW,BROKEN_WORD_WITH_SPACE,MEDIUM,Possible word split by PDF/OCR line wrapping; may also be legitimate hyphenation and requires review.,PENDING,
4,LAYER_1,1354,2011,Microbiology,answer_1,DNA on the matrix of virus mRNA,mRNA,1,,REVIEW,OCR_CASE_CORRUPTION,HIGH,Suspicious uppercase sequence inside a word; possible PDF/OCR corruption.,PENDING,
4,LAYER_1,1354,2011,Microbiology,answer_5,mRNA on the matrix of virus protein,mRNA,1,,REVIEW,OCR_CASE_CORRUPTION,HIGH,Suspicious uppercase sequence inside a word; possible PDF/OCR corruption.,PENDING,
4,LAYER_1,1355,2011,Microbiology,topic,Cellular and humoral factors of nonspecific defense. Phagocytiс activity determination.,Phagocytiс,1,,REVIEW,CYRILLIC_CONFUSABLE,HIGH,Mixed Latin/Cyrillic token detected; possible visually confusable OCR character.,PENDING,
4,LAYER_1,1362,2011,Microbiology,topic,Rhabdoviruses.Arboviruses,,1,,REVIEW,MISSING_SPACE_AFTER_PUNCTUATION,MEDIUM,May be punctuation followed by missing whitespace.,PENDING,
4,LAYER_1,1365,2011,Microbiology,question,"After inoculation of the material obtained from the pharynx of an angina patient onto the blood-tellurite agar, grey colonies could be observed. They were 4-5 mm in diameter, radially striated (in form of rosettes). Microscopical examination revealed gram- positive bacilli with clavate swollen ends arranged in form of wide-spread fingers. Identify these microorganisms:",,1,,REVIEW,BROKEN_WORD_WITH_SPACE,MEDIUM,Possible word split by PDF/OCR line wrapping; may also be legitimate hyphenation and requires review.,PENDING,
4,LAYER_1,1367,2009,Microbiology,question,"Quite often the cause of secondary immunodeFIciency is an infection involvement, when the causative agents propagate directly in the cells of immune system and destroy it. The following diseases are characterized by:",immunodeFIciency,1,,REVIEW,OCR_CASE_CORRUPTION,HIGH,Suspicious uppercase sequence inside a word; possible PDF/OCR corruption.,PENDING,
4,LAYER_1,137,2014,Pathophysiology,question,"During an animal experiment,surgical damage of certain brain structures has caused deep prolonged sleep. What structure is most likely to cause such condition, if damaged?",,1,,REVIEW,MISSING_SPACE_AFTER_PUNCTUATION,MEDIUM,May be punctuation followed by missing whitespace.,PENDING,
4,LAYER_1,1370,2009,Microbiology,question,While examining a patient an otolaryngologist noticed hyperaemia and signiFIcantly edematous tonsils with a grayish FIlm upon them. Microscopical examination of this FIlm revealed some grampositive bacilli placed at an angle with each other. What disease might be suspected?,signiFIcantly,1,,REVIEW,OCR_CASE_CORRUPTION,HIGH,Suspicious uppercase sequence inside a word; possible PDF/OCR corruption.,PENDING,
4,LAYER_1,1374,2009,Microbiology,question,A patient with clinical presentations of immunodeFIciency has undergone immunological tests. They revealed signiFIcant decrease in number of cells that form rosettes with sheep erythrocytes. What conclusion can be drown on the ground of the analysis data?,immunodeFIciency,1,,REVIEW,OCR_CASE_CORRUPTION,HIGH,Suspicious uppercase sequence inside a word; possible PDF/OCR corruption.,PENDING,
4,LAYER_1,1374,2009,Microbiology,question,A patient with clinical presentations of immunodeFIciency has undergone immunological tests. They revealed signiFIcant decrease in number of cells that form rosettes with sheep erythrocytes. What conclusion can be drown on the ground of the analysis data?,signiFIcant,1,,REVIEW,OCR_CASE_CORRUPTION,HIGH,Suspicious uppercase sequence inside a word; possible PDF/OCR corruption.,PENDING,
4,LAYER_1,1375,2009,Microbiology,question,As a result of durative antibiotic therapy a 37-year old patient developed intestinal dysbacteriosis. What type of drugs should be used in order to normalize intestinal microßora?,ß,1,,REVIEW,OCR_CHARACTER_CORRUPTION,HIGH,Suspicious OCR character detected.,PENDING,
4,LAYER_1,1379,2008,Microbiology,topic,Cellular and humoral factors of nonspecific defense. Phagocytiс activity determination. Lysozyme determination.,Phagocytiс,1,,REVIEW,CYRILLIC_CONFUSABLE,HIGH,Mixed Latin/Cyrillic token detected; possible visually confusable OCR character.,PENDING,
4,LAYER_1,1380,2008,Microbiology,question,"Examination of a patient with pustular skin lesions allowed to isolate a causative agent that forms in the blood agar roundish yellow middle-sized colonies surrounded by haemolysis zone. Smears from the colonies contain irregularshaped clusters of gram- positive cocci. The culture is oxidase- and catalase-positive, ferments mannitol and synthesizes plasmocoagulase. What causative agent was isolated?",,1,,REVIEW,BROKEN_WORD_WITH_SPACE,MEDIUM,Possible word split by PDF/OCR line wrapping; may also be legitimate hyphenation and requires review.,PENDING,
4,LAYER_1,1391,2008,Microbiology,answer_3,E.coli,,1,,REVIEW,MISSING_SPACE_AFTER_PUNCTUATION,MEDIUM,May be punctuation followed by missing whitespace.,PENDING,
4,LAYER_1,1391,2008,Microbiology,answer_4,Str.pyogenes,,1,,REVIEW,MISSING_SPACE_AFTER_PUNCTUATION,MEDIUM,May be punctuation followed by missing whitespace.,PENDING,
4,LAYER_1,1401,2007,Microbiology,topic,Cellular and humoral factors of nonspecific defense. Phagocytiс activity determination.,Phagocytiс,1,,REVIEW,CYRILLIC_CONFUSABLE,HIGH,Mixed Latin/Cyrillic token detected; possible visually confusable OCR character.,PENDING,
4,LAYER_1,1402,2007,Microbiology,question,"A 27 y.o. patient put eye drops that contain penicillin. After a few minutes she felt itching and burning of her body, there appeared lip and eyelid edemata; arterial pressure began to drop. What immunoglobulins took part in the development of this allergic reaction?",,1,,REVIEW,MISSING_SPACE_AFTER_PUNCTUATION,MEDIUM,May be punctuation followed by missing whitespace.,PENDING,
4,LAYER_1,1411,2007,Microbiology,topic,Immunopathology.Allergy,,1,,REVIEW,MISSING_SPACE_AFTER_PUNCTUATION,MEDIUM,May be punctuation followed by missing whitespace.,PENDING,
4,LAYER_1,1414,2007,Microbiology,question,"A boy is 7 y.o. Objectively: against the background of hyperemic skin there is knobby bright-pink rash on his forehead, neck, at the bottom of abdomen, in the popliteal spaces; nasolabial triangle is pale. Examination of oropharyngeal surface revealed localized bright-red hyperemia; tonsils are swollen, soft, lacunas contain pus, tongue is crimson. Cervical lymph nodes are enlarged, dense and painful. What is the most probable diagnosis?",,1,,REVIEW,MISSING_SPACE_AFTER_PUNCTUATION,MEDIUM,May be punctuation followed by missing whitespace.,PENDING,
4,LAYER_1,1418,2010,Microbiology,question,During the repeated Widal’s agglutination test it was noticed that the ratio of antibody titers and O-antigens S.typhi in the patient’s serum had increased from 1:100 to 1:400. How would you interpret these results?,,1,,REVIEW,MISSING_SPACE_AFTER_PUNCTUATION,MEDIUM,May be punctuation followed by missing whitespace.,PENDING,
4,LAYER_1,1429,2010,Microbiology,topic,Ortho- and paramyxoviruses.,,1,,REVIEW,BROKEN_WORD_WITH_SPACE,MEDIUM,Possible word split by PDF/OCR line wrapping; may also be legitimate hyphenation and requires review.,PENDING,
4,LAYER_1,1433,2018,Microbiology,topic,Cellular and humoral factors of nonspecific defense. Phagocytiс activity determination. Lysozyme determination.,Phagocytiс,1,,REVIEW,CYRILLIC_CONFUSABLE,HIGH,Mixed Latin/Cyrillic token detected; possible visually confusable OCR character.,PENDING,
4,LAYER_1,1451,2018,Microbiology,answer_4,"Serum IgА, IgM",IgА,1,,REVIEW,CYRILLIC_CONFUSABLE,HIGH,Mixed Latin/Cyrillic token detected; possible visually confusable OCR character.,PENDING,
4,LAYER_1,1451,2018,Microbiology,answer_5,"IgЕ, IgM",IgЕ,1,,REVIEW,CYRILLIC_CONFUSABLE,HIGH,Mixed Latin/Cyrillic token detected; possible visually confusable OCR character.,PENDING,
4,LAYER_1,1457,2019,Microbiology,topic,Serological method of diagnostics. Serological tests for detection of antigens and antibodies. Serological tests for express- diagnostics. Diagnostic antigens. Diagnostic antisera.,,1,,REVIEW,BROKEN_WORD_WITH_SPACE,MEDIUM,Possible word split by PDF/OCR line wrapping; may also be legitimate hyphenation and requires review.,PENDING,
4,LAYER_1,1459,2019,Microbiology,topic,Ortho- and paramyxoviruses.,,1,,REVIEW,BROKEN_WORD_WITH_SPACE,MEDIUM,Possible word split by PDF/OCR line wrapping; may also be legitimate hyphenation and requires review.,PENDING,
4,LAYER_1,1468,2019,Microbiology,question,"A 43-year-old man seeks evaluation at an emergency department with complaints of fever with chills, malaise, diffuse abdominal pain for over a week, diarrhea and loss of appetite. He says that his symptoms are progressively getting worse. He recalls that the fever began slowly and climbed its way up stepwise to the current 39.8°C. His blood pressure is 110/70 mm Hg. A physical exam reveals a coated tongue, enlarged spleen and rose spots on the abdomen. Serologic study shows the agglutinin О titre of 1:200 by the Widal test. Which of the following is the most likely causative organism for this patient’s condition?",,1,,REVIEW,TEMPERATURE_FORMAT,HIGH,Possible OCR corruption in temperature notation.,PENDING,
4,LAYER_1,147,2014,Pathophysiology,topic,aLLERgy,aLLERgy,1,,REVIEW,OCR_CASE_CORRUPTION,HIGH,Suspicious uppercase sequence inside a word; possible PDF/OCR corruption.,PENDING,
4,LAYER_1,1477,2020,Microbiology,question,"T lymphocytes were affected by HIV In the process, viral enzyme reverse transcriptase (RNA-dependent DNA- polymerase) catalyzes the synthesis of:",,1,,REVIEW,BROKEN_WORD_WITH_SPACE,MEDIUM,Possible word split by PDF/OCR line wrapping; may also be legitimate hyphenation and requires review.,PENDING,
4,LAYER_1,1488,2021,Microbiology,question,"Exo- and endotoxins, aggression enzymes play a significant role in the pathogenesis of Cholera. Dehydration is the main syndrome of this disease. Which of the following pathogenetic effects is the main cause of dehydration?",,1,,REVIEW,BROKEN_WORD_WITH_SPACE,MEDIUM,Possible word split by PDF/OCR line wrapping; may also be legitimate hyphenation and requires review.,PENDING,
4,LAYER_1,1539,2017,Anatomy,answer_4,Сorpus luteum,Сorpus,1,,REVIEW,CYRILLIC_CONFUSABLE,HIGH,Mixed Latin/Cyrillic token detected; possible visually confusable OCR character.,PENDING,
4,LAYER_1,1539,2017,Anatomy,question,"Histological specimen of the ovary shows large hollow structures. Primary oocyte within these structures is surrounded with transparent membrane and radiati-ng crown and is situated in the cumulus oophorus , the wall is made of follicular cell layer and theca. What ovarian structure can be characterized by these morphological features?",radiati-ng,1,,REVIEW,POSSIBLE_BROKEN_WORD,MEDIUM,Likely OCR/PDF word split detected. Manual review required.,PENDING,
4,LAYER_1,1540,2017,Anatomy,question,Histological specimen demonstrates a parenchymal organ with cortical and medullary substances. The cortical substance is composed of bands of epitheli-al cells with capillary blood vessels between them. The bands form three zones. The medullary substance consists of сhromaffin cells and venous sinusoids. What organ can be characterized by these morphological features?,сhromaffin,1,,REVIEW,CYRILLIC_CONFUSABLE,HIGH,Mixed Latin/Cyrillic token detected; possible visually confusable OCR character.,PENDING,
4,LAYER_1,1546,2017,Anatomy,question,A specimen shows an organ covered wi-th connective tissue capsule with trabeculae radiating inward the organ. The organ’s cortex contains lymph nodules; there are medullary cords made of lymphoid cells. What organ is under study?,wi-th,1,,REVIEW,POSSIBLE_BROKEN_WORD,HIGH,Known OCR/PDF hyphenation pattern detected.,PENDING,
4,LAYER_1,1550,2017,Anatomy,question,A patient is diagnosed with compressi-on fracture of the lumbar vertebra. The pati-ent presents with acutely increased lumbar lordosis. What ligament was damaged in this patient resulting in such deformation of vertebral column curvature?,pati-ent,1,,REVIEW,POSSIBLE_BROKEN_WORD,MEDIUM,Likely OCR/PDF word split detected. Manual review required.,PENDING,
4,LAYER_1,1553,2017,Anatomy,question,The brain trauma unit received a pati-ent with damaged greater wing of the sphenoid bone. The fracture line crosses the spinous foramen of the sphenoid. What vessel was damaged?,pati-ent,1,,REVIEW,POSSIBLE_BROKEN_WORD,MEDIUM,Likely OCR/PDF word split detected. Manual review required.,PENDING,
4,LAYER_1,1557,2017,Anatomy,question,Due to trauma the patient presents wi-th disturbed function of the parotid gland. What nerve ensures its secretion function?,wi-th,1,,REVIEW,POSSIBLE_BROKEN_WORD,HIGH,Known OCR/PDF hyphenation pattern detected.,PENDING,
4,LAYER_1,1558,2016,Anatomy,question,"A 35-year-old man has been deli-vered into a surgical ward with a suppurati-ng wound in the neck, anterior to trachea (previsceral space). If a surgical operation is not performed urgently, there is a risk of infection spreading to:",suppurati-ng,1,,REVIEW,POSSIBLE_BROKEN_WORD,MEDIUM,Likely OCR/PDF word split detected. Manual review required.,PENDING,
4,LAYER_1,1563,2016,Anatomy,answer_4,V.cordis parva,,1,,REVIEW,MISSING_SPACE_AFTER_PUNCTUATION,MEDIUM,May be punctuation followed by missing whitespace.,PENDING,
4,LAYER_1,1569,2016,Anatomy,question,Histological specimen of a hemopoietic organ shows clusters of node- and band-shaped lymphocytes that along with stroma elements compose cortical and medullar substances. Name this organ: MSQ Крок 1 Medicine 2007-2021 - NORMAL ANATOMY,,1,,REVIEW,BROKEN_WORD_WITH_SPACE,MEDIUM,Possible word split by PDF/OCR line wrapping; may also be legitimate hyphenation and requires review.,PENDING,
4,LAYER_1,158,2013,Pathophysiology,question,Measurements of the arterial pC O 2 and pO 2 during an attack of bronchial asthma revealed hypercapnia and hypoxemia respectively. What kind of hypoxia occurred in this case?,,1,,REVIEW,GAS_NOTATION,MEDIUM,Possible OCR spacing problem in O2/CO2 notation.,PENDING,
4,LAYER_1,1580,2016,Anatomy,question,A 29-year-old man with a knife wound of the neck presents with bleeding. Duri-ng the initial d-bridement of the wound a surgeon revealed the injury of a vessel situated along the lateral edge of the sternocleidomastoid muscle. Specify this vessel: MSQ Крок 1 Medicine 2007-2021 - NORMAL ANATOMY,Duri-ng,1,,REVIEW,POSSIBLE_BROKEN_WORD,MEDIUM,Likely OCR/PDF word split detected. Manual review required.,PENDING,
4,LAYER_1,159,2013,Pathophysiology,question,"A patient with respiratory failure has blood pH of 7,35. pC O 2 test revealed hypercapnia. Urine pH test revealed an increase in the urine acidity. What form of acid-base imbalance is the case?",,1,,REVIEW,GAS_NOTATION,MEDIUM,Possible OCR spacing problem in O2/CO2 notation.,PENDING,
4,LAYER_1,1604,2014,Anatomy,answer_5,E.Cerebellum,,1,,REVIEW,MISSING_SPACE_AFTER_PUNCTUATION,MEDIUM,May be punctuation followed by missing whitespace.,PENDING,
4,LAYER_1,1608,2014,Anatomy,answer_4,V.cordis parva,,1,,REVIEW,MISSING_SPACE_AFTER_PUNCTUATION,MEDIUM,May be punctuation followed by missing whitespace.,PENDING,
4,LAYER_1,1609,2014,Anatomy,answer_5,E.Caecum,,1,,REVIEW,MISSING_SPACE_AFTER_PUNCTUATION,MEDIUM,May be punctuation followed by missing whitespace.,PENDING,
4,LAYER_1,1631,2013,Anatomy,answer_4,D.jejunum,,1,,REVIEW,MISSING_SPACE_AFTER_PUNCTUATION,MEDIUM,May be punctuation followed by missing whitespace.,PENDING,
4,LAYER_1,1631,2013,Anatomy,answer_5,E.Distal ileum,,1,,REVIEW,MISSING_SPACE_AFTER_PUNCTUATION,MEDIUM,May be punctuation followed by missing whitespace.,PENDING,
4,LAYER_1,1633,2013,Anatomy,answer_4,D.Cornea,,1,,REVIEW,MISSING_SPACE_AFTER_PUNCTUATION,MEDIUM,May be punctuation followed by missing whitespace.,PENDING,
4,LAYER_1,1633,2013,Anatomy,answer_5,E.Sclera,,1,,REVIEW,MISSING_SPACE_AFTER_PUNCTUATION,MEDIUM,May be punctuation followed by missing whitespace.,PENDING,
4,LAYER_1,1638,2013,Anatomy,answer_3,C.Superficial temporal artery,,1,,REVIEW,MISSING_SPACE_AFTER_PUNCTUATION,MEDIUM,May be punctuation followed by missing whitespace.,PENDING,
4,LAYER_1,1638,2013,Anatomy,answer_4,D.Anterior membranous artery,,1,,REVIEW,MISSING_SPACE_AFTER_PUNCTUATION,MEDIUM,May be punctuation followed by missing whitespace.,PENDING,
4,LAYER_1,1638,2013,Anatomy,answer_5,E.Posterior auricular artery,,1,,REVIEW,MISSING_SPACE_AFTER_PUNCTUATION,MEDIUM,May be punctuation followed by missing whitespace.,PENDING,
4,LAYER_1,1639,2013,Anatomy,answer_5,E.Eardrum,,1,,REVIEW,MISSING_SPACE_AFTER_PUNCTUATION,MEDIUM,May be punctuation followed by missing whitespace.,PENDING,
4,LAYER_1,1645,2012,Anatomy,answer_1,N.ulnaris,,1,,REVIEW,MISSING_SPACE_AFTER_PUNCTUATION,MEDIUM,May be punctuation followed by missing whitespace.,PENDING,
4,LAYER_1,1645,2012,Anatomy,answer_2,N.musculocutaneu,,1,,REVIEW,MISSING_SPACE_AFTER_PUNCTUATION,MEDIUM,May be punctuation followed by missing whitespace.,PENDING,
4,LAYER_1,1645,2012,Anatomy,answer_3,N.dorsalis scapularis,,1,,REVIEW,MISSING_SPACE_AFTER_PUNCTUATION,MEDIUM,May be punctuation followed by missing whitespace.,PENDING,
4,LAYER_1,1645,2012,Anatomy,answer_4,N.subscapularis,,1,,REVIEW,MISSING_SPACE_AFTER_PUNCTUATION,MEDIUM,May be punctuation followed by missing whitespace.,PENDING,
4,LAYER_1,1645,2012,Anatomy,answer_5,N.radialis,,1,,REVIEW,MISSING_SPACE_AFTER_PUNCTUATION,MEDIUM,May be punctuation followed by missing whitespace.,PENDING,
4,LAYER_1,1646,2012,Anatomy,answer_1,M.deltoideus,,1,,REVIEW,MISSING_SPACE_AFTER_PUNCTUATION,MEDIUM,May be punctuation followed by missing whitespace.,PENDING,
4,LAYER_1,1646,2012,Anatomy,answer_2,M.triceps brachii,,1,,REVIEW,MISSING_SPACE_AFTER_PUNCTUATION,MEDIUM,May be punctuation followed by missing whitespace.,PENDING,
4,LAYER_1,1646,2012,Anatomy,answer_3,M.anconeus,,1,,REVIEW,MISSING_SPACE_AFTER_PUNCTUATION,MEDIUM,May be punctuation followed by missing whitespace.,PENDING,
4,LAYER_1,1646,2012,Anatomy,answer_4,M.coracobrachialis,,1,,REVIEW,MISSING_SPACE_AFTER_PUNCTUATION,MEDIUM,May be punctuation followed by missing whitespace.,PENDING,
4,LAYER_1,1646,2012,Anatomy,answer_5,M.supinator,,1,,REVIEW,MISSING_SPACE_AFTER_PUNCTUATION,MEDIUM,May be punctuation followed by missing whitespace.,PENDING,
4,LAYER_1,1667,2011,Anatomy,answer_1,A.facialis,,1,,REVIEW,MISSING_SPACE_AFTER_PUNCTUATION,MEDIUM,May be punctuation followed by missing whitespace.,PENDING,
4,LAYER_1,1667,2011,Anatomy,answer_2,A.carotis interna,,1,,REVIEW,MISSING_SPACE_AFTER_PUNCTUATION,MEDIUM,May be punctuation followed by missing whitespace.,PENDING,
4,LAYER_1,1667,2011,Anatomy,answer_3,A.temporalis superficialis,,1,,REVIEW,MISSING_SPACE_AFTER_PUNCTUATION,MEDIUM,May be punctuation followed by missing whitespace.,PENDING,
4,LAYER_1,1667,2011,Anatomy,answer_4,A.alveolaris inferior,,1,,REVIEW,MISSING_SPACE_AFTER_PUNCTUATION,MEDIUM,May be punctuation followed by missing whitespace.,PENDING,
4,LAYER_1,1667,2011,Anatomy,answer_5,A.lingvalis,,1,,REVIEW,MISSING_SPACE_AFTER_PUNCTUATION,MEDIUM,May be punctuation followed by missing whitespace.,PENDING,
4,LAYER_1,168,2013,Pathophysiology,answer_1,Accumulation of N a + and C a 2+ ions in the myocardium cells,,1,,REVIEW,SCIENTIFIC_NOTATION,MEDIUM,Possible OCR spacing problem in medical/scientific notation.,PENDING,
4,LAYER_1,168,2013,Pathophysiology,answer_2,Accumulation of K + and M g 2+ ions in the myocardium cells,,1,,REVIEW,SCIENTIFIC_NOTATION,MEDIUM,Possible OCR spacing problem in medical/scientific notation.,PENDING,
4,LAYER_1,168,2013,Pathophysiology,answer_3,Reduction of N a + and C a 2+ ions in the myocardium cells,,1,,REVIEW,SCIENTIFIC_NOTATION,MEDIUM,Possible OCR spacing problem in medical/scientific notation.,PENDING,
4,LAYER_1,168,2013,Pathophysiology,answer_4,Reduction of K + and M g 2+ ions in the extracellular space,,1,,REVIEW,SCIENTIFIC_NOTATION,MEDIUM,Possible OCR spacing problem in medical/scientific notation.,PENDING,
4,LAYER_1,168,2013,Pathophysiology,answer_5,Reduction of N a + and C a 2+ ions in the extracellular space,,1,,REVIEW,SCIENTIFIC_NOTATION,MEDIUM,Possible OCR spacing problem in medical/scientific notation.,PENDING,
4,LAYER_1,1682,2011,Anatomy,answer_4,Lig. inguinalе,inguinalе,1,,REVIEW,CYRILLIC_CONFUSABLE,HIGH,Mixed Latin/Cyrillic token detected; possible visually confusable OCR character.,PENDING,
4,LAYER_1,1685,2011,Anatomy,answer_4,D.Caecum,,1,,REVIEW,MISSING_SPACE_AFTER_PUNCTUATION,MEDIUM,May be punctuation followed by missing whitespace.,PENDING,
4,LAYER_1,1685,2011,Anatomy,answer_5,E.Rectum,,1,,REVIEW,MISSING_SPACE_AFTER_PUNCTUATION,MEDIUM,May be punctuation followed by missing whitespace.,PENDING,
4,LAYER_1,1687,2009,Anatomy,question,It is necessary to take the cerebrospinal fluid from a patient with suspected inßammation of brain tunics. Diagnostic puncture was performed between the arches of the lumbar vertebras. During the puncture the needle went through the following ligament:,ß,1,,REVIEW,OCR_CHARACTER_CORRUPTION,HIGH,Suspicious OCR character detected.,PENDING,
4,LAYER_1,1692,2009,Anatomy,question,While examining the oral cavity a stomatologist revealed inßammation of papillae on the border of the median and posterior third of the back of tongue. What papillae are inßamed?,ß,1,,REVIEW,OCR_CHARACTER_CORRUPTION,HIGH,Suspicious OCR character detected.,PENDING,
4,LAYER_1,1708,2008,Anatomy,answer_1,A.axillaris,,1,,REVIEW,MISSING_SPACE_AFTER_PUNCTUATION,MEDIUM,May be punctuation followed by missing whitespace.,PENDING,
4,LAYER_1,1708,2008,Anatomy,answer_2,A.vertebralis,,1,,REVIEW,MISSING_SPACE_AFTER_PUNCTUATION,MEDIUM,May be punctuation followed by missing whitespace.,PENDING,
4,LAYER_1,1708,2008,Anatomy,answer_3,A.transversa colli,,1,,REVIEW,MISSING_SPACE_AFTER_PUNCTUATION,MEDIUM,May be punctuation followed by missing whitespace.,PENDING,
4,LAYER_1,1708,2008,Anatomy,answer_4,A.profunda brachii,,1,,REVIEW,MISSING_SPACE_AFTER_PUNCTUATION,MEDIUM,May be punctuation followed by missing whitespace.,PENDING,
4,LAYER_1,1708,2008,Anatomy,answer_5,A.subscapularis,,1,,REVIEW,MISSING_SPACE_AFTER_PUNCTUATION,MEDIUM,May be punctuation followed by missing whitespace.,PENDING,
4,LAYER_1,1709,2008,Anatomy,answer_1,M.trapezius,,1,,REVIEW,MISSING_SPACE_AFTER_PUNCTUATION,MEDIUM,May be punctuation followed by missing whitespace.,PENDING,
4,LAYER_1,1709,2008,Anatomy,answer_2,M.sternocleidomastoideus,,1,,REVIEW,MISSING_SPACE_AFTER_PUNCTUATION,MEDIUM,May be punctuation followed by missing whitespace.,PENDING,
4,LAYER_1,1709,2008,Anatomy,answer_3,M.latissimus dorsi,,1,,REVIEW,MISSING_SPACE_AFTER_PUNCTUATION,MEDIUM,May be punctuation followed by missing whitespace.,PENDING,
4,LAYER_1,1709,2008,Anatomy,answer_4,M.rhomboideus minor,,1,,REVIEW,MISSING_SPACE_AFTER_PUNCTUATION,MEDIUM,May be punctuation followed by missing whitespace.,PENDING,
4,LAYER_1,1709,2008,Anatomy,answer_5,M.scalenus anterior,,1,,REVIEW,MISSING_SPACE_AFTER_PUNCTUATION,MEDIUM,May be punctuation followed by missing whitespace.,PENDING,
4,LAYER_1,1713,2008,Anatomy,answer_4,Lig. inguinalе,inguinalе,1,,REVIEW,CYRILLIC_CONFUSABLE,HIGH,Mixed Latin/Cyrillic token detected; possible visually confusable OCR character.,PENDING,
4,LAYER_1,1716,2008,Anatomy,answer_1,N.axillaris,,1,,REVIEW,MISSING_SPACE_AFTER_PUNCTUATION,MEDIUM,May be punctuation followed by missing whitespace.,PENDING,
4,LAYER_1,1716,2008,Anatomy,answer_2,N.medianus,,1,,REVIEW,MISSING_SPACE_AFTER_PUNCTUATION,MEDIUM,May be punctuation followed by missing whitespace.,PENDING,
4,LAYER_1,1716,2008,Anatomy,answer_3,N.radialis,,1,,REVIEW,MISSING_SPACE_AFTER_PUNCTUATION,MEDIUM,May be punctuation followed by missing whitespace.,PENDING,
4,LAYER_1,1716,2008,Anatomy,answer_4,N.ulnaris,,1,,REVIEW,MISSING_SPACE_AFTER_PUNCTUATION,MEDIUM,May be punctuation followed by missing whitespace.,PENDING,
4,LAYER_1,1716,2008,Anatomy,answer_5,N.subclavius,,1,,REVIEW,MISSING_SPACE_AFTER_PUNCTUATION,MEDIUM,May be punctuation followed by missing whitespace.,PENDING,
4,LAYER_1,1717,2007,Anatomy,question,A 60 y.o. patient has a reduced perception of high-frequency sounds. What structures’ disorder of auditory analizer caused these changes?,,1,,REVIEW,MISSING_SPACE_AFTER_PUNCTUATION,MEDIUM,May be punctuation followed by missing whitespace.,PENDING,
4,LAYER_1,1722,2007,Anatomy,answer_1,M.tibialis anterior,,1,,REVIEW,MISSING_SPACE_AFTER_PUNCTUATION,MEDIUM,May be punctuation followed by missing whitespace.,PENDING,
4,LAYER_1,1722,2007,Anatomy,answer_2,M.f lexor digitorum longus,,1,,REVIEW,MISSING_SPACE_AFTER_PUNCTUATION,MEDIUM,May be punctuation followed by missing whitespace.,PENDING,
4,LAYER_1,1722,2007,Anatomy,answer_3,M.f lexor hallucis longus,,1,,REVIEW,MISSING_SPACE_AFTER_PUNCTUATION,MEDIUM,May be punctuation followed by missing whitespace.,PENDING,
4,LAYER_1,1722,2007,Anatomy,answer_4,M.peroneus longus,,1,,REVIEW,MISSING_SPACE_AFTER_PUNCTUATION,MEDIUM,May be punctuation followed by missing whitespace.,PENDING,
4,LAYER_1,1722,2007,Anatomy,answer_5,M.peroneus brevis,,1,,REVIEW,MISSING_SPACE_AFTER_PUNCTUATION,MEDIUM,May be punctuation followed by missing whitespace.,PENDING,
4,LAYER_1,1724,2007,Anatomy,question,As a result of spinal cord trauma a 33 y.o. man has a disturbed pain and temperature sensitivity that is caused by damage of the following tract:,,1,,REVIEW,MISSING_SPACE_AFTER_PUNCTUATION,MEDIUM,May be punctuation followed by missing whitespace.,PENDING,
4,LAYER_1,1725,2007,Anatomy,question,"After a 2 y.o. child has had flu, there appeared complaints about ear ache. A doctor revealed hearing impairment and inflammation of the middle ear. How did the infection penetrate into the middle ear?",,1,,REVIEW,MISSING_SPACE_AFTER_PUNCTUATION,MEDIUM,May be punctuation followed by missing whitespace.,PENDING,
4,LAYER_1,1726,2007,Anatomy,question,A 40 y.o. woman was admitted to the infectious diseases department with high body temperature. Objectively: evident meningeal symptoms. A spinal cord punction was made. What anatomic formation was punctured?,,1,,REVIEW,MISSING_SPACE_AFTER_PUNCTUATION,MEDIUM,May be punctuation followed by missing whitespace.,PENDING,
4,LAYER_1,1729,2007,Anatomy,question,"A 50 y.o. patient was admitted to the hospital with complaints about pain behind his breastbone, asphyxia during physical activity. Angiography revealed pathological changes in the posterior interventricular branch of the right coronary artery. What heart parts are affected?",,1,,REVIEW,MISSING_SPACE_AFTER_PUNCTUATION,MEDIUM,May be punctuation followed by missing whitespace.,PENDING,
4,LAYER_1,1733,2007,Anatomy,question,Neurological examination of a 65 y.o. patient revealed a haemorrhage within the superior temporal gyrus. In the blood supply area of which artery is it?,,1,,REVIEW,MISSING_SPACE_AFTER_PUNCTUATION,MEDIUM,May be punctuation followed by missing whitespace.,PENDING,
4,LAYER_1,1734,2007,Anatomy,answer_1,A.V.emissaria mastoidea,,1,,REVIEW,MISSING_SPACE_AFTER_PUNCTUATION,MEDIUM,May be punctuation followed by missing whitespace.,PENDING,
4,LAYER_1,1734,2007,Anatomy,answer_2,B.V.v.labyrinthi,,1,,REVIEW,MISSING_SPACE_AFTER_PUNCTUATION,MEDIUM,May be punctuation followed by missing whitespace.,PENDING,
4,LAYER_1,1734,2007,Anatomy,answer_3,C.V.v.tympanicae,,1,,REVIEW,MISSING_SPACE_AFTER_PUNCTUATION,MEDIUM,May be punctuation followed by missing whitespace.,PENDING,
4,LAYER_1,1734,2007,Anatomy,answer_4,D.V.f acialis,,1,,REVIEW,MISSING_SPACE_AFTER_PUNCTUATION,MEDIUM,May be punctuation followed by missing whitespace.,PENDING,
4,LAYER_1,1734,2007,Anatomy,answer_5,E.V.v.auriculares,,1,,REVIEW,MISSING_SPACE_AFTER_PUNCTUATION,MEDIUM,May be punctuation followed by missing whitespace.,PENDING,
4,LAYER_1,1734,2007,Anatomy,question,A 70 y.o. man has cut an abscess off in the area of mammiform process during shaving. Two days later he was admitted to the hospital with inflammation of arachnoid membranes. How did the infection penetrate into the cavity of skull?,,1,,REVIEW,MISSING_SPACE_AFTER_PUNCTUATION,MEDIUM,May be punctuation followed by missing whitespace.,PENDING,
4,LAYER_1,1737,2007,Anatomy,answer_1,n.abducens,,1,,REVIEW,MISSING_SPACE_AFTER_PUNCTUATION,MEDIUM,May be punctuation followed by missing whitespace.,PENDING,
4,LAYER_1,1737,2007,Anatomy,answer_2,n.f acialis,,1,,REVIEW,MISSING_SPACE_AFTER_PUNCTUATION,MEDIUM,May be punctuation followed by missing whitespace.,PENDING,
4,LAYER_1,1737,2007,Anatomy,answer_3,n.trigeminus,,1,,REVIEW,MISSING_SPACE_AFTER_PUNCTUATION,MEDIUM,May be punctuation followed by missing whitespace.,PENDING,
4,LAYER_1,1737,2007,Anatomy,answer_4,n.trochlearis,,1,,REVIEW,MISSING_SPACE_AFTER_PUNCTUATION,MEDIUM,May be punctuation followed by missing whitespace.,PENDING,
4,LAYER_1,1737,2007,Anatomy,answer_5,n.aculomotorius,,1,,REVIEW,MISSING_SPACE_AFTER_PUNCTUATION,MEDIUM,May be punctuation followed by missing whitespace.,PENDING,
4,LAYER_1,1739,2010,Anatomy,answer_4,D.Ileocolic,,1,,REVIEW,MISSING_SPACE_AFTER_PUNCTUATION,MEDIUM,May be punctuation followed by missing whitespace.,PENDING,
4,LAYER_1,1739,2010,Anatomy,answer_5,E.Superior mesenteric artery,,1,,REVIEW,MISSING_SPACE_AFTER_PUNCTUATION,MEDIUM,May be punctuation followed by missing whitespace.,PENDING,
4,LAYER_1,1747,2010,Anatomy,answer_5,E.Peritoneum,,1,,REVIEW,MISSING_SPACE_AFTER_PUNCTUATION,MEDIUM,May be punctuation followed by missing whitespace.,PENDING,
4,LAYER_1,1757,2018,Anatomy,answer_2,Сanaliculus tympanicus,Сanaliculus,1,,REVIEW,CYRILLIC_CONFUSABLE,HIGH,Mixed Latin/Cyrillic token detected; possible visually confusable OCR character.,PENDING,
4,LAYER_1,1757,2018,Anatomy,answer_3,Сanalis caroticus,Сanalis,1,,REVIEW,CYRILLIC_CONFUSABLE,HIGH,Mixed Latin/Cyrillic token detected; possible visually confusable OCR character.,PENDING,
4,LAYER_1,1757,2018,Anatomy,answer_4,Сanaliculus chordae tympani,Сanaliculus,1,,REVIEW,CYRILLIC_CONFUSABLE,HIGH,Mixed Latin/Cyrillic token detected; possible visually confusable OCR character.,PENDING,
4,LAYER_1,1757,2018,Anatomy,answer_5,Сanaliculi caroticо tympanici,Сanaliculi,1,,REVIEW,CYRILLIC_CONFUSABLE,HIGH,Mixed Latin/Cyrillic token detected; possible visually confusable OCR character.,PENDING,
4,LAYER_1,1757,2018,Anatomy,answer_5,Сanaliculi caroticо tympanici,caroticо,1,,REVIEW,CYRILLIC_CONFUSABLE,HIGH,Mixed Latin/Cyrillic token detected; possible visually confusable OCR character.,PENDING,
4,LAYER_1,1772,2019,Anatomy,question,A patient is diagnosed with compressi-on fracture of the lumbar vertebra. The pati-ent presents with acutely increased lumbar lordosis. What ligament was damaged in this patient resulting in such deformation of vertebral column curvature?,pati-ent,1,,REVIEW,POSSIBLE_BROKEN_WORD,MEDIUM,Likely OCR/PDF word split detected. Manual review required.,PENDING,
4,LAYER_1,1775,2019,Anatomy,question,The brain trauma unit received a pati-ent with damaged greater wing of the sphenoid bone. The fracture line crosses the spinous foramen of the sphenoid. What vessel was damaged?,pati-ent,1,,REVIEW,POSSIBLE_BROKEN_WORD,MEDIUM,Likely OCR/PDF word split detected. Manual review required.,PENDING,
4,LAYER_1,1779,2019,Anatomy,question,Due to trauma the patient presents wi-th disturbed function of the parotid gland. What nerve ensures its secretion function?,wi-th,1,,REVIEW,POSSIBLE_BROKEN_WORD,HIGH,Known OCR/PDF hyphenation pattern detected.,PENDING,
4,LAYER_1,1780,2019,Anatomy,question,"A 35-year-old man has been deli-vered into a surgical ward with a suppurati-ng wound in the neck, anterior to trachea (previsceral space). If a surgical operation is not performed urgently, there is a risk of infection spreading to:",suppurati-ng,1,,REVIEW,POSSIBLE_BROKEN_WORD,MEDIUM,Likely OCR/PDF word split detected. Manual review required.,PENDING,
4,LAYER_1,1785,2019,Anatomy,answer_4,V.cordis parva,,1,,REVIEW,MISSING_SPACE_AFTER_PUNCTUATION,MEDIUM,May be punctuation followed by missing whitespace.,PENDING,
4,LAYER_1,1798,2020,Anatomy,question,"After a cerebral hemorrhage the patient has lost the ability to undeNa.nd speech, Whcrc in thc cortex is the sitc of trauma in this case?",,1,,REVIEW,MISSING_SPACE_AFTER_PUNCTUATION,MEDIUM,May be punctuation followed by missing whitespace.,PENDING,
4,LAYER_1,1807,2020,Anatomy,question,"The doctor cxamincs a patient with diabetes mcllitus. He needs to check the ulsation of an artery thal enters the foot elween the tendons Of extensor digitorum longus and extensor hallucrs longu.s, What artery IS it?",,1,,REVIEW,MISSING_SPACE_AFTER_PUNCTUATION,MEDIUM,May be punctuation followed by missing whitespace.,PENDING,
4,LAYER_1,1851,2017,Pharmacology,question,"A woman with seasonal vasomotor rhini-tis, who works as a train dispatcher and is an outpatient, should be prescribed an antihi- staminic drug that does not suppress central nervous system. Name this drug:",,1,,REVIEW,BROKEN_WORD_WITH_SPACE,MEDIUM,Possible word split by PDF/OCR line wrapping; may also be legitimate hyphenation and requires review.,PENDING,
4,LAYER_1,1854,2018,Pharmacology,question,At the 2-3 day after the gastric resection the patient’s intestinal peristalsis failed to restore. What should the patient be prescri- bed to stimulate the function of his gastrointestinal tract?,,1,,REVIEW,BROKEN_WORD_WITH_SPACE,MEDIUM,Possible word split by PDF/OCR line wrapping; may also be legitimate hyphenation and requires review.,PENDING,
4,LAYER_1,1863,2018,Pharmacology,question,Preoperative examination revealed prothrombin deficiency in the blood of the patient. What drug should be preliminarily prescribed to mitigate blood loss in the pati-ent during the surgery?,pati-ent,1,,REVIEW,POSSIBLE_BROKEN_WORD,MEDIUM,Likely OCR/PDF word split detected. Manual review required.,PENDING,
4,LAYER_1,1865,2018,Pharmacology,question,A 46-year-old patient suffering from ulcer disease of the stomach is diagnosed with rheumatoid arthritis. What antii- nflammatory drug would be the most advi-sable in this case?,,1,,REVIEW,BROKEN_WORD_WITH_SPACE,MEDIUM,Possible word split by PDF/OCR line wrapping; may also be legitimate hyphenation and requires review.,PENDING,
4,LAYER_1,1875,2017,Pharmacology,question,A patient with signs of emotional labi-lity that result in troubled sleep has been prescribed nitrazepam. Specify the sleep- inducing mechanism of this drug:,,1,,REVIEW,BROKEN_WORD_WITH_SPACE,MEDIUM,Possible word split by PDF/OCR line wrapping; may also be legitimate hyphenation and requires review.,PENDING,
4,LAYER_1,1876,2017,Pharmacology,question,"To stop the bleeding the patient was prescribed a direct coagulant. Duri-ng introduction of the solution the patient was complaining of pain along the vein, hot sensation, and palpitations. Name the drug that causes such symptoms:",Duri-ng,1,,REVIEW,POSSIBLE_BROKEN_WORD,MEDIUM,Likely OCR/PDF word split detected. Manual review required.,PENDING,
4,LAYER_1,1882,2016,Pharmacology,question,"A comatose patient was taken to the hospital. He has a history of diabetes melli-tus. Objectively: Kussmaul breathing, low blood pressure, acetone odor of breath. After the emergency treatment the pati-ent’s condition improved. What drug had been administered?",pati-ent,1,,REVIEW,POSSIBLE_BROKEN_WORD,MEDIUM,Likely OCR/PDF word split detected. Manual review required.,PENDING,
4,LAYER_1,1888,2016,Pharmacology,question,"A 16-year-old young man sufferi-ng from seasonal allergic rhinitis has been prescribed a highly active second-generation H1 blocker, which can be characterized by absence of marked sedati-ve action. Name this drug:",sufferi-ng,1,,REVIEW,POSSIBLE_BROKEN_WORD,MEDIUM,Likely OCR/PDF word split detected. Manual review required.,PENDING,
4,LAYER_1,1889,2016,Pharmacology,question,A 36-year-old patient has been administered a depolarizing muscle relaxant duri-ng a surgery. Name this drug:,duri-ng,1,,REVIEW,POSSIBLE_BROKEN_WORD,MEDIUM,Likely OCR/PDF word split detected. Manual review required.,PENDING,
4,LAYER_1,1891,2016,Pharmacology,question,"A patient presents with dry peeli-ng skin, frequent cases of acute respi-ratory diseases, xerophthalmia. What vitamin preparation should be prescribed in this case?",peeli-ng,1,,REVIEW,POSSIBLE_BROKEN_WORD,MEDIUM,Likely OCR/PDF word split detected. Manual review required.,PENDING,
4,LAYER_1,1912,2014,Pharmacology,question,"A patient complaining of rapid pulse, dyspnea and bluish color of mucosa has been admitted to the cardiological department. The objective symptoms are as follows: edema of lower extremities, ascites. Which of the given medicines should be prescri- bed for intravenous administration to improve the patient’s general state?",,1,,REVIEW,BROKEN_WORD_WITH_SPACE,MEDIUM,Possible word split by PDF/OCR line wrapping; may also be legitimate hyphenation and requires review.,PENDING,
4,LAYER_1,1925,2013,Pharmacology,question,A patient has been administered an antiinflammatory drug that blocks the action of cyclooxygenase. Specify this anti- inflammatory agent:,,1,,REVIEW,BROKEN_WORD_WITH_SPACE,MEDIUM,Possible word split by PDF/OCR line wrapping; may also be legitimate hyphenation and requires review.,PENDING,
4,LAYER_1,1949,2012,Pharmacology,question,A patient suffers from pulmonary tuberculosis. During treatment neuritis of visual nerve arose. What drug has caused this by- effect?,,1,,REVIEW,BROKEN_WORD_WITH_SPACE,MEDIUM,Possible word split by PDF/OCR line wrapping; may also be legitimate hyphenation and requires review.,PENDING,
4,LAYER_1,1975,2009,Pharmacology,question,"Depressions and emotional insanities result from the deFIcit of noradrenalin, serotonin and other biogenic amines in the brain. Their concentration in the synapses can be increased by means of the antidepressants that inhibit the following enzyme:",deFIcit,1,,REVIEW,OCR_CASE_CORRUPTION,HIGH,Suspicious uppercase sequence inside a word; possible PDF/OCR corruption.,PENDING,
4,LAYER_1,1976,2009,Pharmacology,question,A student came to see a doctor and asked to administer him a drug for treatment of allergic rhinitis that occurs in the period of linden ßowering. What drug may be used?,ß,1,,REVIEW,OCR_CHARACTER_CORRUPTION,HIGH,Suspicious OCR character detected.,PENDING,
4,LAYER_1,1980,2009,Pharmacology,question,A patient with a limb fracture must be administered a depolarizing drug from the myorelaxant group for the purpose of a short- time surgery. What drug is it?,,1,,REVIEW,BROKEN_WORD_WITH_SPACE,MEDIUM,Possible word split by PDF/OCR line wrapping; may also be legitimate hyphenation and requires review.,PENDING,
4,LAYER_1,199,2012,Pathophysiology,answer_5,.Pepsin,,1,,REVIEW,MISSING_SPACE_AFTER_PUNCTUATION,MEDIUM,May be punctuation followed by missing whitespace.,PENDING,
4,LAYER_1,2013,2007,Pharmacology,question,A 50 y.o. patient with chronic cardiac insufficiency and tachyarrythmia was prescribed a cardiotonic drug. What drug was prescribed?,,1,,REVIEW,MISSING_SPACE_AFTER_PUNCTUATION,MEDIUM,May be punctuation followed by missing whitespace.,PENDING,
4,LAYER_1,2014,2007,Pharmacology,question,"A 36 y.o. man has a craniocerebral trauma. Objectively: diminished breath sounds, thready pulse, no reflexes. What way of pyracetam introduction will be the most apropriate in this case?",,1,,REVIEW,MISSING_SPACE_AFTER_PUNCTUATION,MEDIUM,May be punctuation followed by missing whitespace.,PENDING,
4,LAYER_1,2034,2018,Pharmacology,question,"The first-aid center has received a victim of a traffic accident diagnosed with closed displaced fracture of the middle third of the thigh. For repositioning of bone fragments the patient received 10 ml of 2% dithylinum solution intravenously, which resulted in prolonged period of apnoea and muscle relaxation. What enzyme is defi- cient, resulting in such pharmacogenetic",,1,,REVIEW,BROKEN_WORD_WITH_SPACE,MEDIUM,Possible word split by PDF/OCR line wrapping; may also be legitimate hyphenation and requires review.,PENDING,
4,LAYER_1,206,2012,Pathophysiology,question,The patient with acute miocardial infarction was given intravenously different solutions during 8 hours with medical dropper 1500 ml and oxygen intranasally. He died because of pulmonary edema. What caused the pulmonary edema?,miocardial,1,myocardial,REVIEW,KNOWN_LEXICAL_TYPO,HIGH,Known lexical anomaly identified during manual validation.,PENDING,
4,LAYER_1,209,2012,Pathophysiology,question,The patient with acute miocardial infarction was given intravenously different solutions during 8 hours with medical dropper 1500 ml and oxygen intranasally. He died because of pulmonary edema. What caused the pulmonary edema?,miocardial,1,myocardial,REVIEW,KNOWN_LEXICAL_TYPO,HIGH,Known lexical anomaly identified during manual validation.,PENDING,
4,LAYER_1,21,2023,Pathophysiology,topic,pathophysiology of aCID-base BALANCE,aCID,1,,REVIEW,OCR_CASE_CORRUPTION,HIGH,Suspicious uppercase sequence inside a word; possible PDF/OCR corruption.,PENDING,
4,LAYER_1,2143,2017,Biology,question,"During dehelmintization there was a 3,5-meter-long tapeworm produced from the patient’s intestine.There are 4 suckers and hooks on the tapeworm’s scolex. Mature segments of the tapeworm are immobile and have up to 12 uterine branches. What disease is it?",,1,,REVIEW,MISSING_SPACE_AFTER_PUNCTUATION,MEDIUM,May be punctuation followed by missing whitespace.,PENDING,
4,LAYER_1,2148,2017,Biology,question,Deaf parents with genotypes DDee and ddEE gave birth to a child with normal hearing. Specify the interaction of D and E genes:,ddEE,1,,REVIEW,OCR_CASE_CORRUPTION,HIGH,Suspicious uppercase sequence inside a word; possible PDF/OCR corruption.,PENDING,
4,LAYER_1,2175,2014,Biology,question,"An 18-year-old male has been diagnosed with Marfan syndrome. Examination revealed a developmental disorder of connective tissue and eye lens structure,abnormalities of the cardiovascular system, arachnodactylia. What genetic phenomenon has caused the",,1,,REVIEW,MISSING_SPACE_AFTER_PUNCTUATION,MEDIUM,May be punctuation followed by missing whitespace.,PENDING,
4,LAYER_1,2179,2014,Biology,answer_1,rRNA,rRNA,1,,REVIEW,OCR_CASE_CORRUPTION,HIGH,Suspicious uppercase sequence inside a word; possible PDF/OCR corruption.,PENDING,
4,LAYER_1,2179,2014,Biology,answer_2,tRNA,tRNA,1,,REVIEW,OCR_CASE_CORRUPTION,HIGH,Suspicious uppercase sequence inside a word; possible PDF/OCR corruption.,PENDING,
4,LAYER_1,2179,2014,Biology,answer_3,mRNA,mRNA,1,,REVIEW,OCR_CASE_CORRUPTION,HIGH,Suspicious uppercase sequence inside a word; possible PDF/OCR corruption.,PENDING,
4,LAYER_1,2179,2014,Biology,answer_4,snRNA,snRNA,1,,REVIEW,OCR_CASE_CORRUPTION,HIGH,Suspicious uppercase sequence inside a word; possible PDF/OCR corruption.,PENDING,
4,LAYER_1,2179,2014,Biology,answer_5,tRNA + rRNA,tRNA,1,,REVIEW,OCR_CASE_CORRUPTION,HIGH,Suspicious uppercase sequence inside a word; possible PDF/OCR corruption.,PENDING,
4,LAYER_1,2179,2014,Biology,answer_5,tRNA + rRNA,rRNA,1,,REVIEW,OCR_CASE_CORRUPTION,HIGH,Suspicious uppercase sequence inside a word; possible PDF/OCR corruption.,PENDING,
4,LAYER_1,2194,2013,Biology,answer_1,mRNA codons,mRNA,1,,REVIEW,OCR_CASE_CORRUPTION,HIGH,Suspicious uppercase sequence inside a word; possible PDF/OCR corruption.,PENDING,
4,LAYER_1,2194,2013,Biology,answer_2,tRNA nucleotides,tRNA,1,,REVIEW,OCR_CASE_CORRUPTION,HIGH,Suspicious uppercase sequence inside a word; possible PDF/OCR corruption.,PENDING,
4,LAYER_1,2194,2013,Biology,answer_3,tRNA anticodons,tRNA,1,,REVIEW,OCR_CASE_CORRUPTION,HIGH,Suspicious uppercase sequence inside a word; possible PDF/OCR corruption.,PENDING,
4,LAYER_1,2194,2013,Biology,answer_4,rRNA nucleotides,rRNA,1,,REVIEW,OCR_CASE_CORRUPTION,HIGH,Suspicious uppercase sequence inside a word; possible PDF/OCR corruption.,PENDING,
4,LAYER_1,2194,2013,Biology,answer_5,rRNA anticodons,rRNA,1,,REVIEW,OCR_CASE_CORRUPTION,HIGH,Suspicious uppercase sequence inside a word; possible PDF/OCR corruption.,PENDING,
4,LAYER_1,2194,2013,Biology,question,"At the stage of translation in the rough endoplasmic reticulum, the ribosome moves along the mRNA. Amino acids are joined together by peptide bonds in a specific sequence, and thus polypeptide synthesis takes place. The sequence of amino acids in a",mRNA,1,,REVIEW,OCR_CASE_CORRUPTION,HIGH,Suspicious uppercase sequence inside a word; possible PDF/OCR corruption.,PENDING,
4,LAYER_1,2223,2008,Biology,question,It was proved that a molecule of immature mRNA (precursor mRNA) contained more triplets than amino acids found in the synthesized protein. The reason for that is that translation is normally preceded by:,mRNA,1,,REVIEW,OCR_CASE_CORRUPTION,HIGH,Suspicious uppercase sequence inside a word; possible PDF/OCR corruption.,PENDING,
4,LAYER_1,2254,2018,Biology,question,General structure of eukaryotic genes is as follows: exon-intron-exon. Such functi-onal structure of a gene leads to certain specifics of the transcription process. Whatsequence will correspond with precursor mRNA (immature)?,mRNA,1,,REVIEW,OCR_CASE_CORRUPTION,HIGH,Suspicious uppercase sequence inside a word; possible PDF/OCR corruption.,PENDING,
4,LAYER_1,2256,2018,Biology,question,A 25-year-old woman at her thirdpregnancy with impending miscarriage was brought to the hospital. What combination of Rh- factor of the mother and the fetus can be the cause of this condition?,,1,,REVIEW,BROKEN_WORD_WITH_SPACE,MEDIUM,Possible word split by PDF/OCR line wrapping; may also be legitimate hyphenation and requires review.,PENDING,
4,LAYER_1,226,2011,Pathophysiology,answer_4,Increase of the filtartion quotient,filtartion,1,filtration,REVIEW,KNOWN_LEXICAL_TYPO,HIGH,Known lexical anomaly identified during manual validation.,PENDING,
4,LAYER_1,2273,2019,Biology,answer_1,"47,XXY",,1,,REVIEW,MISSING_SPACE_AFTER_PUNCTUATION,MEDIUM,May be punctuation followed by missing whitespace.,PENDING,
4,LAYER_1,2273,2019,Biology,answer_2,"47,XY, +18",,1,,REVIEW,MISSING_SPACE_AFTER_PUNCTUATION,MEDIUM,May be punctuation followed by missing whitespace.,PENDING,
4,LAYER_1,2273,2019,Biology,answer_3,"47,XY, +21",,1,,REVIEW,MISSING_SPACE_AFTER_PUNCTUATION,MEDIUM,May be punctuation followed by missing whitespace.,PENDING,
4,LAYER_1,2273,2019,Biology,answer_4,"45,X",,1,,REVIEW,MISSING_SPACE_AFTER_PUNCTUATION,MEDIUM,May be punctuation followed by missing whitespace.,PENDING,
4,LAYER_1,2273,2019,Biology,answer_5,"47,XYY",,1,,REVIEW,MISSING_SPACE_AFTER_PUNCTUATION,MEDIUM,May be punctuation followed by missing whitespace.,PENDING,
4,LAYER_1,2273,2019,Biology,question,A young man has come to the genetic consultation. He complains of abnormalities in his physical and reproductive development.Microscopy of his oral mucosa cells shows one Barr body. What karyotype is the most likely in this young man?,,1,,REVIEW,MISSING_SPACE_AFTER_PUNCTUATION,MEDIUM,May be punctuation followed by missing whitespace.,PENDING,
4,LAYER_1,2277,2020,Biology,question,It has been found experimentally that activation of amino acids and their binding to the tRNA is an important stage of preparation for protein synthesis in the cells. What substance takes part in this process?,tRNA,1,,REVIEW,OCR_CASE_CORRUPTION,HIGH,Suspicious uppercase sequence inside a word; possible PDF/OCR corruption.,PENDING,
4,LAYER_1,228,2011,Pathophysiology,answer_3,M g 2+ loss by cardiac hystiocytes,,1,,REVIEW,SCIENTIFIC_NOTATION,MEDIUM,Possible OCR spacing problem in medical/scientific notation.,PENDING,
4,LAYER_1,2288,2021,Biology,question,The initiation of transcription process becomes possible when an enzyme DNA- dependent RNA polymerase attaches to a certain segment of DNA molecule. Name this DNA segment:,,1,,REVIEW,BROKEN_WORD_WITH_SPACE,MEDIUM,Possible word split by PDF/OCR line wrapping; may also be legitimate hyphenation and requires review.,PENDING,
4,LAYER_1,2289,2021,Biology,question,A mutation has occurred :n a cell in the first exon of the structural cene. The number of nucleotide pair's changed from 290 to 250.,,1,,REVIEW,MISSING_SPACE_AFTER_PUNCTUATION,MEDIUM,May be punctuation followed by missing whitespace.,PENDING,
4,LAYER_1,2289,2021,Biology,question,A mutation has occurred :n a cell in the first exon of the structural cene. The number of nucleotide pair's changed from 290 to 250.,,1,,REVIEW,SCIENTIFIC_NOTATION,MEDIUM,Possible OCR spacing problem in medical/scientific notation.,PENDING,
4,LAYER_1,2292,2021,Biology,question,"After a thorough examination, a man, who has returned to Ukraine from the Central Asia, was provisionally diagnosed with spring- summer encephalitis. In such cases, the causative agent is transmitted via the bites of a certain arthropod. Name this arthropod:",,1,,REVIEW,BROKEN_WORD_WITH_SPACE,MEDIUM,Possible word split by PDF/OCR line wrapping; may also be legitimate hyphenation and requires review.,PENDING,
4,LAYER_1,2308,2007,Histology,question,"101. Hospital has received a 24-year-old man, who had received a penetrating wound to the eye,which has caused the vitreous body to run out. As the result of this, retinal detachment occurred. What retinal layer was tightly adherent to the vascular tunic of the eye and did not detach?",,1,,REVIEW,MISSING_SPACE_AFTER_PUNCTUATION,MEDIUM,May be punctuation followed by missing whitespace.,PENDING,
4,LAYER_1,2374,2007,Histology,question,7. An embryo displays disturbed process of dorsal mesoderm segmentation and somite formation.What part of skin will have developmental abnormalities?,,1,,REVIEW,MISSING_SPACE_AFTER_PUNCTUATION,MEDIUM,May be punctuation followed by missing whitespace.,PENDING,
4,LAYER_1,2375,2007,Histology,question,70. Histologic specimen of a kidney demonstrates cells closely adjoined to the renal corpuscle in the distal convoluted tubule.Their basement membrane is extremely thin and has no folds.These cells sense the changes in sodium content of urine and influence renin secretion occurring in juxtaglomerular cells.Name these cells:,,1,,REVIEW,MISSING_SPACE_AFTER_PUNCTUATION,MEDIUM,May be punctuation followed by missing whitespace.,PENDING,
4,LAYER_1,2377,2007,Histology,question,"72. A 12-year-old patient has white non- pigmented spots on the skin. The spots appeared after the patient became 10 years old, and they constantly grow. This spots appeared due to the lack of the following skin cells:",,1,,REVIEW,BROKEN_WORD_WITH_SPACE,MEDIUM,Possible word split by PDF/OCR line wrapping; may also be legitimate hyphenation and requires review.,PENDING,
4,LAYER_1,2381,2007,Histology,answer_1,A.White adipose tissue,,1,,REVIEW,MISSING_SPACE_AFTER_PUNCTUATION,MEDIUM,May be punctuation followed by missing whitespace.,PENDING,
4,LAYER_1,2386,2007,Histology,question,80. Histological specimen of a hemopoietic organ shows clusters of node-and band- shaped lymphocytes that along with stroma elements compose cortical and medullar substances .Name this organ:,,1,,REVIEW,BROKEN_WORD_WITH_SPACE,MEDIUM,Possible word split by PDF/OCR line wrapping; may also be legitimate hyphenation and requires review.,PENDING,
4,LAYER_1,2386,2007,Histology,question,80. Histological specimen of a hemopoietic organ shows clusters of node-and band- shaped lymphocytes that along with stroma elements compose cortical and medullar substances .Name this organ:,,1,,REVIEW,MISSING_SPACE_AFTER_PUNCTUATION,MEDIUM,May be punctuation followed by missing whitespace.,PENDING,
4,LAYER_1,2391,2007,Histology,answer_4,Сorpus luteum,Сorpus,1,,REVIEW,CYRILLIC_CONFUSABLE,HIGH,Mixed Latin/Cyrillic token detected; possible visually confusable OCR character.,PENDING,
4,LAYER_1,2392,2007,Histology,question,86. Histological specimen demonstrates a parenchymal organ with cortical and medullary substances. The cortical substance is composed of bands of epithelial cells with capillary blood vessels between them. The bands form three zones. The medullary substance consists of сhromaffin cells and venous sinusoids. What organ can be characterized by these morphological features?,сhromaffin,1,,REVIEW,CYRILLIC_CONFUSABLE,HIGH,Mixed Latin/Cyrillic token detected; possible visually confusable OCR character.,PENDING,
4,LAYER_1,2395,2007,Histology,question,"89. A patient with pneumonia has body temperature of 39,2oC. What cells are the main producers of endogenous pyrogen that had caused such temperature rise?",,1,,REVIEW,TEMPERATURE_FORMAT,HIGH,Possible OCR corruption in temperature notation.,PENDING,
4,LAYER_1,2407,2018,Histology,question,An 18-year-old student presents with enlarged thyroid gland accompanied by accelerated metabolism and increased heart rate. These signs can be observed during hypersecretion of thyroxin.What organelles of thyroid cells are primarily responsible for hormone production and secretion?,,1,,REVIEW,MISSING_SPACE_AFTER_PUNCTUATION,MEDIUM,May be punctuation followed by missing whitespace.,PENDING,
4,LAYER_1,2409,2018,Histology,question,During the first year of life an infant presents with disturbed process of breast milk curdling.What cells of the proper gastric glands are functionally disturbed?,,1,,REVIEW,MISSING_SPACE_AFTER_PUNCTUATION,MEDIUM,May be punctuation followed by missing whitespace.,PENDING,
4,LAYER_1,241,2011,Pathophysiology,answer_5,Weakening of the pumbing ability of heart,pumbing,1,pumping,REVIEW,KNOWN_LEXICAL_TYPO,HIGH,Known lexical anomaly identified during manual validation.,PENDING,
4,LAYER_1,2411,2018,Histology,question,Histological specimen shows organ parenchyma to consist of lymphoid tissue that forms lymph nodules;the nodules are located diffusely and have a central artery.What anatomical structure has such morphological characteristics?,,1,,REVIEW,MISSING_SPACE_AFTER_PUNCTUATION,MEDIUM,May be punctuation followed by missing whitespace.,PENDING,
4,LAYER_1,2412,2018,Histology,question,A microslide of the lung tissue sample taken from a patient with pneumonia shows damage to the cells that carry out respiratory function.What cells of the alveolar wall are damaged?,,1,,REVIEW,MISSING_SPACE_AFTER_PUNCTUATION,MEDIUM,May be punctuation followed by missing whitespace.,PENDING,
4,LAYER_1,2413,2018,Histology,question,An electron micrograph of a nephron segment shows cuboidal cells with ciliated lining on their apical surfaces; their basal surfaces have basal striation with mi- tochondria located between the cytolemma invaginations.Name the described nephron segment:,,1,,REVIEW,BROKEN_WORD_WITH_SPACE,MEDIUM,Possible word split by PDF/OCR line wrapping; may also be legitimate hyphenation and requires review.,PENDING,
4,LAYER_1,2413,2018,Histology,question,An electron micrograph of a nephron segment shows cuboidal cells with ciliated lining on their apical surfaces; their basal surfaces have basal striation with mi- tochondria located between the cytolemma invaginations.Name the described nephron segment:,,1,,REVIEW,MISSING_SPACE_AFTER_PUNCTUATION,MEDIUM,May be punctuation followed by missing whitespace.,PENDING,
4,LAYER_1,2414,2018,Histology,question,A specimen of a10-day-old human embryo shows two interconnected sacs (amniotic andyolksacs).Name the structure located in the place where these two sacs connect:,,1,,REVIEW,MISSING_SPACE_AFTER_PUNCTUATION,MEDIUM,May be punctuation followed by missing whitespace.,PENDING,
4,LAYER_1,2415,2018,Histology,question,A microslide of the skin sample taken from the finger of a child shows that epi- dermis is insufficiently developed.What germ layer was damaged in the process of embryo development?,,1,,REVIEW,BROKEN_WORD_WITH_SPACE,MEDIUM,Possible word split by PDF/OCR line wrapping; may also be legitimate hyphenation and requires review.,PENDING,
4,LAYER_1,2415,2018,Histology,question,A microslide of the skin sample taken from the finger of a child shows that epi- dermis is insufficiently developed.What germ layer was damaged in the process of embryo development?,,1,,REVIEW,MISSING_SPACE_AFTER_PUNCTUATION,MEDIUM,May be punctuation followed by missing whitespace.,PENDING,
4,LAYER_1,2416,2018,Histology,question,An electron micrograph shows a small vessel with endothelial layer but without basement membrane and pericytes; anchoring fibrilsare present.Name this vessel:,,1,,REVIEW,MISSING_SPACE_AFTER_PUNCTUATION,MEDIUM,May be punctuation followed by missing whitespace.,PENDING,
4,LAYER_1,2417,2018,Histology,question,Parenchyma of an organ is composed of pseudounipolar neurons localized under the capsule of connective tissue.Centra lplace belongs to nerve fibers.Name this organ:,,1,,REVIEW,MISSING_SPACE_AFTER_PUNCTUATION,MEDIUM,May be punctuation followed by missing whitespace.,PENDING,
4,LAYER_1,2418,2018,Histology,question,An 8-year-old girl presents with signs of disturbed twilightvision.This conditionis caused by the deficiency of vitamin:,,1,,REVIEW,MISSING_SPACE_AFTER_PUNCTUATION,MEDIUM,May be punctuation followed by missing whitespace.,PENDING,
4,LAYER_1,2427,2019,Histology,question,"A 14-year old girl presents to the emergency department for evaluation of an ’’infected leg’.’ She states there is no history of trauma but mentions she had a history of sickle cell disease. On physical examination, her upper part of right shin is very painful, red, swollen and hot. Her temperature is 39.2°C.An X-ray shows focal bony lysis and loss of trabecular architecture in the metaphysis of right tibia. Increased activity of which of the following cells is the most likely cause of bone reabsorption in this patient?",,1,,REVIEW,MISSING_SPACE_AFTER_PUNCTUATION,MEDIUM,May be punctuation followed by missing whitespace.,PENDING,
4,LAYER_1,2427,2019,Histology,question,"A 14-year old girl presents to the emergency department for evaluation of an ’’infected leg’.’ She states there is no history of trauma but mentions she had a history of sickle cell disease. On physical examination, her upper part of right shin is very painful, red, swollen and hot. Her temperature is 39.2°C.An X-ray shows focal bony lysis and loss of trabecular architecture in the metaphysis of right tibia. Increased activity of which of the following cells is the most likely cause of bone reabsorption in this patient?",,1,,REVIEW,TEMPERATURE_FORMAT,HIGH,Possible OCR corruption in temperature notation.,PENDING,
4,LAYER_1,2430,2019,Histology,question,"An unidentified surgical specimen is received for histopathologic analysis. A portion of the specimen is cut and stained with hematoxylin and eosin. Under the microscope, you see an organ encapsulated by dense connective tissue that extends to the deeper areas by way of the trabecular extensions. The organ can be subdivided into two regions: a cortex with lymphoid nodules and medulla with medullary cords populated by plasma cells, В-cells and T-cells. Which of the following structures is most likely the origin of this surgical specimen?",В-cells,1,,REVIEW,CYRILLIC_CONFUSABLE,HIGH,Mixed Latin/Cyrillic token detected; possible visually confusable OCR character.,PENDING,
4,LAYER_1,2436,2020,Histology,topic,uRINARY SYSTEM,uRINARY,1,,REVIEW,OCR_CASE_CORRUPTION,HIGH,Suspicious uppercase sequence inside a word; possible PDF/OCR corruption.,PENDING,
4,LAYER_1,2441,2021,Histology,question,"A histological specimen demonstrates a vessel with the wall that consists of endothelium, basement membrane, and loose connective tissueю.TTRlrv&sscl belongs to the following type",,1,,REVIEW,MISSING_SPACE_AFTER_PUNCTUATION,MEDIUM,May be punctuation followed by missing whitespace.,PENDING,
4,LAYER_1,2441,2021,Histology,question,"A histological specimen demonstrates a vessel with the wall that consists of endothelium, basement membrane, and loose connective tissueю.TTRlrv&sscl belongs to the following type",tissueю,1,,REVIEW,CYRILLIC_CONFUSABLE,HIGH,Mixed Latin/Cyrillic token detected; possible visually confusable OCR character.,PENDING,
4,LAYER_1,2445,2021,Histology,question,"One of the parts of the central nervous system has a layered arrangement of neurons, among which there are ^stellate. spindle- shaped, horizontal, and pyramidal cells. This structure corresponds with the following part of the nervous system",,1,,REVIEW,BROKEN_WORD_WITH_SPACE,MEDIUM,Possible word split by PDF/OCR line wrapping; may also be legitimate hyphenation and requires review.,PENDING,
4,LAYER_1,2454,2023,Biochemistry,topic,Water- and fat-soluble vitamins,,1,,REVIEW,BROKEN_WORD_WITH_SPACE,MEDIUM,Possible word split by PDF/OCR line wrapping; may also be legitimate hyphenation and requires review.,PENDING,
4,LAYER_1,2457,2023,Biochemistry,question,"In the nucleus of a cell, a molecule of mature mRNA, which is smaller in size, was formed from a larger molecule of immature mRNA. The stages of this transformation together are called: Крок 2 Medicine (англомовний варiант, iноземнi студенти) 2017-2007 - BIOCHEMISTRY",mRNA,1,,REVIEW,OCR_CASE_CORRUPTION,HIGH,Suspicious uppercase sequence inside a word; possible PDF/OCR corruption.,PENDING,
4,LAYER_1,2457,2023,Biochemistry,question,"In the nucleus of a cell, a molecule of mature mRNA, which is smaller in size, was formed from a larger molecule of immature mRNA. The stages of this transformation together are called: Крок 2 Medicine (англомовний варiант, iноземнi студенти) 2017-2007 - BIOCHEMISTRY",варiант,1,,REVIEW,CYRILLIC_CONFUSABLE,HIGH,Mixed Latin/Cyrillic token detected; possible visually confusable OCR character.,PENDING,
4,LAYER_1,2457,2023,Biochemistry,question,"In the nucleus of a cell, a molecule of mature mRNA, which is smaller in size, was formed from a larger molecule of immature mRNA. The stages of this transformation together are called: Крок 2 Medicine (англомовний варiант, iноземнi студенти) 2017-2007 - BIOCHEMISTRY",iноземнi,1,,REVIEW,CYRILLIC_CONFUSABLE,HIGH,Mixed Latin/Cyrillic token detected; possible visually confusable OCR character.,PENDING,
4,LAYER_1,2460,2023,Biochemistry,answer_5,"Amino acid deamination Крок 2 Medicine (англомовний варiант, iноземнi студенти) 2017-2007 - BIOCHEMISTRY",варiант,1,,REVIEW,CYRILLIC_CONFUSABLE,HIGH,Mixed Latin/Cyrillic token detected; possible visually confusable OCR character.,PENDING,
4,LAYER_1,2460,2023,Biochemistry,answer_5,"Amino acid deamination Крок 2 Medicine (англомовний варiант, iноземнi студенти) 2017-2007 - BIOCHEMISTRY",iноземнi,1,,REVIEW,CYRILLIC_CONFUSABLE,HIGH,Mixed Latin/Cyrillic token detected; possible visually confusable OCR character.,PENDING,
4,LAYER_1,2463,2023,Biochemistry,topic,Water- and fat-soluble vitamins,,1,,REVIEW,BROKEN_WORD_WITH_SPACE,MEDIUM,Possible word split by PDF/OCR line wrapping; may also be legitimate hyphenation and requires review.,PENDING,
4,LAYER_1,2464,2023,Biochemistry,answer_3,"Transcription inhibition Крок 2 Medicine (англомовний варiант, iноземнi студенти) 2017-2007 - BIOCHEMISTRY",варiант,1,,REVIEW,CYRILLIC_CONFUSABLE,HIGH,Mixed Latin/Cyrillic token detected; possible visually confusable OCR character.,PENDING,
4,LAYER_1,2464,2023,Biochemistry,answer_3,"Transcription inhibition Крок 2 Medicine (англомовний варiант, iноземнi студенти) 2017-2007 - BIOCHEMISTRY",iноземнi,1,,REVIEW,CYRILLIC_CONFUSABLE,HIGH,Mixed Latin/Cyrillic token detected; possible visually confusable OCR character.,PENDING,
4,LAYER_1,2467,2023,Biochemistry,topic,Water- and fat-soluble vitamins,,1,,REVIEW,BROKEN_WORD_WITH_SPACE,MEDIUM,Possible word split by PDF/OCR line wrapping; may also be legitimate hyphenation and requires review.,PENDING,
4,LAYER_1,2468,2023,Biochemistry,question,"A man was hospitalized with provisional diagnosis of acute pancreatitis. What enzyme activity must be measured in the patient’s blood and urine to confirm this diagnosis? Крок 2 Medicine (англомовний варiант, iноземнi студенти) 2017-2007 - BIOCHEMISTRY",варiант,1,,REVIEW,CYRILLIC_CONFUSABLE,HIGH,Mixed Latin/Cyrillic token detected; possible visually confusable OCR character.,PENDING,
4,LAYER_1,2468,2023,Biochemistry,question,"A man was hospitalized with provisional diagnosis of acute pancreatitis. What enzyme activity must be measured in the patient’s blood and urine to confirm this diagnosis? Крок 2 Medicine (англомовний варiант, iноземнi студенти) 2017-2007 - BIOCHEMISTRY",iноземнi,1,,REVIEW,CYRILLIC_CONFUSABLE,HIGH,Mixed Latin/Cyrillic token detected; possible visually confusable OCR character.,PENDING,
4,LAYER_1,247,2009,Pathophysiology,answer_2,InsufFIcient FIbrin production,InsufFIcient,1,,REVIEW,OCR_CASE_CORRUPTION,HIGH,Suspicious uppercase sequence inside a word; possible PDF/OCR corruption.,PENDING,
4,LAYER_1,2475,2023,Biochemistry,answer_2,"- Крок 2 Medicine (англомовний варiант, iноземнi студенти) 2017-2007 - BIOCHEMISTRY",варiант,1,,REVIEW,CYRILLIC_CONFUSABLE,HIGH,Mixed Latin/Cyrillic token detected; possible visually confusable OCR character.,PENDING,
4,LAYER_1,2475,2023,Biochemistry,answer_2,"- Крок 2 Medicine (англомовний варiант, iноземнi студенти) 2017-2007 - BIOCHEMISTRY",iноземнi,1,,REVIEW,CYRILLIC_CONFUSABLE,HIGH,Mixed Latin/Cyrillic token detected; possible visually confusable OCR character.,PENDING,
4,LAYER_1,2476,2023,Biochemistry,question,"There are several stages in the process of translation. At one of these stages, a complex forms that consists of a ribosome, mRNA, and aminoacyl-tRNA-melhionine. What is the name of this stage?",mRNA,1,,REVIEW,OCR_CASE_CORRUPTION,HIGH,Suspicious uppercase sequence inside a word; possible PDF/OCR corruption.,PENDING,
4,LAYER_1,2476,2023,Biochemistry,question,"There are several stages in the process of translation. At one of these stages, a complex forms that consists of a ribosome, mRNA, and aminoacyl-tRNA-melhionine. What is the name of this stage?",tRNA,1,,REVIEW,OCR_CASE_CORRUPTION,HIGH,Suspicious uppercase sequence inside a word; possible PDF/OCR corruption.,PENDING,
4,LAYER_1,2479,2023,Biochemistry,topic,"Hormonal regulation of metabolism Крок 2 Medicine (англомовний варiант, iноземнi студенти) 2017-2007 - BIOCHEMISTRY",варiант,1,,REVIEW,CYRILLIC_CONFUSABLE,HIGH,Mixed Latin/Cyrillic token detected; possible visually confusable OCR character.,PENDING,
4,LAYER_1,2479,2023,Biochemistry,topic,"Hormonal regulation of metabolism Крок 2 Medicine (англомовний варiант, iноземнi студенти) 2017-2007 - BIOCHEMISTRY",iноземнi,1,,REVIEW,CYRILLIC_CONFUSABLE,HIGH,Mixed Latin/Cyrillic token detected; possible visually confusable OCR character.,PENDING,
4,LAYER_1,2482,2023,Biochemistry,answer_3,"Tocopherol Крок 2 Medicine (англомовний варiант, iноземнi студенти) 2017-2007 - BIOCHEMISTRY",варiант,1,,REVIEW,CYRILLIC_CONFUSABLE,HIGH,Mixed Latin/Cyrillic token detected; possible visually confusable OCR character.,PENDING,
4,LAYER_1,2482,2023,Biochemistry,answer_3,"Tocopherol Крок 2 Medicine (англомовний варiант, iноземнi студенти) 2017-2007 - BIOCHEMISTRY",iноземнi,1,,REVIEW,CYRILLIC_CONFUSABLE,HIGH,Mixed Latin/Cyrillic token detected; possible visually confusable OCR character.,PENDING,
4,LAYER_1,2482,2023,Biochemistry,topic,Water- and fat-soluble vitamins,,1,,REVIEW,BROKEN_WORD_WITH_SPACE,MEDIUM,Possible word split by PDF/OCR line wrapping; may also be legitimate hyphenation and requires review.,PENDING,
4,LAYER_1,2483,2023,Biochemistry,topic,Water- and fat-soluble vitamins,,1,,REVIEW,BROKEN_WORD_WITH_SPACE,MEDIUM,Possible word split by PDF/OCR line wrapping; may also be legitimate hyphenation and requires review.,PENDING,
4,LAYER_1,2486,2023,Biochemistry,question,"A 55-ycar-old patient is being monitored by an endocrinologist for disturbed endocrine function of the pancreas, which manifests as a decrease in glucagon levels in the blood. What pancreatic cells are dysfunctional in this case? Крок 2 Medicine (англомовний варiант, iноземнi студенти) 2017-2007 - BIOCHEMISTRY",варiант,1,,REVIEW,CYRILLIC_CONFUSABLE,HIGH,Mixed Latin/Cyrillic token detected; possible visually confusable OCR character.,PENDING,
4,LAYER_1,2486,2023,Biochemistry,question,"A 55-ycar-old patient is being monitored by an endocrinologist for disturbed endocrine function of the pancreas, which manifests as a decrease in glucagon levels in the blood. What pancreatic cells are dysfunctional in this case? Крок 2 Medicine (англомовний варiант, iноземнi студенти) 2017-2007 - BIOCHEMISTRY",iноземнi,1,,REVIEW,CYRILLIC_CONFUSABLE,HIGH,Mixed Latin/Cyrillic token detected; possible visually confusable OCR character.,PENDING,
4,LAYER_1,249,2009,Pathophysiology,answer_4,Reßectrory paresis,ß,1,,REVIEW,OCR_CHARACTER_CORRUPTION,HIGH,Suspicious OCR character detected.,PENDING,
4,LAYER_1,2491,2017,Biochemistry,topic,:Anabolism of carbohydrates,,1,,REVIEW,MISSING_SPACE_AFTER_PUNCTUATION,MEDIUM,May be punctuation followed by missing whitespace.,PENDING,
4,LAYER_1,2493,2017,Biochemistry,answer_1,"Conjugated bilirubin Крок 2 Medicine (англомовний варiант, iноземнi студенти) 2017-2007 - BIOCHEMISTRY",варiант,1,,REVIEW,CYRILLIC_CONFUSABLE,HIGH,Mixed Latin/Cyrillic token detected; possible visually confusable OCR character.,PENDING,
4,LAYER_1,2493,2017,Biochemistry,answer_1,"Conjugated bilirubin Крок 2 Medicine (англомовний варiант, iноземнi студенти) 2017-2007 - BIOCHEMISTRY",iноземнi,1,,REVIEW,CYRILLIC_CONFUSABLE,HIGH,Mixed Latin/Cyrillic token detected; possible visually confusable OCR character.,PENDING,
4,LAYER_1,2497,2017,Biochemistry,topic,"Characteristics of the hemostasis system and immune processes Крок 2 Medicine (англомовний варiант, iноземнi студенти) 2017-2007 - BIOCHEMISTRY",варiант,1,,REVIEW,CYRILLIC_CONFUSABLE,HIGH,Mixed Latin/Cyrillic token detected; possible visually confusable OCR character.,PENDING,
4,LAYER_1,2497,2017,Biochemistry,topic,"Characteristics of the hemostasis system and immune processes Крок 2 Medicine (англомовний варiант, iноземнi студенти) 2017-2007 - BIOCHEMISTRY",iноземнi,1,,REVIEW,CYRILLIC_CONFUSABLE,HIGH,Mixed Latin/Cyrillic token detected; possible visually confusable OCR character.,PENDING,
4,LAYER_1,2500,2017,Biochemistry,answer_4,"Activation of apoА1, apoА2, and apoА4 apolipoprotein synthesis Крок 2 Medicine (англомовний варiант, iноземнi студенти) 2017-2007 - BIOCHEMISTRY",apoА1,1,,REVIEW,CYRILLIC_CONFUSABLE,HIGH,Mixed Latin/Cyrillic token detected; possible visually confusable OCR character.,PENDING,
4,LAYER_1,2500,2017,Biochemistry,answer_4,"Activation of apoА1, apoА2, and apoА4 apolipoprotein synthesis Крок 2 Medicine (англомовний варiант, iноземнi студенти) 2017-2007 - BIOCHEMISTRY",apoА2,1,,REVIEW,CYRILLIC_CONFUSABLE,HIGH,Mixed Latin/Cyrillic token detected; possible visually confusable OCR character.,PENDING,
4,LAYER_1,2500,2017,Biochemistry,answer_4,"Activation of apoА1, apoА2, and apoА4 apolipoprotein synthesis Крок 2 Medicine (англомовний варiант, iноземнi студенти) 2017-2007 - BIOCHEMISTRY",apoА4,1,,REVIEW,CYRILLIC_CONFUSABLE,HIGH,Mixed Latin/Cyrillic token detected; possible visually confusable OCR character.,PENDING,
4,LAYER_1,2500,2017,Biochemistry,answer_4,"Activation of apoА1, apoА2, and apoА4 apolipoprotein synthesis Крок 2 Medicine (англомовний варiант, iноземнi студенти) 2017-2007 - BIOCHEMISTRY",варiант,1,,REVIEW,CYRILLIC_CONFUSABLE,HIGH,Mixed Latin/Cyrillic token detected; possible visually confusable OCR character.,PENDING,
4,LAYER_1,2500,2017,Biochemistry,answer_4,"Activation of apoА1, apoА2, and apoА4 apolipoprotein synthesis Крок 2 Medicine (англомовний варiант, iноземнi студенти) 2017-2007 - BIOCHEMISTRY",iноземнi,1,,REVIEW,CYRILLIC_CONFUSABLE,HIGH,Mixed Latin/Cyrillic token detected; possible visually confusable OCR character.,PENDING,
4,LAYER_1,2504,2017,Biochemistry,question,"Depression and emotional disturbances result from the lack of noradrenaline, serotonin, and other biogenic amines in the brain. Their content in the synapses can be increased through administration of antidepressants that inhibit the following enzyme: Крок 2 Medicine (англомовний варiант, iноземнi студенти) 2017-2007 - BIOCHEMISTRY",варiант,1,,REVIEW,CYRILLIC_CONFUSABLE,HIGH,Mixed Latin/Cyrillic token detected; possible visually confusable OCR character.,PENDING,
4,LAYER_1,2504,2017,Biochemistry,question,"Depression and emotional disturbances result from the lack of noradrenaline, serotonin, and other biogenic amines in the brain. Their content in the synapses can be increased through administration of antidepressants that inhibit the following enzyme: Крок 2 Medicine (англомовний варiант, iноземнi студенти) 2017-2007 - BIOCHEMISTRY",iноземнi,1,,REVIEW,CYRILLIC_CONFUSABLE,HIGH,Mixed Latin/Cyrillic token detected; possible visually confusable OCR character.,PENDING,
4,LAYER_1,251,2009,Pathophysiology,answer_2,Inßammatory,ß,1,,REVIEW,OCR_CHARACTER_CORRUPTION,HIGH,Suspicious OCR character detected.,PENDING,
4,LAYER_1,251,2009,Pathophysiology,question,"A female patient suffering from bronchial asthma had got a viral infection that provoked status asthmaticus with fatal outcome. Histological examination of lungs revealed spasm and edema of bronchioles, apparent inFIltration of their walls with lymphocytes, eosinophils and other leukocytes; labrocyte degranulation. What mechanism of hypersensitivity underlies the described alterations?",inFIltration,1,,REVIEW,OCR_CASE_CORRUPTION,HIGH,Suspicious uppercase sequence inside a word; possible PDF/OCR corruption.,PENDING,
4,LAYER_1,2511,2017,Biochemistry,answer_2,"Translation initiation in eucaryotes Крок 2 Medicine (англомовний варiант, iноземнi студенти) 2017-2007 - BIOCHEMISTRY",варiант,1,,REVIEW,CYRILLIC_CONFUSABLE,HIGH,Mixed Latin/Cyrillic token detected; possible visually confusable OCR character.,PENDING,
4,LAYER_1,2511,2017,Biochemistry,answer_2,"Translation initiation in eucaryotes Крок 2 Medicine (англомовний варiант, iноземнi студенти) 2017-2007 - BIOCHEMISTRY",iноземнi,1,,REVIEW,CYRILLIC_CONFUSABLE,HIGH,Mixed Latin/Cyrillic token detected; possible visually confusable OCR character.,PENDING,
4,LAYER_1,2511,2017,Biochemistry,question,Streptomycin and other aminoglycosides prevent the joining of formyl-methionyl-tRNA by bonding with the 30S ribosomal subunit. This effect leads to disruption of the following process:,tRNA,1,,REVIEW,OCR_CASE_CORRUPTION,HIGH,Suspicious uppercase sequence inside a word; possible PDF/OCR corruption.,PENDING,
4,LAYER_1,2515,2017,Biochemistry,topic,"Nutrition biochemistry and vitamins fundamental Крок 2 Medicine (англомовний варiант, iноземнi студенти) 2017-2007 - BIOCHEMISTRY",варiант,1,,REVIEW,CYRILLIC_CONFUSABLE,HIGH,Mixed Latin/Cyrillic token detected; possible visually confusable OCR character.,PENDING,
4,LAYER_1,2515,2017,Biochemistry,topic,"Nutrition biochemistry and vitamins fundamental Крок 2 Medicine (англомовний варiант, iноземнi студенти) 2017-2007 - BIOCHEMISTRY",iноземнi,1,,REVIEW,CYRILLIC_CONFUSABLE,HIGH,Mixed Latin/Cyrillic token detected; possible visually confusable OCR character.,PENDING,
4,LAYER_1,2518,2016,Biochemistry,answer_2,"Catalase Крок 2 Medicine (англомовний варiант, iноземнi студенти) 2017-2007 - BIOCHEMISTRY",варiант,1,,REVIEW,CYRILLIC_CONFUSABLE,HIGH,Mixed Latin/Cyrillic token detected; possible visually confusable OCR character.,PENDING,
4,LAYER_1,2518,2016,Biochemistry,answer_2,"Catalase Крок 2 Medicine (англомовний варiант, iноземнi студенти) 2017-2007 - BIOCHEMISTRY",iноземнi,1,,REVIEW,CYRILLIC_CONFUSABLE,HIGH,Mixed Latin/Cyrillic token detected; possible visually confusable OCR character.,PENDING,
4,LAYER_1,2522,2016,Biochemistry,topic,"Nutrition biochemistry and vitamins fundamental Крок 2 Medicine (англомовний варiант, iноземнi студенти) 2017-2007 - BIOCHEMISTRY",варiант,1,,REVIEW,CYRILLIC_CONFUSABLE,HIGH,Mixed Latin/Cyrillic token detected; possible visually confusable OCR character.,PENDING,
4,LAYER_1,2522,2016,Biochemistry,topic,"Nutrition biochemistry and vitamins fundamental Крок 2 Medicine (англомовний варiант, iноземнi студенти) 2017-2007 - BIOCHEMISTRY",iноземнi,1,,REVIEW,CYRILLIC_CONFUSABLE,HIGH,Mixed Latin/Cyrillic token detected; possible visually confusable OCR character.,PENDING,
4,LAYER_1,2524,2016,Biochemistry,topic,Mechanisms of urine formation.Pathological components in urine,,1,,REVIEW,MISSING_SPACE_AFTER_PUNCTUATION,MEDIUM,May be punctuation followed by missing whitespace.,PENDING,
4,LAYER_1,2525,2016,Biochemistry,answer_1,"Unconjugated bilirubin Крок 2 Medicine (англомовний варiант, iноземнi студенти) 2017-2007 - BIOCHEMISTRY",варiант,1,,REVIEW,CYRILLIC_CONFUSABLE,HIGH,Mixed Latin/Cyrillic token detected; possible visually confusable OCR character.,PENDING,
4,LAYER_1,2525,2016,Biochemistry,answer_1,"Unconjugated bilirubin Крок 2 Medicine (англомовний варiант, iноземнi студенти) 2017-2007 - BIOCHEMISTRY",iноземнi,1,,REVIEW,CYRILLIC_CONFUSABLE,HIGH,Mixed Latin/Cyrillic token detected; possible visually confusable OCR character.,PENDING,
4,LAYER_1,2529,2016,Biochemistry,topic,"Characteristics and intracellular lipid metabolism Крок 2 Medicine (англомовний варiант, iноземнi студенти) 2017-2007 - BIOCHEMISTRY",варiант,1,,REVIEW,CYRILLIC_CONFUSABLE,HIGH,Mixed Latin/Cyrillic token detected; possible visually confusable OCR character.,PENDING,
4,LAYER_1,2529,2016,Biochemistry,topic,"Characteristics and intracellular lipid metabolism Крок 2 Medicine (англомовний варiант, iноземнi студенти) 2017-2007 - BIOCHEMISTRY",iноземнi,1,,REVIEW,CYRILLIC_CONFUSABLE,HIGH,Mixed Latin/Cyrillic token detected; possible visually confusable OCR character.,PENDING,
4,LAYER_1,2532,2016,Biochemistry,answer_4,"Reverse transcription Крок 2 Medicine (англомовний варiант, iноземнi студенти) 2017-2007 - BIOCHEMISTRY",варiант,1,,REVIEW,CYRILLIC_CONFUSABLE,HIGH,Mixed Latin/Cyrillic token detected; possible visually confusable OCR character.,PENDING,
4,LAYER_1,2532,2016,Biochemistry,answer_4,"Reverse transcription Крок 2 Medicine (англомовний варiант, iноземнi студенти) 2017-2007 - BIOCHEMISTRY",iноземнi,1,,REVIEW,CYRILLIC_CONFUSABLE,HIGH,Mixed Latin/Cyrillic token detected; possible visually confusable OCR character.,PENDING,
4,LAYER_1,2536,2016,Biochemistry,question,"A therapeutist has an appointment with a 40-year-old patient complaining of recurrent pain attacks in his hallux joints and their swelling. Urine analysis revealed its marked acidity and pink color. What substances can cause such changes in urine? Крок 2 Medicine (англомовний варiант, iноземнi студенти) 2017-2007 - BIOCHEMISTRY",варiант,1,,REVIEW,CYRILLIC_CONFUSABLE,HIGH,Mixed Latin/Cyrillic token detected; possible visually confusable OCR character.,PENDING,
4,LAYER_1,2536,2016,Biochemistry,question,"A therapeutist has an appointment with a 40-year-old patient complaining of recurrent pain attacks in his hallux joints and their swelling. Urine analysis revealed its marked acidity and pink color. What substances can cause such changes in urine? Крок 2 Medicine (англомовний варiант, iноземнi студенти) 2017-2007 - BIOCHEMISTRY",iноземнi,1,,REVIEW,CYRILLIC_CONFUSABLE,HIGH,Mixed Latin/Cyrillic token detected; possible visually confusable OCR character.,PENDING,
4,LAYER_1,2543,2015,Biochemistry,answer_3,"Pyruvate dehydrogenase Крок 2 Medicine (англомовний варiант, iноземнi студенти) 2017-2007 - BIOCHEMISTRY",варiант,1,,REVIEW,CYRILLIC_CONFUSABLE,HIGH,Mixed Latin/Cyrillic token detected; possible visually confusable OCR character.,PENDING,
4,LAYER_1,2543,2015,Biochemistry,answer_3,"Pyruvate dehydrogenase Крок 2 Medicine (англомовний варiант, iноземнi студенти) 2017-2007 - BIOCHEMISTRY",iноземнi,1,,REVIEW,CYRILLIC_CONFUSABLE,HIGH,Mixed Latin/Cyrillic token detected; possible visually confusable OCR character.,PENDING,
4,LAYER_1,2547,2015,Biochemistry,question,"A 16-year-old adolescent is diagnosed with hereditary UDP (uridine diphosphate) glucuronyltransferase deficiency. Laboratory tests revealed hyperbilirubinemia caused mostly by increased blood content of the following substance: Крок 2 Medicine (англомовний варiант, iноземнi студенти) 2017-2007 - BIOCHEMISTRY",варiант,1,,REVIEW,CYRILLIC_CONFUSABLE,HIGH,Mixed Latin/Cyrillic token detected; possible visually confusable OCR character.,PENDING,
4,LAYER_1,2547,2015,Biochemistry,question,"A 16-year-old adolescent is diagnosed with hereditary UDP (uridine diphosphate) glucuronyltransferase deficiency. Laboratory tests revealed hyperbilirubinemia caused mostly by increased blood content of the following substance: Крок 2 Medicine (англомовний варiант, iноземнi студенти) 2017-2007 - BIOCHEMISTRY",iноземнi,1,,REVIEW,CYRILLIC_CONFUSABLE,HIGH,Mixed Latin/Cyrillic token detected; possible visually confusable OCR character.,PENDING,
4,LAYER_1,255,2009,Pathophysiology,answer_4,Increase of the FIltartion quotient,FIltartion,1,filtration,REVIEW,KNOWN_LEXICAL_TYPO,HIGH,Known lexical anomaly identified during manual validation.,PENDING,
4,LAYER_1,255,2009,Pathophysiology,answer_5,Increase of the renal blood ßow,ß,1,,REVIEW,OCR_CHARACTER_CORRUPTION,HIGH,Suspicious OCR character detected.,PENDING,
4,LAYER_1,2550,2015,Biochemistry,answer_5,"Cystine Крок 2 Medicine (англомовний варiант, iноземнi студенти) 2017-2007 - BIOCHEMISTRY",варiант,1,,REVIEW,CYRILLIC_CONFUSABLE,HIGH,Mixed Latin/Cyrillic token detected; possible visually confusable OCR character.,PENDING,
4,LAYER_1,2550,2015,Biochemistry,answer_5,"Cystine Крок 2 Medicine (англомовний варiант, iноземнi студенти) 2017-2007 - BIOCHEMISTRY",iноземнi,1,,REVIEW,CYRILLIC_CONFUSABLE,HIGH,Mixed Latin/Cyrillic token detected; possible visually confusable OCR character.,PENDING,
4,LAYER_1,2554,2015,Biochemistry,answer_2,"Riboflavin Крок 2 Medicine (англомовний варiант, iноземнi студенти) 2017-2007 - BIOCHEMISTRY",варiант,1,,REVIEW,CYRILLIC_CONFUSABLE,HIGH,Mixed Latin/Cyrillic token detected; possible visually confusable OCR character.,PENDING,
4,LAYER_1,2554,2015,Biochemistry,answer_2,"Riboflavin Крок 2 Medicine (англомовний варiант, iноземнi студенти) 2017-2007 - BIOCHEMISTRY",iноземнi,1,,REVIEW,CYRILLIC_CONFUSABLE,HIGH,Mixed Latin/Cyrillic token detected; possible visually confusable OCR character.,PENDING,
4,LAYER_1,2555,2015,Biochemistry,topic,Mechanisms of urine formation.Pathological components in urine,,1,,REVIEW,MISSING_SPACE_AFTER_PUNCTUATION,MEDIUM,May be punctuation followed by missing whitespace.,PENDING,
4,LAYER_1,2556,2015,Biochemistry,question,"In case of alkaptonuria, homogentisic acid is excreted in urine in large amounts. The development of this disease is associated with metabolic disorder of the followi-ng amino acid:",followi-ng,1,,REVIEW,POSSIBLE_BROKEN_WORD,MEDIUM,Likely OCR/PDF word split detected. Manual review required.,PENDING,
4,LAYER_1,2557,2015,Biochemistry,answer_5,"Fumaric acid Крок 2 Medicine (англомовний варiант, iноземнi студенти) 2017-2007 - BIOCHEMISTRY",варiант,1,,REVIEW,CYRILLIC_CONFUSABLE,HIGH,Mixed Latin/Cyrillic token detected; possible visually confusable OCR character.,PENDING,
4,LAYER_1,2557,2015,Biochemistry,answer_5,"Fumaric acid Крок 2 Medicine (англомовний варiант, iноземнi студенти) 2017-2007 - BIOCHEMISTRY",iноземнi,1,,REVIEW,CYRILLIC_CONFUSABLE,HIGH,Mixed Latin/Cyrillic token detected; possible visually confusable OCR character.,PENDING,
4,LAYER_1,2560,2015,Biochemistry,question,"A patient, who has been suffering for a long time from intestine disbacteriosis, has increased hemorrhaging caused by disruption of posttranslational modification of blood-coagulation factors II, VII, IХ, and Х in the liver. What vitamin deficiency is the cause of this condition?",IХ,1,,REVIEW,CYRILLIC_CONFUSABLE,HIGH,Mixed Latin/Cyrillic token detected; possible visually confusable OCR character.,PENDING,
4,LAYER_1,2561,2015,Biochemistry,answer_1,"Triacylglycerol lipase Крок 2 Medicine (англомовний варiант, iноземнi студенти) 2017-2007 - BIOCHEMISTRY",варiант,1,,REVIEW,CYRILLIC_CONFUSABLE,HIGH,Mixed Latin/Cyrillic token detected; possible visually confusable OCR character.,PENDING,
4,LAYER_1,2561,2015,Biochemistry,answer_1,"Triacylglycerol lipase Крок 2 Medicine (англомовний варiант, iноземнi студенти) 2017-2007 - BIOCHEMISTRY",iноземнi,1,,REVIEW,CYRILLIC_CONFUSABLE,HIGH,Mixed Latin/Cyrillic token detected; possible visually confusable OCR character.,PENDING,
4,LAYER_1,2564,2015,Biochemistry,answer_5,"krok 2014 Крок 2 Medicine (англомовний варiант, iноземнi студенти) 2017-2007 - BIOCHEMISTRY",варiант,1,,REVIEW,CYRILLIC_CONFUSABLE,HIGH,Mixed Latin/Cyrillic token detected; possible visually confusable OCR character.,PENDING,
4,LAYER_1,2564,2015,Biochemistry,answer_5,"krok 2014 Крок 2 Medicine (англомовний варiант, iноземнi студенти) 2017-2007 - BIOCHEMISTRY",iноземнi,1,,REVIEW,CYRILLIC_CONFUSABLE,HIGH,Mixed Latin/Cyrillic token detected; possible visually confusable OCR character.,PENDING,
4,LAYER_1,2567,2014,Biochemistry,question,"A 46-year-old female patient consulted a doctor about pain in the small joints of the upper and lower limbs. The joints are enlarged and shaped like thickened nodes. Serum test revealed an increase in urate concentration. This might be caused by a disorder in metabolism of: Крок 2 Medicine (англомовний варiант, iноземнi студенти) 2017-2007 - BIOCHEMISTRY",варiант,1,,REVIEW,CYRILLIC_CONFUSABLE,HIGH,Mixed Latin/Cyrillic token detected; possible visually confusable OCR character.,PENDING,
4,LAYER_1,2567,2014,Biochemistry,question,"A 46-year-old female patient consulted a doctor about pain in the small joints of the upper and lower limbs. The joints are enlarged and shaped like thickened nodes. Serum test revealed an increase in urate concentration. This might be caused by a disorder in metabolism of: Крок 2 Medicine (англомовний варiант, iноземнi студенти) 2017-2007 - BIOCHEMISTRY",iноземнi,1,,REVIEW,CYRILLIC_CONFUSABLE,HIGH,Mixed Latin/Cyrillic token detected; possible visually confusable OCR character.,PENDING,
4,LAYER_1,2570,2014,Biochemistry,answer_5,"Flavin-dependent oxidase Крок 2 Medicine (англомовний варiант, iноземнi студенти) 2017-2007 - BIOCHEMISTRY",варiант,1,,REVIEW,CYRILLIC_CONFUSABLE,HIGH,Mixed Latin/Cyrillic token detected; possible visually confusable OCR character.,PENDING,
4,LAYER_1,2570,2014,Biochemistry,answer_5,"Flavin-dependent oxidase Крок 2 Medicine (англомовний варiант, iноземнi студенти) 2017-2007 - BIOCHEMISTRY",iноземнi,1,,REVIEW,CYRILLIC_CONFUSABLE,HIGH,Mixed Latin/Cyrillic token detected; possible visually confusable OCR character.,PENDING,
4,LAYER_1,2574,2014,Biochemistry,answer_2,"Citrulline Крок 2 Medicine (англомовний варiант, iноземнi студенти) 2017-2007 - BIOCHEMISTRY",варiант,1,,REVIEW,CYRILLIC_CONFUSABLE,HIGH,Mixed Latin/Cyrillic token detected; possible visually confusable OCR character.,PENDING,
4,LAYER_1,2574,2014,Biochemistry,answer_2,"Citrulline Крок 2 Medicine (англомовний варiант, iноземнi студенти) 2017-2007 - BIOCHEMISTRY",iноземнi,1,,REVIEW,CYRILLIC_CONFUSABLE,HIGH,Mixed Latin/Cyrillic token detected; possible visually confusable OCR character.,PENDING,
4,LAYER_1,2576,2014,Biochemistry,topic,Mechanisms of urine formation.Pathological components in urine,,1,,REVIEW,MISSING_SPACE_AFTER_PUNCTUATION,MEDIUM,May be punctuation followed by missing whitespace.,PENDING,
4,LAYER_1,2577,2014,Biochemistry,answer_5,"Ferrochelatase Крок 2 Medicine (англомовний варiант, iноземнi студенти) 2017-2007 - BIOCHEMISTRY",варiант,1,,REVIEW,CYRILLIC_CONFUSABLE,HIGH,Mixed Latin/Cyrillic token detected; possible visually confusable OCR character.,PENDING,
4,LAYER_1,2577,2014,Biochemistry,answer_5,"Ferrochelatase Крок 2 Medicine (англомовний варiант, iноземнi студенти) 2017-2007 - BIOCHEMISTRY",iноземнi,1,,REVIEW,CYRILLIC_CONFUSABLE,HIGH,Mixed Latin/Cyrillic token detected; possible visually confusable OCR character.,PENDING,
4,LAYER_1,2581,2014,Biochemistry,topic,"Nucleic acid metabolism. Protein synthesis Крок 2 Medicine (англомовний варiант, iноземнi студенти) 2017-2007 - BIOCHEMISTRY",варiант,1,,REVIEW,CYRILLIC_CONFUSABLE,HIGH,Mixed Latin/Cyrillic token detected; possible visually confusable OCR character.,PENDING,
4,LAYER_1,2581,2014,Biochemistry,topic,"Nucleic acid metabolism. Protein synthesis Крок 2 Medicine (англомовний варiант, iноземнi студенти) 2017-2007 - BIOCHEMISTRY",iноземнi,1,,REVIEW,CYRILLIC_CONFUSABLE,HIGH,Mixed Latin/Cyrillic token detected; possible visually confusable OCR character.,PENDING,
4,LAYER_1,2584,2014,Biochemistry,answer_1,rRNA,rRNA,1,,REVIEW,OCR_CASE_CORRUPTION,HIGH,Suspicious uppercase sequence inside a word; possible PDF/OCR corruption.,PENDING,
4,LAYER_1,2584,2014,Biochemistry,answer_2,tRNA,tRNA,1,,REVIEW,OCR_CASE_CORRUPTION,HIGH,Suspicious uppercase sequence inside a word; possible PDF/OCR corruption.,PENDING,
4,LAYER_1,2584,2014,Biochemistry,answer_3,"mRNA Крок 2 Medicine (англомовний варiант, iноземнi студенти) 2017-2007 - BIOCHEMISTRY",mRNA,1,,REVIEW,OCR_CASE_CORRUPTION,HIGH,Suspicious uppercase sequence inside a word; possible PDF/OCR corruption.,PENDING,
4,LAYER_1,2584,2014,Biochemistry,answer_3,"mRNA Крок 2 Medicine (англомовний варiант, iноземнi студенти) 2017-2007 - BIOCHEMISTRY",варiант,1,,REVIEW,CYRILLIC_CONFUSABLE,HIGH,Mixed Latin/Cyrillic token detected; possible visually confusable OCR character.,PENDING,
4,LAYER_1,2584,2014,Biochemistry,answer_3,"mRNA Крок 2 Medicine (англомовний варiант, iноземнi студенти) 2017-2007 - BIOCHEMISTRY",iноземнi,1,,REVIEW,CYRILLIC_CONFUSABLE,HIGH,Mixed Latin/Cyrillic token detected; possible visually confusable OCR character.,PENDING,
4,LAYER_1,2584,2014,Biochemistry,answer_4,snRNA,snRNA,1,,REVIEW,OCR_CASE_CORRUPTION,HIGH,Suspicious uppercase sequence inside a word; possible PDF/OCR corruption.,PENDING,
4,LAYER_1,2584,2014,Biochemistry,answer_5,tRNA + rRNA,tRNA,1,,REVIEW,OCR_CASE_CORRUPTION,HIGH,Suspicious uppercase sequence inside a word; possible PDF/OCR corruption.,PENDING,
4,LAYER_1,2584,2014,Biochemistry,answer_5,tRNA + rRNA,rRNA,1,,REVIEW,OCR_CASE_CORRUPTION,HIGH,Suspicious uppercase sequence inside a word; possible PDF/OCR corruption.,PENDING,
4,LAYER_1,2588,2014,Biochemistry,topic,"Functional and clinical biochemistry of muscle, nervous and connective tissues Крок 2 Medicine (англомовний варiант, iноземнi студенти) 2017-2007 - BIOCHEMISTRY",варiант,1,,REVIEW,CYRILLIC_CONFUSABLE,HIGH,Mixed Latin/Cyrillic token detected; possible visually confusable OCR character.,PENDING,
4,LAYER_1,2588,2014,Biochemistry,topic,"Functional and clinical biochemistry of muscle, nervous and connective tissues Крок 2 Medicine (англомовний варiант, iноземнi студенти) 2017-2007 - BIOCHEMISTRY",iноземнi,1,,REVIEW,CYRILLIC_CONFUSABLE,HIGH,Mixed Latin/Cyrillic token detected; possible visually confusable OCR character.,PENDING,
4,LAYER_1,2591,2014,Biochemistry,answer_3,"It inhibits both GP and GS Крок 2 Medicine (англомовний варiант, iноземнi студенти) 2017-2007 - BIOCHEMISTRY",варiант,1,,REVIEW,CYRILLIC_CONFUSABLE,HIGH,Mixed Latin/Cyrillic token detected; possible visually confusable OCR character.,PENDING,
4,LAYER_1,2591,2014,Biochemistry,answer_3,"It inhibits both GP and GS Крок 2 Medicine (англомовний варiант, iноземнi студенти) 2017-2007 - BIOCHEMISTRY",iноземнi,1,,REVIEW,CYRILLIC_CONFUSABLE,HIGH,Mixed Latin/Cyrillic token detected; possible visually confusable OCR character.,PENDING,
4,LAYER_1,2594,2013,Biochemistry,answer_4,"Gangliosides Крок 2 Medicine (англомовний варiант, iноземнi студенти) 2017-2007 - BIOCHEMISTRY",варiант,1,,REVIEW,CYRILLIC_CONFUSABLE,HIGH,Mixed Latin/Cyrillic token detected; possible visually confusable OCR character.,PENDING,
4,LAYER_1,2594,2013,Biochemistry,answer_4,"Gangliosides Крок 2 Medicine (англомовний варiант, iноземнi студенти) 2017-2007 - BIOCHEMISTRY",iноземнi,1,,REVIEW,CYRILLIC_CONFUSABLE,HIGH,Mixed Latin/Cyrillic token detected; possible visually confusable OCR character.,PENDING,
4,LAYER_1,2598,2013,Biochemistry,question,"A number of diseases can be diagnosed by evaluating activity of blood transaminases. What vitamin is one of cofactors of these enzymes? Крок 2 Medicine (англомовний варiант, iноземнi студенти) 2017-2007 - BIOCHEMISTRY",варiант,1,,REVIEW,CYRILLIC_CONFUSABLE,HIGH,Mixed Latin/Cyrillic token detected; possible visually confusable OCR character.,PENDING,
4,LAYER_1,2598,2013,Biochemistry,question,"A number of diseases can be diagnosed by evaluating activity of blood transaminases. What vitamin is one of cofactors of these enzymes? Крок 2 Medicine (англомовний варiант, iноземнi студенти) 2017-2007 - BIOCHEMISTRY",iноземнi,1,,REVIEW,CYRILLIC_CONFUSABLE,HIGH,Mixed Latin/Cyrillic token detected; possible visually confusable OCR character.,PENDING,
4,LAYER_1,260,2009,Pathophysiology,question,A 12-year-old teenager has signiFIcantly put off weight within 3 months; glucose concentration rose up to 50 millimoleł. He fell into a coma. What is the main mechanism of its development?,signiFIcantly,1,,REVIEW,OCR_CASE_CORRUPTION,HIGH,Suspicious uppercase sequence inside a word; possible PDF/OCR corruption.,PENDING,
4,LAYER_1,2601,2013,Biochemistry,answer_4,"Agmatine Крок 2 Medicine (англомовний варiант, iноземнi студенти) 2017-2007 - BIOCHEMISTRY",варiант,1,,REVIEW,CYRILLIC_CONFUSABLE,HIGH,Mixed Latin/Cyrillic token detected; possible visually confusable OCR character.,PENDING,
4,LAYER_1,2601,2013,Biochemistry,answer_4,"Agmatine Крок 2 Medicine (англомовний варiант, iноземнi студенти) 2017-2007 - BIOCHEMISTRY",iноземнi,1,,REVIEW,CYRILLIC_CONFUSABLE,HIGH,Mixed Latin/Cyrillic token detected; possible visually confusable OCR character.,PENDING,
4,LAYER_1,2605,2013,Biochemistry,question,"Infectious diseases are treated with antibiotics (streptomycin, erythromycin, chloramphenicol). They inhibit the following stage of protein synthesis: Крок 2 Medicine (англомовний варiант, iноземнi студенти) 2017-2007 - BIOCHEMISTRY",варiант,1,,REVIEW,CYRILLIC_CONFUSABLE,HIGH,Mixed Latin/Cyrillic token detected; possible visually confusable OCR character.,PENDING,
4,LAYER_1,2605,2013,Biochemistry,question,"Infectious diseases are treated with antibiotics (streptomycin, erythromycin, chloramphenicol). They inhibit the following stage of protein synthesis: Крок 2 Medicine (англомовний варiант, iноземнi студенти) 2017-2007 - BIOCHEMISTRY",iноземнi,1,,REVIEW,CYRILLIC_CONFUSABLE,HIGH,Mixed Latin/Cyrillic token detected; possible visually confusable OCR character.,PENDING,
4,LAYER_1,2608,2013,Biochemistry,answer_2,"Glycolysis and glycogenolysis Крок 2 Medicine (англомовний варiант, iноземнi студенти) 2017-2007 - BIOCHEMISTRY",варiант,1,,REVIEW,CYRILLIC_CONFUSABLE,HIGH,Mixed Latin/Cyrillic token detected; possible visually confusable OCR character.,PENDING,
4,LAYER_1,2608,2013,Biochemistry,answer_2,"Glycolysis and glycogenolysis Крок 2 Medicine (англомовний варiант, iноземнi студенти) 2017-2007 - BIOCHEMISTRY",iноземнi,1,,REVIEW,CYRILLIC_CONFUSABLE,HIGH,Mixed Latin/Cyrillic token detected; possible visually confusable OCR character.,PENDING,
4,LAYER_1,2612,2013,Biochemistry,topic,"Nutrition biochemistry and vitamins fundamental Крок 2 Medicine (англомовний варiант, iноземнi студенти) 2017-2007 - BIOCHEMISTRY",варiант,1,,REVIEW,CYRILLIC_CONFUSABLE,HIGH,Mixed Latin/Cyrillic token detected; possible visually confusable OCR character.,PENDING,
4,LAYER_1,2612,2013,Biochemistry,topic,"Nutrition biochemistry and vitamins fundamental Крок 2 Medicine (англомовний варiант, iноземнi студенти) 2017-2007 - BIOCHEMISTRY",iноземнi,1,,REVIEW,CYRILLIC_CONFUSABLE,HIGH,Mixed Latin/Cyrillic token detected; possible visually confusable OCR character.,PENDING,
4,LAYER_1,2613,2013,Biochemistry,answer_1,mRNA codons,mRNA,1,,REVIEW,OCR_CASE_CORRUPTION,HIGH,Suspicious uppercase sequence inside a word; possible PDF/OCR corruption.,PENDING,
4,LAYER_1,2613,2013,Biochemistry,answer_2,tRNA nucleotides,tRNA,1,,REVIEW,OCR_CASE_CORRUPTION,HIGH,Suspicious uppercase sequence inside a word; possible PDF/OCR corruption.,PENDING,
4,LAYER_1,2613,2013,Biochemistry,answer_3,tRNA anticodons,tRNA,1,,REVIEW,OCR_CASE_CORRUPTION,HIGH,Suspicious uppercase sequence inside a word; possible PDF/OCR corruption.,PENDING,
4,LAYER_1,2613,2013,Biochemistry,answer_4,rRNA nucleotides,rRNA,1,,REVIEW,OCR_CASE_CORRUPTION,HIGH,Suspicious uppercase sequence inside a word; possible PDF/OCR corruption.,PENDING,
4,LAYER_1,2613,2013,Biochemistry,answer_5,rRNA anticodons,rRNA,1,,REVIEW,OCR_CASE_CORRUPTION,HIGH,Suspicious uppercase sequence inside a word; possible PDF/OCR corruption.,PENDING,
4,LAYER_1,2613,2013,Biochemistry,question,"At the stage of translation in the rough endoplasmic reticulum, the ribosome moves along the mRNA. Amino acids are joined together by peptide bonds in a specific sequence, and thus polypeptide synthesis takes place. The sequence of amino acids in a polypeptide corresponds to the sequence of:",mRNA,1,,REVIEW,OCR_CASE_CORRUPTION,HIGH,Suspicious uppercase sequence inside a word; possible PDF/OCR corruption.,PENDING,
4,LAYER_1,2615,2012,Biochemistry,answer_2,"Glucose 6-phosphate dehydrogenase Крок 2 Medicine (англомовний варiант, iноземнi студенти) 2017-2007 - BIOCHEMISTRY",варiант,1,,REVIEW,CYRILLIC_CONFUSABLE,HIGH,Mixed Latin/Cyrillic token detected; possible visually confusable OCR character.,PENDING,
4,LAYER_1,2615,2012,Biochemistry,answer_2,"Glucose 6-phosphate dehydrogenase Крок 2 Medicine (англомовний варiант, iноземнi студенти) 2017-2007 - BIOCHEMISTRY",iноземнi,1,,REVIEW,CYRILLIC_CONFUSABLE,HIGH,Mixed Latin/Cyrillic token detected; possible visually confusable OCR character.,PENDING,
4,LAYER_1,2618,2012,Biochemistry,topic,Mechanisms of urine formation.Pathological components in urine,,1,,REVIEW,MISSING_SPACE_AFTER_PUNCTUATION,MEDIUM,May be punctuation followed by missing whitespace.,PENDING,
4,LAYER_1,2622,2012,Biochemistry,answer_2,"Indican Крок 2 Medicine (англомовний варiант, iноземнi студенти) 2017-2007 - BIOCHEMISTRY",варiант,1,,REVIEW,CYRILLIC_CONFUSABLE,HIGH,Mixed Latin/Cyrillic token detected; possible visually confusable OCR character.,PENDING,
4,LAYER_1,2622,2012,Biochemistry,answer_2,"Indican Крок 2 Medicine (англомовний варiант, iноземнi студенти) 2017-2007 - BIOCHEMISTRY",iноземнi,1,,REVIEW,CYRILLIC_CONFUSABLE,HIGH,Mixed Latin/Cyrillic token detected; possible visually confusable OCR character.,PENDING,
4,LAYER_1,2626,2012,Biochemistry,topic,"Specific ways of amino acids metabolism Крок 2 Medicine (англомовний варiант, iноземнi студенти) 2017-2007 - BIOCHEMISTRY",варiант,1,,REVIEW,CYRILLIC_CONFUSABLE,HIGH,Mixed Latin/Cyrillic token detected; possible visually confusable OCR character.,PENDING,
4,LAYER_1,2626,2012,Biochemistry,topic,"Specific ways of amino acids metabolism Крок 2 Medicine (англомовний варiант, iноземнi студенти) 2017-2007 - BIOCHEMISTRY",iноземнi,1,,REVIEW,CYRILLIC_CONFUSABLE,HIGH,Mixed Latin/Cyrillic token detected; possible visually confusable OCR character.,PENDING,
4,LAYER_1,2629,2012,Biochemistry,answer_4,"Pholate oxidase Крок 2 Medicine (англомовний варiант, iноземнi студенти) 2017-2007 - BIOCHEMISTRY",варiант,1,,REVIEW,CYRILLIC_CONFUSABLE,HIGH,Mixed Latin/Cyrillic token detected; possible visually confusable OCR character.,PENDING,
4,LAYER_1,2629,2012,Biochemistry,answer_4,"Pholate oxidase Крок 2 Medicine (англомовний варiант, iноземнi студенти) 2017-2007 - BIOCHEMISTRY",iноземнi,1,,REVIEW,CYRILLIC_CONFUSABLE,HIGH,Mixed Latin/Cyrillic token detected; possible visually confusable OCR character.,PENDING,
4,LAYER_1,2633,2012,Biochemistry,question,"An infectious disease unit admitted a patient with signs of jaundice caused by hepatitis virus. Select an indicator that is specific only for parenchymatous jaundice: Крок 2 Medicine (англомовний варiант, iноземнi студенти) 2017-2007 - BIOCHEMISTRY",варiант,1,,REVIEW,CYRILLIC_CONFUSABLE,HIGH,Mixed Latin/Cyrillic token detected; possible visually confusable OCR character.,PENDING,
4,LAYER_1,2633,2012,Biochemistry,question,"An infectious disease unit admitted a patient with signs of jaundice caused by hepatitis virus. Select an indicator that is specific only for parenchymatous jaundice: Крок 2 Medicine (англомовний варiант, iноземнi студенти) 2017-2007 - BIOCHEMISTRY",iноземнi,1,,REVIEW,CYRILLIC_CONFUSABLE,HIGH,Mixed Latin/Cyrillic token detected; possible visually confusable OCR character.,PENDING,
4,LAYER_1,2636,2012,Biochemistry,answer_5,"Lyase Крок 2 Medicine (англомовний варiант, iноземнi студенти) 2017-2007 - BIOCHEMISTRY",варiант,1,,REVIEW,CYRILLIC_CONFUSABLE,HIGH,Mixed Latin/Cyrillic token detected; possible visually confusable OCR character.,PENDING,
4,LAYER_1,2636,2012,Biochemistry,answer_5,"Lyase Крок 2 Medicine (англомовний варiант, iноземнi студенти) 2017-2007 - BIOCHEMISTRY",iноземнi,1,,REVIEW,CYRILLIC_CONFUSABLE,HIGH,Mixed Latin/Cyrillic token detected; possible visually confusable OCR character.,PENDING,
4,LAYER_1,264,2009,Pathophysiology,question,After a disease a 16-year-old boy is presenting with decreased function of protein synthesis in the liver as a result of vitamin K deFIciency. This may cause disorder of:,deFIciency,1,,REVIEW,OCR_CASE_CORRUPTION,HIGH,Suspicious uppercase sequence inside a word; possible PDF/OCR corruption.,PENDING,
4,LAYER_1,2640,2011,Biochemistry,question,"A patient has pellagra. Interrogation revealed that he had lived mostly on maize for a long time and eaten little meat. This disease had been caused by the deficit of the following substance in the maize: Крок 2 Medicine (англомовний варiант, iноземнi студенти) 2017-2007 - BIOCHEMISTRY",варiант,1,,REVIEW,CYRILLIC_CONFUSABLE,HIGH,Mixed Latin/Cyrillic token detected; possible visually confusable OCR character.,PENDING,
4,LAYER_1,2640,2011,Biochemistry,question,"A patient has pellagra. Interrogation revealed that he had lived mostly on maize for a long time and eaten little meat. This disease had been caused by the deficit of the following substance in the maize: Крок 2 Medicine (англомовний варiант, iноземнi студенти) 2017-2007 - BIOCHEMISTRY",iноземнi,1,,REVIEW,CYRILLIC_CONFUSABLE,HIGH,Mixed Latin/Cyrillic token detected; possible visually confusable OCR character.,PENDING,
4,LAYER_1,2643,2011,Biochemistry,answer_3,"Vitamin C Крок 2 Medicine (англомовний варiант, iноземнi студенти) 2017-2007 - BIOCHEMISTRY",варiант,1,,REVIEW,CYRILLIC_CONFUSABLE,HIGH,Mixed Latin/Cyrillic token detected; possible visually confusable OCR character.,PENDING,
4,LAYER_1,2643,2011,Biochemistry,answer_3,"Vitamin C Крок 2 Medicine (англомовний варiант, iноземнi студенти) 2017-2007 - BIOCHEMISTRY",iноземнi,1,,REVIEW,CYRILLIC_CONFUSABLE,HIGH,Mixed Latin/Cyrillic token detected; possible visually confusable OCR character.,PENDING,
4,LAYER_1,2647,2011,Biochemistry,topic,"Functional and clinical biochemistry of muscle, nervous and connective tissues Крок 2 Medicine (англомовний варiант, iноземнi студенти) 2017-2007 - BIOCHEMISTRY",варiант,1,,REVIEW,CYRILLIC_CONFUSABLE,HIGH,Mixed Latin/Cyrillic token detected; possible visually confusable OCR character.,PENDING,
4,LAYER_1,2647,2011,Biochemistry,topic,"Functional and clinical biochemistry of muscle, nervous and connective tissues Крок 2 Medicine (англомовний варiант, iноземнi студенти) 2017-2007 - BIOCHEMISTRY",iноземнi,1,,REVIEW,CYRILLIC_CONFUSABLE,HIGH,Mixed Latin/Cyrillic token detected; possible visually confusable OCR character.,PENDING,
4,LAYER_1,2649,2011,Biochemistry,answer_1,DN A on the matrix of virus mRN A,mRN,1,,REVIEW,OCR_CASE_CORRUPTION,HIGH,Suspicious uppercase sequence inside a word; possible PDF/OCR corruption.,PENDING,
4,LAYER_1,2649,2011,Biochemistry,answer_5,mRN A on the matrix of virus protein,mRN,1,,REVIEW,OCR_CASE_CORRUPTION,HIGH,Suspicious uppercase sequence inside a word; possible PDF/OCR corruption.,PENDING,
4,LAYER_1,265,2009,Pathophysiology,answer_5,Weakening of the pumbing ability of heart,pumbing,1,pumping,REVIEW,KNOWN_LEXICAL_TYPO,HIGH,Known lexical anomaly identified during manual validation.,PENDING,
4,LAYER_1,265,2009,Pathophysiology,question,In response to a change in body position from horizontal to vertical blood circulation system develops reßectory pressor reaction. Which of the following is its compulsory component?,ß,1,,REVIEW,OCR_CHARACTER_CORRUPTION,HIGH,Suspicious OCR character detected.,PENDING,
4,LAYER_1,2650,2011,Biochemistry,answer_2,"E Крок 2 Medicine (англомовний варiант, iноземнi студенти) 2017-2007 - BIOCHEMISTRY",варiант,1,,REVIEW,CYRILLIC_CONFUSABLE,HIGH,Mixed Latin/Cyrillic token detected; possible visually confusable OCR character.,PENDING,
4,LAYER_1,2650,2011,Biochemistry,answer_2,"E Крок 2 Medicine (англомовний варiант, iноземнi студенти) 2017-2007 - BIOCHEMISTRY",iноземнi,1,,REVIEW,CYRILLIC_CONFUSABLE,HIGH,Mixed Latin/Cyrillic token detected; possible visually confusable OCR character.,PENDING,
4,LAYER_1,2657,2011,Biochemistry,answer_2,"Prothrombin Крок 2 Medicine (англомовний варiант, iноземнi студенти) 2017-2007 - BIOCHEMISTRY",варiант,1,,REVIEW,CYRILLIC_CONFUSABLE,HIGH,Mixed Latin/Cyrillic token detected; possible visually confusable OCR character.,PENDING,
4,LAYER_1,2657,2011,Biochemistry,answer_2,"Prothrombin Крок 2 Medicine (англомовний варiант, iноземнi студенти) 2017-2007 - BIOCHEMISTRY",iноземнi,1,,REVIEW,CYRILLIC_CONFUSABLE,HIGH,Mixed Latin/Cyrillic token detected; possible visually confusable OCR character.,PENDING,
4,LAYER_1,2661,2011,Biochemistry,topic,"Nucleic acid metabolism. Protein synthesis Крок 2 Medicine (англомовний варiант, iноземнi студенти) 2017-2007 - BIOCHEMISTRY",варiант,1,,REVIEW,CYRILLIC_CONFUSABLE,HIGH,Mixed Latin/Cyrillic token detected; possible visually confusable OCR character.,PENDING,
4,LAYER_1,2661,2011,Biochemistry,topic,"Nucleic acid metabolism. Protein synthesis Крок 2 Medicine (англомовний варiант, iноземнi студенти) 2017-2007 - BIOCHEMISTRY",iноземнi,1,,REVIEW,CYRILLIC_CONFUSABLE,HIGH,Mixed Latin/Cyrillic token detected; possible visually confusable OCR character.,PENDING,
4,LAYER_1,2664,2011,Biochemistry,answer_2,"Gluconeogenesis Крок 2 Medicine (англомовний варiант, iноземнi студенти) 2017-2007 - BIOCHEMISTRY",варiант,1,,REVIEW,CYRILLIC_CONFUSABLE,HIGH,Mixed Latin/Cyrillic token detected; possible visually confusable OCR character.,PENDING,
4,LAYER_1,2664,2011,Biochemistry,answer_2,"Gluconeogenesis Крок 2 Medicine (англомовний варiант, iноземнi студенти) 2017-2007 - BIOCHEMISTRY",iноземнi,1,,REVIEW,CYRILLIC_CONFUSABLE,HIGH,Mixed Latin/Cyrillic token detected; possible visually confusable OCR character.,PENDING,
4,LAYER_1,2668,2011,Biochemistry,topic,"The mechanism of tissue respiration. Peroxide and microsomal oxidation Крок 2 Medicine (англомовний варiант, iноземнi студенти) 2017-2007 - BIOCHEMISTRY",варiант,1,,REVIEW,CYRILLIC_CONFUSABLE,HIGH,Mixed Latin/Cyrillic token detected; possible visually confusable OCR character.,PENDING,
4,LAYER_1,2668,2011,Biochemistry,topic,"The mechanism of tissue respiration. Peroxide and microsomal oxidation Крок 2 Medicine (англомовний варiант, iноземнi студенти) 2017-2007 - BIOCHEMISTRY",iноземнi,1,,REVIEW,CYRILLIC_CONFUSABLE,HIGH,Mixed Latin/Cyrillic token detected; possible visually confusable OCR character.,PENDING,
4,LAYER_1,2669,2009,Biochemistry,question,"A mother consulted a doctor about her 5-year-old child who develops erythemas, vesicular rash and skin itch under the inßuence of sun. Laboratory studies revealed decreased iron concentration in the blood serum, increased uroporphyrinogen I excretion with the urine. What is the most likely inherited pathology in this child?",ß,1,,REVIEW,OCR_CHARACTER_CORRUPTION,HIGH,Suspicious OCR character detected.,PENDING,
4,LAYER_1,267,2009,Pathophysiology,question,"A patient suffers from the haemorrhagic syndrome that shows itself in frequent nasal bleedings, posttraumatic and spontaneous intracutaneous and intraarticular haemorrhages. After a laboratory study a patient was diagnosed with the type B haemophilia. This disease is provoked by the deFIcit of the following factor of blood coagulation:",deFIcit,1,,REVIEW,OCR_CASE_CORRUPTION,HIGH,Suspicious uppercase sequence inside a word; possible PDF/OCR corruption.,PENDING,
4,LAYER_1,2671,2009,Biochemistry,answer_1,"Translation Крок 2 Medicine (англомовний варiант, iноземнi студенти) 2017-2007 - BIOCHEMISTRY",варiант,1,,REVIEW,CYRILLIC_CONFUSABLE,HIGH,Mixed Latin/Cyrillic token detected; possible visually confusable OCR character.,PENDING,
4,LAYER_1,2671,2009,Biochemistry,answer_1,"Translation Крок 2 Medicine (англомовний варiант, iноземнi студенти) 2017-2007 - BIOCHEMISTRY",iноземнi,1,,REVIEW,CYRILLIC_CONFUSABLE,HIGH,Mixed Latin/Cyrillic token detected; possible visually confusable OCR character.,PENDING,
4,LAYER_1,2674,2009,Biochemistry,answer_5,"Activation of intracellular lipolysis Крок 2 Medicine (англомовний варiант, iноземнi студенти) 2017-2007 - BIOCHEMISTRY",варiант,1,,REVIEW,CYRILLIC_CONFUSABLE,HIGH,Mixed Latin/Cyrillic token detected; possible visually confusable OCR character.,PENDING,
4,LAYER_1,2674,2009,Biochemistry,answer_5,"Activation of intracellular lipolysis Крок 2 Medicine (англомовний варiант, iноземнi студенти) 2017-2007 - BIOCHEMISTRY",iноземнi,1,,REVIEW,CYRILLIC_CONFUSABLE,HIGH,Mixed Latin/Cyrillic token detected; possible visually confusable OCR character.,PENDING,
4,LAYER_1,2678,2009,Biochemistry,question,"Examination of a patient with frequent haemorrhages from the internal organs and mucous membranes revealed proline and lysine within the collagen FIbers. Disorder of their hydroxylation is caused by lack of the following vitamin: Крок 2 Medicine (англомовний варiант, iноземнi студенти) 2017-2007 - BIOCHEMISTRY",варiант,1,,REVIEW,CYRILLIC_CONFUSABLE,HIGH,Mixed Latin/Cyrillic token detected; possible visually confusable OCR character.,PENDING,
4,LAYER_1,2678,2009,Biochemistry,question,"Examination of a patient with frequent haemorrhages from the internal organs and mucous membranes revealed proline and lysine within the collagen FIbers. Disorder of their hydroxylation is caused by lack of the following vitamin: Крок 2 Medicine (англомовний варiант, iноземнi студенти) 2017-2007 - BIOCHEMISTRY",iноземнi,1,,REVIEW,CYRILLIC_CONFUSABLE,HIGH,Mixed Latin/Cyrillic token detected; possible visually confusable OCR character.,PENDING,
4,LAYER_1,2679,2009,Biochemistry,question,"Products of some proteins hydrolysis and modiFIcation are the biologically active substances called hormones. Lipotropin, corticotropin, melanotropin and endorphins are synthesized in the hypophysis of the following protein:",modiFIcation,1,,REVIEW,OCR_CASE_CORRUPTION,HIGH,Suspicious uppercase sequence inside a word; possible PDF/OCR corruption.,PENDING,
4,LAYER_1,2681,2009,Biochemistry,answer_3,"Acromegalia Крок 2 Medicine (англомовний варiант, iноземнi студенти) 2017-2007 - BIOCHEMISTRY",варiант,1,,REVIEW,CYRILLIC_CONFUSABLE,HIGH,Mixed Latin/Cyrillic token detected; possible visually confusable OCR character.,PENDING,
4,LAYER_1,2681,2009,Biochemistry,answer_3,"Acromegalia Крок 2 Medicine (англомовний варiант, iноземнi студенти) 2017-2007 - BIOCHEMISTRY",iноземнi,1,,REVIEW,CYRILLIC_CONFUSABLE,HIGH,Mixed Latin/Cyrillic token detected; possible visually confusable OCR character.,PENDING,
4,LAYER_1,2682,2009,Biochemistry,answer_4,Bioßavonoids,ß,1,,REVIEW,OCR_CHARACTER_CORRUPTION,HIGH,Suspicious OCR character detected.,PENDING,
4,LAYER_1,2682,2009,Biochemistry,answer_5,Riboßavin,ß,1,,REVIEW,OCR_CHARACTER_CORRUPTION,HIGH,Suspicious OCR character detected.,PENDING,
4,LAYER_1,2682,2009,Biochemistry,question,During examination of an 11-month-old infant a pediatrician revealed osteoectasia of the lower extremities and delayed mineralization of cranial bones. Such pathology is usually provoked by the deFIcit of the following vitamin:,deFIcit,1,,REVIEW,OCR_CASE_CORRUPTION,HIGH,Suspicious uppercase sequence inside a word; possible PDF/OCR corruption.,PENDING,
4,LAYER_1,2685,2009,Biochemistry,question,"After a sprint an untrained person develops muscle hypoxia. This leads to the accumulation of the following metabolite in muscles: Крок 2 Medicine (англомовний варiант, iноземнi студенти) 2017-2007 - BIOCHEMISTRY",варiант,1,,REVIEW,CYRILLIC_CONFUSABLE,HIGH,Mixed Latin/Cyrillic token detected; possible visually confusable OCR character.,PENDING,
4,LAYER_1,2685,2009,Biochemistry,question,"After a sprint an untrained person develops muscle hypoxia. This leads to the accumulation of the following metabolite in muscles: Крок 2 Medicine (англомовний варiант, iноземнi студенти) 2017-2007 - BIOCHEMISTRY",iноземнi,1,,REVIEW,CYRILLIC_CONFUSABLE,HIGH,Mixed Latin/Cyrillic token detected; possible visually confusable OCR character.,PENDING,
4,LAYER_1,2688,2009,Biochemistry,answer_5,"Glucagon Крок 2 Medicine (англомовний варiант, iноземнi студенти) 2017-2007 - BIOCHEMISTRY",варiант,1,,REVIEW,CYRILLIC_CONFUSABLE,HIGH,Mixed Latin/Cyrillic token detected; possible visually confusable OCR character.,PENDING,
4,LAYER_1,2688,2009,Biochemistry,answer_5,"Glucagon Крок 2 Medicine (англомовний варiант, iноземнi студенти) 2017-2007 - BIOCHEMISTRY",iноземнi,1,,REVIEW,CYRILLIC_CONFUSABLE,HIGH,Mixed Latin/Cyrillic token detected; possible visually confusable OCR character.,PENDING,
4,LAYER_1,269,2009,Pathophysiology,answer_1,Reduction of renal blood ßow,ß,1,,REVIEW,OCR_CHARACTER_CORRUPTION,HIGH,Suspicious OCR character detected.,PENDING,
4,LAYER_1,269,2009,Pathophysiology,answer_4,Rise of pressure of tubular ßuid,ß,1,,REVIEW,OCR_CHARACTER_CORRUPTION,HIGH,Suspicious OCR character detected.,PENDING,
4,LAYER_1,269,2009,Pathophysiology,question,A patient with massive burns developed acute renal insufFIciency characterized by a signiFIcant and rapid deceleration of glomerular FIltration. What is the mechanism of its development?,insufFIciency,1,,REVIEW,OCR_CASE_CORRUPTION,HIGH,Suspicious uppercase sequence inside a word; possible PDF/OCR corruption.,PENDING,
4,LAYER_1,269,2009,Pathophysiology,question,A patient with massive burns developed acute renal insufFIciency characterized by a signiFIcant and rapid deceleration of glomerular FIltration. What is the mechanism of its development?,signiFIcant,1,,REVIEW,OCR_CASE_CORRUPTION,HIGH,Suspicious uppercase sequence inside a word; possible PDF/OCR corruption.,PENDING,
4,LAYER_1,2692,2009,Biochemistry,question,"After a disease a 16-year-old boy is presenting with decreased function of protein synthesis in the liver as a result of vitamin K deficiency. This may cause disorder of: Крок 2 Medicine (англомовний варiант, iноземнi студенти) 2017-2007 - BIOCHEMISTRY",варiант,1,,REVIEW,CYRILLIC_CONFUSABLE,HIGH,Mixed Latin/Cyrillic token detected; possible visually confusable OCR character.,PENDING,
4,LAYER_1,2692,2009,Biochemistry,question,"After a disease a 16-year-old boy is presenting with decreased function of protein synthesis in the liver as a result of vitamin K deficiency. This may cause disorder of: Крок 2 Medicine (англомовний варiант, iноземнi студенти) 2017-2007 - BIOCHEMISTRY",iноземнi,1,,REVIEW,CYRILLIC_CONFUSABLE,HIGH,Mixed Latin/Cyrillic token detected; possible visually confusable OCR character.,PENDING,
4,LAYER_1,2694,2009,Biochemistry,question,"A patient suffers from the haemorrhagic syndrome that shows itself in frequent nasal bleedings, posttraumatic and spontaneous intracutaneous and intraarticular haemorrhages. After a laboratory study a patient was diagnosed with the type B haemophilia. This disease is provoked by the deFIcit of the following factor of blood coagulation:",deFIcit,1,,REVIEW,OCR_CASE_CORRUPTION,HIGH,Suspicious uppercase sequence inside a word; possible PDF/OCR corruption.,PENDING,
4,LAYER_1,2698,2008,Biochemistry,question,"After consumption of rich food a patient has nausea and heartburn, steatorrhea. This condition might be caused by: Крок 2 Medicine (англомовний варiант, iноземнi студенти) 2017-2007 - BIOCHEMISTRY",варiант,1,,REVIEW,CYRILLIC_CONFUSABLE,HIGH,Mixed Latin/Cyrillic token detected; possible visually confusable OCR character.,PENDING,
4,LAYER_1,2698,2008,Biochemistry,question,"After consumption of rich food a patient has nausea and heartburn, steatorrhea. This condition might be caused by: Крок 2 Medicine (англомовний варiант, iноземнi студенти) 2017-2007 - BIOCHEMISTRY",iноземнi,1,,REVIEW,CYRILLIC_CONFUSABLE,HIGH,Mixed Latin/Cyrillic token detected; possible visually confusable OCR character.,PENDING,
4,LAYER_1,270,2009,Pathophysiology,answer_3,Acute coronary insufFIciency,insufFIciency,1,,REVIEW,OCR_CASE_CORRUPTION,HIGH,Suspicious uppercase sequence inside a word; possible PDF/OCR corruption.,PENDING,
4,LAYER_1,270,2009,Pathophysiology,question,"A patient with severe course of respiratory viral infection presented with clinical signs of progressing heart failure that led to his death in the 2nd week of disease. Autopsy revealed that the heart cavities were signiFIcantly dilated, the heart was ßabby. Histological examination of the myocardium revealed microvascular plethora and diffuse stroma inFIltration with lymphocytes and histiocytes. What is the most likely diagnosis?",signiFIcantly,1,,REVIEW,OCR_CASE_CORRUPTION,HIGH,Suspicious uppercase sequence inside a word; possible PDF/OCR corruption.,PENDING,
4,LAYER_1,270,2009,Pathophysiology,question,"A patient with severe course of respiratory viral infection presented with clinical signs of progressing heart failure that led to his death in the 2nd week of disease. Autopsy revealed that the heart cavities were signiFIcantly dilated, the heart was ßabby. Histological examination of the myocardium revealed microvascular plethora and diffuse stroma inFIltration with lymphocytes and histiocytes. What is the most likely diagnosis?",inFIltration,1,,REVIEW,OCR_CASE_CORRUPTION,HIGH,Suspicious uppercase sequence inside a word; possible PDF/OCR corruption.,PENDING,
4,LAYER_1,270,2009,Pathophysiology,question,"A patient with severe course of respiratory viral infection presented with clinical signs of progressing heart failure that led to his death in the 2nd week of disease. Autopsy revealed that the heart cavities were signiFIcantly dilated, the heart was ßabby. Histological examination of the myocardium revealed microvascular plethora and diffuse stroma inFIltration with lymphocytes and histiocytes. What is the most likely diagnosis?",ß,1,,REVIEW,OCR_CHARACTER_CORRUPTION,HIGH,Suspicious OCR character detected.,PENDING,
4,LAYER_1,2701,2008,Biochemistry,answer_4,"Mutation Крок 2 Medicine (англомовний варiант, iноземнi студенти) 2017-2007 - BIOCHEMISTRY",варiант,1,,REVIEW,CYRILLIC_CONFUSABLE,HIGH,Mixed Latin/Cyrillic token detected; possible visually confusable OCR character.,PENDING,
4,LAYER_1,2701,2008,Biochemistry,answer_4,"Mutation Крок 2 Medicine (англомовний варiант, iноземнi студенти) 2017-2007 - BIOCHEMISTRY",iноземнi,1,,REVIEW,CYRILLIC_CONFUSABLE,HIGH,Mixed Latin/Cyrillic token detected; possible visually confusable OCR character.,PENDING,
4,LAYER_1,2701,2008,Biochemistry,question,It was proved that a molecule of immature mRNA (precursor mRNA) contained more triplets than amino acids found in the synthesized protein. The reason for that is that translation is normally preceded by:,mRNA,1,,REVIEW,OCR_CASE_CORRUPTION,HIGH,Suspicious uppercase sequence inside a word; possible PDF/OCR corruption.,PENDING,
4,LAYER_1,2705,2008,Biochemistry,question,"A patient has yellow skin colour, dark urine, dark-yellow feces. What substance will have strengthened concentration in the blood serum? Крок 2 Medicine (англомовний варiант, iноземнi студенти) 2017-2007 - BIOCHEMISTRY",варiант,1,,REVIEW,CYRILLIC_CONFUSABLE,HIGH,Mixed Latin/Cyrillic token detected; possible visually confusable OCR character.,PENDING,
4,LAYER_1,2705,2008,Biochemistry,question,"A patient has yellow skin colour, dark urine, dark-yellow feces. What substance will have strengthened concentration in the blood serum? Крок 2 Medicine (англомовний варiант, iноземнi студенти) 2017-2007 - BIOCHEMISTRY",iноземнi,1,,REVIEW,CYRILLIC_CONFUSABLE,HIGH,Mixed Latin/Cyrillic token detected; possible visually confusable OCR character.,PENDING,
4,LAYER_1,2708,2008,Biochemistry,answer_4,"Creatinine Крок 2 Medicine (англомовний варiант, iноземнi студенти) 2017-2007 - BIOCHEMISTRY",варiант,1,,REVIEW,CYRILLIC_CONFUSABLE,HIGH,Mixed Latin/Cyrillic token detected; possible visually confusable OCR character.,PENDING,
4,LAYER_1,2708,2008,Biochemistry,answer_4,"Creatinine Крок 2 Medicine (англомовний варiант, iноземнi студенти) 2017-2007 - BIOCHEMISTRY",iноземнi,1,,REVIEW,CYRILLIC_CONFUSABLE,HIGH,Mixed Latin/Cyrillic token detected; possible visually confusable OCR character.,PENDING,
4,LAYER_1,2709,2008,Biochemistry,question,A patient underwent an operation on account of gall bladder excision that resulted in obstruction of C a absorption through the bowels wall. What vitamin wil stimulate this process?,,1,,REVIEW,SCIENTIFIC_NOTATION,MEDIUM,Possible OCR spacing problem in medical/scientific notation.,PENDING,
4,LAYER_1,2712,2008,Biochemistry,topic,"Transamination and ammonia coversion Крок 2 Medicine (англомовний варiант, iноземнi студенти) 2017-2007 - BIOCHEMISTRY",варiант,1,,REVIEW,CYRILLIC_CONFUSABLE,HIGH,Mixed Latin/Cyrillic token detected; possible visually confusable OCR character.,PENDING,
4,LAYER_1,2712,2008,Biochemistry,topic,"Transamination and ammonia coversion Крок 2 Medicine (англомовний варiант, iноземнi студенти) 2017-2007 - BIOCHEMISTRY",iноземнi,1,,REVIEW,CYRILLIC_CONFUSABLE,HIGH,Mixed Latin/Cyrillic token detected; possible visually confusable OCR character.,PENDING,
4,LAYER_1,2715,2008,Biochemistry,answer_2,"C Крок 2 Medicine (англомовний варiант, iноземнi студенти) 2017-2007 - BIOCHEMISTRY",варiант,1,,REVIEW,CYRILLIC_CONFUSABLE,HIGH,Mixed Latin/Cyrillic token detected; possible visually confusable OCR character.,PENDING,
4,LAYER_1,2715,2008,Biochemistry,answer_2,"C Крок 2 Medicine (англомовний варiант, iноземнi студенти) 2017-2007 - BIOCHEMISTRY",iноземнi,1,,REVIEW,CYRILLIC_CONFUSABLE,HIGH,Mixed Latin/Cyrillic token detected; possible visually confusable OCR character.,PENDING,
4,LAYER_1,2718,2008,Biochemistry,answer_5,"Calmodulin Крок 2 Medicine (англомовний варiант, iноземнi студенти) 2017-2007 - BIOCHEMISTRY",варiант,1,,REVIEW,CYRILLIC_CONFUSABLE,HIGH,Mixed Latin/Cyrillic token detected; possible visually confusable OCR character.,PENDING,
4,LAYER_1,2718,2008,Biochemistry,answer_5,"Calmodulin Крок 2 Medicine (англомовний варiант, iноземнi студенти) 2017-2007 - BIOCHEMISTRY",iноземнi,1,,REVIEW,CYRILLIC_CONFUSABLE,HIGH,Mixed Latin/Cyrillic token detected; possible visually confusable OCR character.,PENDING,
4,LAYER_1,2722,2008,Biochemistry,topic,"Characteristics and intracellular lipid metabolism Крок 2 Medicine (англомовний варiант, iноземнi студенти) 2017-2007 - BIOCHEMISTRY",варiант,1,,REVIEW,CYRILLIC_CONFUSABLE,HIGH,Mixed Latin/Cyrillic token detected; possible visually confusable OCR character.,PENDING,
4,LAYER_1,2722,2008,Biochemistry,topic,"Characteristics and intracellular lipid metabolism Крок 2 Medicine (англомовний варiант, iноземнi студенти) 2017-2007 - BIOCHEMISTRY",iноземнi,1,,REVIEW,CYRILLIC_CONFUSABLE,HIGH,Mixed Latin/Cyrillic token detected; possible visually confusable OCR character.,PENDING,
4,LAYER_1,2725,2008,Biochemistry,answer_2,"Pepsin Крок 2 Medicine (англомовний варiант, iноземнi студенти) 2017-2007 - BIOCHEMISTRY",варiант,1,,REVIEW,CYRILLIC_CONFUSABLE,HIGH,Mixed Latin/Cyrillic token detected; possible visually confusable OCR character.,PENDING,
4,LAYER_1,2725,2008,Biochemistry,answer_2,"Pepsin Крок 2 Medicine (англомовний варiант, iноземнi студенти) 2017-2007 - BIOCHEMISTRY",iноземнi,1,,REVIEW,CYRILLIC_CONFUSABLE,HIGH,Mixed Latin/Cyrillic token detected; possible visually confusable OCR character.,PENDING,
4,LAYER_1,2725,2008,Biochemistry,question,A patient had hemorrhagic stroke. Blood examination revealed strengthened kinin concentration.The patient was prescribed contrical. It was administered in order to inhibit the following proteinase:,,1,,REVIEW,MISSING_SPACE_AFTER_PUNCTUATION,MEDIUM,May be punctuation followed by missing whitespace.,PENDING,
4,LAYER_1,2732,2007,Biochemistry,question,"A patient presents high activity of LDH 1, 2, aspartate aminotransferase, creatine phosphokinase. In what organ (organs) is the development of a pathological process the most probable? Крок 2 Medicine (англомовний варiант, iноземнi студенти) 2017-2007 - BIOCHEMISTRY",варiант,1,,REVIEW,CYRILLIC_CONFUSABLE,HIGH,Mixed Latin/Cyrillic token detected; possible visually confusable OCR character.,PENDING,
4,LAYER_1,2732,2007,Biochemistry,question,"A patient presents high activity of LDH 1, 2, aspartate aminotransferase, creatine phosphokinase. In what organ (organs) is the development of a pathological process the most probable? Крок 2 Medicine (англомовний варiант, iноземнi студенти) 2017-2007 - BIOCHEMISTRY",iноземнi,1,,REVIEW,CYRILLIC_CONFUSABLE,HIGH,Mixed Latin/Cyrillic token detected; possible visually confusable OCR character.,PENDING,
4,LAYER_1,2735,2007,Biochemistry,answer_5,"Alanine Крок 2 Medicine (англомовний варiант, iноземнi студенти) 2017-2007 - BIOCHEMISTRY",варiант,1,,REVIEW,CYRILLIC_CONFUSABLE,HIGH,Mixed Latin/Cyrillic token detected; possible visually confusable OCR character.,PENDING,
4,LAYER_1,2735,2007,Biochemistry,answer_5,"Alanine Крок 2 Medicine (англомовний варiант, iноземнi студенти) 2017-2007 - BIOCHEMISTRY",iноземнi,1,,REVIEW,CYRILLIC_CONFUSABLE,HIGH,Mixed Latin/Cyrillic token detected; possible visually confusable OCR character.,PENDING,
4,LAYER_1,2736,2007,Biochemistry,question,"A 30 y.o. woman had been ill for a year when she felt pain in the area of joints for the first time, they got swollen and skin above them became reddened. Provisional diagnosis is rheumatoid arthritis. One of the most probable causes of this disease is a structure alteration of a connective tissue protein:",,1,,REVIEW,MISSING_SPACE_AFTER_PUNCTUATION,MEDIUM,May be punctuation followed by missing whitespace.,PENDING,
4,LAYER_1,2739,2007,Biochemistry,question,"A woman who has been keeping to a cleanrice diet for a long time was diagnosed with polyneuritis (beri-beri). What vitamin deficit results in development of this disease? Крок 2 Medicine (англомовний варiант, iноземнi студенти) 2017-2007 - BIOCHEMISTRY",варiант,1,,REVIEW,CYRILLIC_CONFUSABLE,HIGH,Mixed Latin/Cyrillic token detected; possible visually confusable OCR character.,PENDING,
4,LAYER_1,2739,2007,Biochemistry,question,"A woman who has been keeping to a cleanrice diet for a long time was diagnosed with polyneuritis (beri-beri). What vitamin deficit results in development of this disease? Крок 2 Medicine (англомовний варiант, iноземнi студенти) 2017-2007 - BIOCHEMISTRY",iноземнi,1,,REVIEW,CYRILLIC_CONFUSABLE,HIGH,Mixed Latin/Cyrillic token detected; possible visually confusable OCR character.,PENDING,
4,LAYER_1,2742,2007,Biochemistry,answer_4,"Low (absent) activity of glucose 6-phosphatase Крок 2 Medicine (англомовний варiант, iноземнi студенти) 2017-2007 - BIOCHEMISTRY",варiант,1,,REVIEW,CYRILLIC_CONFUSABLE,HIGH,Mixed Latin/Cyrillic token detected; possible visually confusable OCR character.,PENDING,
4,LAYER_1,2742,2007,Biochemistry,answer_4,"Low (absent) activity of glucose 6-phosphatase Крок 2 Medicine (англомовний варiант, iноземнi студенти) 2017-2007 - BIOCHEMISTRY",iноземнi,1,,REVIEW,CYRILLIC_CONFUSABLE,HIGH,Mixed Latin/Cyrillic token detected; possible visually confusable OCR character.,PENDING,
4,LAYER_1,2744,2007,Biochemistry,answer_1,"Lack of linoleic acid, vitamins A , D , E ,K",,1,,REVIEW,MISSING_SPACE_AFTER_PUNCTUATION,MEDIUM,May be punctuation followed by missing whitespace.,PENDING,
4,LAYER_1,2746,2007,Biochemistry,question,"Examination of a patient with frequent hemorrhages from internals and mucous membranes revealed proline and lysine being a part of collagene fibers. What vitamin absence caused disturbance of their hydroxylation? Крок 2 Medicine (англомовний варiант, iноземнi студенти) 2017-2007 - BIOCHEMISTRY",варiант,1,,REVIEW,CYRILLIC_CONFUSABLE,HIGH,Mixed Latin/Cyrillic token detected; possible visually confusable OCR character.,PENDING,
4,LAYER_1,2746,2007,Biochemistry,question,"Examination of a patient with frequent hemorrhages from internals and mucous membranes revealed proline and lysine being a part of collagene fibers. What vitamin absence caused disturbance of their hydroxylation? Крок 2 Medicine (англомовний варiант, iноземнi студенти) 2017-2007 - BIOCHEMISTRY",iноземнi,1,,REVIEW,CYRILLIC_CONFUSABLE,HIGH,Mixed Latin/Cyrillic token detected; possible visually confusable OCR character.,PENDING,
4,LAYER_1,2748,2007,Biochemistry,question,A 2 y.o. child has convulsions as a result of lowered concentration of calcium ions in blood plasma. It is caused by reduced function of:,,1,,REVIEW,MISSING_SPACE_AFTER_PUNCTUATION,MEDIUM,May be punctuation followed by missing whitespace.,PENDING,
4,LAYER_1,2749,2007,Biochemistry,answer_4,"Intensification of respiratory ferment synthesis Крок 2 Medicine (англомовний варiант, iноземнi студенти) 2017-2007 - BIOCHEMISTRY",варiант,1,,REVIEW,CYRILLIC_CONFUSABLE,HIGH,Mixed Latin/Cyrillic token detected; possible visually confusable OCR character.,PENDING,
4,LAYER_1,2749,2007,Biochemistry,answer_4,"Intensification of respiratory ferment synthesis Крок 2 Medicine (англомовний варiант, iноземнi студенти) 2017-2007 - BIOCHEMISTRY",iноземнi,1,,REVIEW,CYRILLIC_CONFUSABLE,HIGH,Mixed Latin/Cyrillic token detected; possible visually confusable OCR character.,PENDING,
4,LAYER_1,2751,2007,Biochemistry,question,To prevent postoperative bleeding a 6 y.o. child was administered vicasol that is a synthetic analogue of vitamin K . Name posttranslational changes of blood coagulation factors that will be activated by vicasol:,,1,,REVIEW,MISSING_SPACE_AFTER_PUNCTUATION,MEDIUM,May be punctuation followed by missing whitespace.,PENDING,
4,LAYER_1,2753,2007,Biochemistry,answer_2,"Glutathione Крок 2 Medicine (англомовний варiант, iноземнi студенти) 2017-2007 - BIOCHEMISTRY",варiант,1,,REVIEW,CYRILLIC_CONFUSABLE,HIGH,Mixed Latin/Cyrillic token detected; possible visually confusable OCR character.,PENDING,
4,LAYER_1,2753,2007,Biochemistry,answer_2,"Glutathione Крок 2 Medicine (англомовний варiант, iноземнi студенти) 2017-2007 - BIOCHEMISTRY",iноземнi,1,,REVIEW,CYRILLIC_CONFUSABLE,HIGH,Mixed Latin/Cyrillic token detected; possible visually confusable OCR character.,PENDING,
4,LAYER_1,2757,2007,Biochemistry,question,"A child’s blood presents high content of galactose, glucose concentration is low. There are such presentations as cataract, mental deficiency, adipose degeneration of liver. What disease is it? Крок 2 Medicine (англомовний варiант, iноземнi студенти) 2017-2007 - BIOCHEMISTRY",варiант,1,,REVIEW,CYRILLIC_CONFUSABLE,HIGH,Mixed Latin/Cyrillic token detected; possible visually confusable OCR character.,PENDING,
4,LAYER_1,2757,2007,Biochemistry,question,"A child’s blood presents high content of galactose, glucose concentration is low. There are such presentations as cataract, mental deficiency, adipose degeneration of liver. What disease is it? Крок 2 Medicine (англомовний варiант, iноземнi студенти) 2017-2007 - BIOCHEMISTRY",iноземнi,1,,REVIEW,CYRILLIC_CONFUSABLE,HIGH,Mixed Latin/Cyrillic token detected; possible visually confusable OCR character.,PENDING,
4,LAYER_1,2759,2007,Biochemistry,question,"A 45 y.o. woman suffers from Cushing’s syndrome - steroid diabetes. Biochemical examination revealed: hyperglycemia, hypochloremia. Which of the undermentioned processes is the first to be activated?",,1,,REVIEW,MISSING_SPACE_AFTER_PUNCTUATION,MEDIUM,May be punctuation followed by missing whitespace.,PENDING,
4,LAYER_1,2760,2007,Biochemistry,answer_4,"Lactic acid utilization Крок 2 Medicine (англомовний варiант, iноземнi студенти) 2017-2007 - BIOCHEMISTRY",варiант,1,,REVIEW,CYRILLIC_CONFUSABLE,HIGH,Mixed Latin/Cyrillic token detected; possible visually confusable OCR character.,PENDING,
4,LAYER_1,2760,2007,Biochemistry,answer_4,"Lactic acid utilization Крок 2 Medicine (англомовний варiант, iноземнi студенти) 2017-2007 - BIOCHEMISTRY",iноземнi,1,,REVIEW,CYRILLIC_CONFUSABLE,HIGH,Mixed Latin/Cyrillic token detected; possible visually confusable OCR character.,PENDING,
4,LAYER_1,2760,2007,Biochemistry,question,A 1 y.o. child with symptoms of muscle affection was admitted to the hospital. Examination revealed carnitine deficit in muscles. Biochemical base of this pathology is disturbed process of:,,1,,REVIEW,MISSING_SPACE_AFTER_PUNCTUATION,MEDIUM,May be punctuation followed by missing whitespace.,PENDING,
4,LAYER_1,2764,2010,Biochemistry,question,"A full-term newborn child has yellowish skin and mucous membranes. This might be probably caused by temporary deficiency of the following enzyme: Крок 2 Medicine (англомовний варiант, iноземнi студенти) 2017-2007 - BIOCHEMISTRY",варiант,1,,REVIEW,CYRILLIC_CONFUSABLE,HIGH,Mixed Latin/Cyrillic token detected; possible visually confusable OCR character.,PENDING,
4,LAYER_1,2764,2010,Biochemistry,question,"A full-term newborn child has yellowish skin and mucous membranes. This might be probably caused by temporary deficiency of the following enzyme: Крок 2 Medicine (англомовний варiант, iноземнi студенти) 2017-2007 - BIOCHEMISTRY",iноземнi,1,,REVIEW,CYRILLIC_CONFUSABLE,HIGH,Mixed Latin/Cyrillic token detected; possible visually confusable OCR character.,PENDING,
4,LAYER_1,2766,2010,Biochemistry,answer_4,"Pyrimidines Крок 2 Medicine (англомовний варiант, iноземнi студенти) 2017-2007 - BIOCHEMISTRY",варiант,1,,REVIEW,CYRILLIC_CONFUSABLE,HIGH,Mixed Latin/Cyrillic token detected; possible visually confusable OCR character.,PENDING,
4,LAYER_1,2766,2010,Biochemistry,answer_4,"Pyrimidines Крок 2 Medicine (англомовний варiант, iноземнi студенти) 2017-2007 - BIOCHEMISTRY",iноземнi,1,,REVIEW,CYRILLIC_CONFUSABLE,HIGH,Mixed Latin/Cyrillic token detected; possible visually confusable OCR character.,PENDING,
4,LAYER_1,2769,2010,Biochemistry,topic,Mechanisms of urine formation.Pathological components in urine,,1,,REVIEW,MISSING_SPACE_AFTER_PUNCTUATION,MEDIUM,May be punctuation followed by missing whitespace.,PENDING,
4,LAYER_1,2770,2010,Biochemistry,topic,"Nutrition biochemistry and vitamins fundamental Крок 2 Medicine (англомовний варiант, iноземнi студенти) 2017-2007 - BIOCHEMISTRY",варiант,1,,REVIEW,CYRILLIC_CONFUSABLE,HIGH,Mixed Latin/Cyrillic token detected; possible visually confusable OCR character.,PENDING,
4,LAYER_1,2770,2010,Biochemistry,topic,"Nutrition biochemistry and vitamins fundamental Крок 2 Medicine (англомовний варiант, iноземнi студенти) 2017-2007 - BIOCHEMISTRY",iноземнi,1,,REVIEW,CYRILLIC_CONFUSABLE,HIGH,Mixed Latin/Cyrillic token detected; possible visually confusable OCR character.,PENDING,
4,LAYER_1,2773,2010,Biochemistry,answer_2,"Cyclic guanosine monophosphate Крок 2 Medicine (англомовний варiант, iноземнi студенти) 2017-2007 - BIOCHEMISTRY",варiант,1,,REVIEW,CYRILLIC_CONFUSABLE,HIGH,Mixed Latin/Cyrillic token detected; possible visually confusable OCR character.,PENDING,
4,LAYER_1,2773,2010,Biochemistry,answer_2,"Cyclic guanosine monophosphate Крок 2 Medicine (англомовний варiант, iноземнi студенти) 2017-2007 - BIOCHEMISTRY",iноземнi,1,,REVIEW,CYRILLIC_CONFUSABLE,HIGH,Mixed Latin/Cyrillic token detected; possible visually confusable OCR character.,PENDING,
4,LAYER_1,2776,2010,Biochemistry,answer_5,"Phosphofructomutase Крок 2 Medicine (англомовний варiант, iноземнi студенти) 2017-2007 - BIOCHEMISTRY",варiант,1,,REVIEW,CYRILLIC_CONFUSABLE,HIGH,Mixed Latin/Cyrillic token detected; possible visually confusable OCR character.,PENDING,
4,LAYER_1,2776,2010,Biochemistry,answer_5,"Phosphofructomutase Крок 2 Medicine (англомовний варiант, iноземнi студенти) 2017-2007 - BIOCHEMISTRY",iноземнi,1,,REVIEW,CYRILLIC_CONFUSABLE,HIGH,Mixed Latin/Cyrillic token detected; possible visually confusable OCR character.,PENDING,
4,LAYER_1,2780,2018,Biochemistry,answer_1,"Blood oxyproline and oxylysine Крок 2 Medicine (англомовний варiант, iноземнi студенти) 2017-2007 - BIOCHEMISTRY",варiант,1,,REVIEW,CYRILLIC_CONFUSABLE,HIGH,Mixed Latin/Cyrillic token detected; possible visually confusable OCR character.,PENDING,
4,LAYER_1,2780,2018,Biochemistry,answer_1,"Blood oxyproline and oxylysine Крок 2 Medicine (англомовний варiант, iноземнi студенти) 2017-2007 - BIOCHEMISTRY",iноземнi,1,,REVIEW,CYRILLIC_CONFUSABLE,HIGH,Mixed Latin/Cyrillic token detected; possible visually confusable OCR character.,PENDING,
4,LAYER_1,2785,2018,Biochemistry,answer_4,"Activation of apoА1, apoА2, and apoА4 apolipoprotein synthesis",apoА1,1,,REVIEW,CYRILLIC_CONFUSABLE,HIGH,Mixed Latin/Cyrillic token detected; possible visually confusable OCR character.,PENDING,
4,LAYER_1,2785,2018,Biochemistry,answer_4,"Activation of apoА1, apoА2, and apoА4 apolipoprotein synthesis",apoА2,1,,REVIEW,CYRILLIC_CONFUSABLE,HIGH,Mixed Latin/Cyrillic token detected; possible visually confusable OCR character.,PENDING,
4,LAYER_1,2785,2018,Biochemistry,answer_4,"Activation of apoА1, apoА2, and apoА4 apolipoprotein synthesis",apoА4,1,,REVIEW,CYRILLIC_CONFUSABLE,HIGH,Mixed Latin/Cyrillic token detected; possible visually confusable OCR character.,PENDING,
4,LAYER_1,2787,2018,Biochemistry,answer_3,"Carbohydrates Крок 2 Medicine (англомовний варiант, iноземнi студенти) 2017-2007 - BIOCHEMISTRY",варiант,1,,REVIEW,CYRILLIC_CONFUSABLE,HIGH,Mixed Latin/Cyrillic token detected; possible visually confusable OCR character.,PENDING,
4,LAYER_1,2787,2018,Biochemistry,answer_3,"Carbohydrates Крок 2 Medicine (англомовний варiант, iноземнi студенти) 2017-2007 - BIOCHEMISTRY",iноземнi,1,,REVIEW,CYRILLIC_CONFUSABLE,HIGH,Mixed Latin/Cyrillic token detected; possible visually confusable OCR character.,PENDING,
4,LAYER_1,2791,2018,Biochemistry,topic,"Anabolism of carbohydrates Крок 2 Medicine (англомовний варiант, iноземнi студенти) 2017-2007 - BIOCHEMISTRY",варiант,1,,REVIEW,CYRILLIC_CONFUSABLE,HIGH,Mixed Latin/Cyrillic token detected; possible visually confusable OCR character.,PENDING,
4,LAYER_1,2791,2018,Biochemistry,topic,"Anabolism of carbohydrates Крок 2 Medicine (англомовний варiант, iноземнi студенти) 2017-2007 - BIOCHEMISTRY",iноземнi,1,,REVIEW,CYRILLIC_CONFUSABLE,HIGH,Mixed Latin/Cyrillic token detected; possible visually confusable OCR character.,PENDING,
4,LAYER_1,2794,2018,Biochemistry,answer_3,"Glycolysis Крок 2 Medicine (англомовний варiант, iноземнi студенти) 2017-2007 - BIOCHEMISTRY",варiант,1,,REVIEW,CYRILLIC_CONFUSABLE,HIGH,Mixed Latin/Cyrillic token detected; possible visually confusable OCR character.,PENDING,
4,LAYER_1,2794,2018,Biochemistry,answer_3,"Glycolysis Крок 2 Medicine (англомовний варiант, iноземнi студенти) 2017-2007 - BIOCHEMISTRY",iноземнi,1,,REVIEW,CYRILLIC_CONFUSABLE,HIGH,Mixed Latin/Cyrillic token detected; possible visually confusable OCR character.,PENDING,
4,LAYER_1,2798,2018,Biochemistry,topic,"Lipid metabolism and its regulation Крок 2 Medicine (англомовний варiант, iноземнi студенти) 2017-2007 - BIOCHEMISTRY",варiант,1,,REVIEW,CYRILLIC_CONFUSABLE,HIGH,Mixed Latin/Cyrillic token detected; possible visually confusable OCR character.,PENDING,
4,LAYER_1,2798,2018,Biochemistry,topic,"Lipid metabolism and its regulation Крок 2 Medicine (англомовний варiант, iноземнi студенти) 2017-2007 - BIOCHEMISTRY",iноземнi,1,,REVIEW,CYRILLIC_CONFUSABLE,HIGH,Mixed Latin/Cyrillic token detected; possible visually confusable OCR character.,PENDING,
4,LAYER_1,28,2017,Pathophysiology,question,A patient demonstrates sharp decrease of pulmonary surfactant activity. This condi-tion can result in:,condi-tion,1,,REVIEW,POSSIBLE_BROKEN_WORD,MEDIUM,Likely OCR/PDF word split detected. Manual review required.,PENDING,
4,LAYER_1,2801,2018,Biochemistry,answer_3,"Thiamine Крок 2 Medicine (англомовний варiант, iноземнi студенти) 2017-2007 - BIOCHEMISTRY",варiант,1,,REVIEW,CYRILLIC_CONFUSABLE,HIGH,Mixed Latin/Cyrillic token detected; possible visually confusable OCR character.,PENDING,
4,LAYER_1,2801,2018,Biochemistry,answer_3,"Thiamine Крок 2 Medicine (англомовний варiант, iноземнi студенти) 2017-2007 - BIOCHEMISTRY",iноземнi,1,,REVIEW,CYRILLIC_CONFUSABLE,HIGH,Mixed Latin/Cyrillic token detected; possible visually confusable OCR character.,PENDING,
4,LAYER_1,2805,2019,Biochemistry,topic,"Cholesterol metabolism. Ketone bodies Крок 2 Medicine (англомовний варiант, iноземнi студенти) 2017-2007 - BIOCHEMISTRY",варiант,1,,REVIEW,CYRILLIC_CONFUSABLE,HIGH,Mixed Latin/Cyrillic token detected; possible visually confusable OCR character.,PENDING,
4,LAYER_1,2805,2019,Biochemistry,topic,"Cholesterol metabolism. Ketone bodies Крок 2 Medicine (англомовний варiант, iноземнi студенти) 2017-2007 - BIOCHEMISTRY",iноземнi,1,,REVIEW,CYRILLIC_CONFUSABLE,HIGH,Mixed Latin/Cyrillic token detected; possible visually confusable OCR character.,PENDING,
4,LAYER_1,2808,2019,Biochemistry,answer_3,"Acetic acid Крок 2 Medicine (англомовний варiант, iноземнi студенти) 2017-2007 - BIOCHEMISTRY",варiант,1,,REVIEW,CYRILLIC_CONFUSABLE,HIGH,Mixed Latin/Cyrillic token detected; possible visually confusable OCR character.,PENDING,
4,LAYER_1,2808,2019,Biochemistry,answer_3,"Acetic acid Крок 2 Medicine (англомовний варiант, iноземнi студенти) 2017-2007 - BIOCHEMISTRY",iноземнi,1,,REVIEW,CYRILLIC_CONFUSABLE,HIGH,Mixed Latin/Cyrillic token detected; possible visually confusable OCR character.,PENDING,
4,LAYER_1,2812,2019,Biochemistry,topic,"Mechanism of steroid hormones action Крок 2 Medicine (англомовний варiант, iноземнi студенти) 2017-2007 - BIOCHEMISTRY",варiант,1,,REVIEW,CYRILLIC_CONFUSABLE,HIGH,Mixed Latin/Cyrillic token detected; possible visually confusable OCR character.,PENDING,
4,LAYER_1,2812,2019,Biochemistry,topic,"Mechanism of steroid hormones action Крок 2 Medicine (англомовний варiант, iноземнi студенти) 2017-2007 - BIOCHEMISTRY",iноземнi,1,,REVIEW,CYRILLIC_CONFUSABLE,HIGH,Mixed Latin/Cyrillic token detected; possible visually confusable OCR character.,PENDING,
4,LAYER_1,2815,2019,Biochemistry,answer_3,"Kidneys Крок 2 Medicine (англомовний варiант, iноземнi студенти) 2017-2007 - BIOCHEMISTRY",варiант,1,,REVIEW,CYRILLIC_CONFUSABLE,HIGH,Mixed Latin/Cyrillic token detected; possible visually confusable OCR character.,PENDING,
4,LAYER_1,2815,2019,Biochemistry,answer_3,"Kidneys Крок 2 Medicine (англомовний варiант, iноземнi студенти) 2017-2007 - BIOCHEMISTRY",iноземнi,1,,REVIEW,CYRILLIC_CONFUSABLE,HIGH,Mixed Latin/Cyrillic token detected; possible visually confusable OCR character.,PENDING,
4,LAYER_1,2818,2019,Biochemistry,answer_3,"Glucocerebrosidase Крок 2 Medicine (англомовний варiант, iноземнi студенти) 2017-2007 - BIOCHEMISTRY",варiант,1,,REVIEW,CYRILLIC_CONFUSABLE,HIGH,Mixed Latin/Cyrillic token detected; possible visually confusable OCR character.,PENDING,
4,LAYER_1,2818,2019,Biochemistry,answer_3,"Glucocerebrosidase Крок 2 Medicine (англомовний варiант, iноземнi студенти) 2017-2007 - BIOCHEMISTRY",iноземнi,1,,REVIEW,CYRILLIC_CONFUSABLE,HIGH,Mixed Latin/Cyrillic token detected; possible visually confusable OCR character.,PENDING,
4,LAYER_1,2821,2020,Biochemistry,answer_4,"They are a part of cellular receptors Крок 2 Medicine (англомовний варiант, iноземнi студенти) 2017-2007 - BIOCHEMISTRY",варiант,1,,REVIEW,CYRILLIC_CONFUSABLE,HIGH,Mixed Latin/Cyrillic token detected; possible visually confusable OCR character.,PENDING,
4,LAYER_1,2821,2020,Biochemistry,answer_4,"They are a part of cellular receptors Крок 2 Medicine (англомовний варiант, iноземнi студенти) 2017-2007 - BIOCHEMISTRY",iноземнi,1,,REVIEW,CYRILLIC_CONFUSABLE,HIGH,Mixed Latin/Cyrillic token detected; possible visually confusable OCR character.,PENDING,
4,LAYER_1,2825,2020,Biochemistry,question,It has been found experimentally that activation of amino acids and their binding to the tRNA is an important stage of preparation for protein synthesis in the cells. What substance takes part in this process?,tRNA,1,,REVIEW,OCR_CASE_CORRUPTION,HIGH,Suspicious uppercase sequence inside a word; possible PDF/OCR corruption.,PENDING,
4,LAYER_1,2825,2020,Biochemistry,topic,"Nucleic acid metabolism. Protein synthesis Крок 2 Medicine (англомовний варiант, iноземнi студенти) 2017-2007 - BIOCHEMISTRY",варiант,1,,REVIEW,CYRILLIC_CONFUSABLE,HIGH,Mixed Latin/Cyrillic token detected; possible visually confusable OCR character.,PENDING,
4,LAYER_1,2825,2020,Biochemistry,topic,"Nucleic acid metabolism. Protein synthesis Крок 2 Medicine (англомовний варiант, iноземнi студенти) 2017-2007 - BIOCHEMISTRY",iноземнi,1,,REVIEW,CYRILLIC_CONFUSABLE,HIGH,Mixed Latin/Cyrillic token detected; possible visually confusable OCR character.,PENDING,
4,LAYER_1,2826,2020,Biochemistry,question,"A woman complains that her child is unwell:the child developed loss of appetite, insomnia, and irritability. Biochemical testing shows that there is no glucocercbrosidase enzyme in the child’s blood. It is characteristic of the following pathology:",,1,,REVIEW,MISSING_SPACE_AFTER_PUNCTUATION,MEDIUM,May be punctuation followed by missing whitespace.,PENDING,
4,LAYER_1,2828,2020,Biochemistry,answer_3,"Pyridoxine Крок 2 Medicine (англомовний варiант, iноземнi студенти) 2017-2007 - BIOCHEMISTRY",варiант,1,,REVIEW,CYRILLIC_CONFUSABLE,HIGH,Mixed Latin/Cyrillic token detected; possible visually confusable OCR character.,PENDING,
4,LAYER_1,2828,2020,Biochemistry,answer_3,"Pyridoxine Крок 2 Medicine (англомовний варiант, iноземнi студенти) 2017-2007 - BIOCHEMISTRY",iноземнi,1,,REVIEW,CYRILLIC_CONFUSABLE,HIGH,Mixed Latin/Cyrillic token detected; possible visually confusable OCR character.,PENDING,
4,LAYER_1,2832,2020,Biochemistry,topic,"Gaseous metabolism mechanism Крок 2 Medicine (англомовний варiант, iноземнi студенти) 2017-2007 - BIOCHEMISTRY",варiант,1,,REVIEW,CYRILLIC_CONFUSABLE,HIGH,Mixed Latin/Cyrillic token detected; possible visually confusable OCR character.,PENDING,
4,LAYER_1,2832,2020,Biochemistry,topic,"Gaseous metabolism mechanism Крок 2 Medicine (англомовний варiант, iноземнi студенти) 2017-2007 - BIOCHEMISTRY",iноземнi,1,,REVIEW,CYRILLIC_CONFUSABLE,HIGH,Mixed Latin/Cyrillic token detected; possible visually confusable OCR character.,PENDING,
4,LAYER_1,2835,2020,Biochemistry,answer_3,"Viral DNA on the DNA matrix Крок 2 Medicine (англомовний варiант, iноземнi студенти) 2017-2007 - BIOCHEMISTRY",варiант,1,,REVIEW,CYRILLIC_CONFUSABLE,HIGH,Mixed Latin/Cyrillic token detected; possible visually confusable OCR character.,PENDING,
4,LAYER_1,2835,2020,Biochemistry,answer_3,"Viral DNA on the DNA matrix Крок 2 Medicine (англомовний варiант, iноземнi студенти) 2017-2007 - BIOCHEMISTRY",iноземнi,1,,REVIEW,CYRILLIC_CONFUSABLE,HIGH,Mixed Latin/Cyrillic token detected; possible visually confusable OCR character.,PENDING,
4,LAYER_1,2835,2020,Biochemistry,question,"T- lymphocytes were affected by HIV In the process, viral enzyme reverse transcriptase (RNA-dependent DNA- polymerase) catalyzes the synthesis of:",,1,,REVIEW,BROKEN_WORD_WITH_SPACE,MEDIUM,Possible word split by PDF/OCR line wrapping; may also be legitimate hyphenation and requires review.,PENDING,
4,LAYER_1,2839,2020,Biochemistry,topic,"Nutrition biochemistry and vitamins fundamentals. Крок 2 Medicine (англомовний варiант, iноземнi студенти) 2017-2007 - BIOCHEMISTRY",варiант,1,,REVIEW,CYRILLIC_CONFUSABLE,HIGH,Mixed Latin/Cyrillic token detected; possible visually confusable OCR character.,PENDING,
4,LAYER_1,2839,2020,Biochemistry,topic,"Nutrition biochemistry and vitamins fundamentals. Крок 2 Medicine (англомовний варiант, iноземнi студенти) 2017-2007 - BIOCHEMISTRY",iноземнi,1,,REVIEW,CYRILLIC_CONFUSABLE,HIGH,Mixed Latin/Cyrillic token detected; possible visually confusable OCR character.,PENDING,
4,LAYER_1,2842,2020,Biochemistry,answer_3,"Hexosaminidase Крок 2 Medicine (англомовний варiант, iноземнi студенти) 2017-2007 - BIOCHEMISTRY",варiант,1,,REVIEW,CYRILLIC_CONFUSABLE,HIGH,Mixed Latin/Cyrillic token detected; possible visually confusable OCR character.,PENDING,
4,LAYER_1,2842,2020,Biochemistry,answer_3,"Hexosaminidase Крок 2 Medicine (англомовний варiант, iноземнi студенти) 2017-2007 - BIOCHEMISTRY",iноземнi,1,,REVIEW,CYRILLIC_CONFUSABLE,HIGH,Mixed Latin/Cyrillic token detected; possible visually confusable OCR character.,PENDING,
4,LAYER_1,2845,2021,Biochemistry,topic,"""Water- and fat-soluble vitamins"".",,1,,REVIEW,BROKEN_WORD_WITH_SPACE,MEDIUM,Possible word split by PDF/OCR line wrapping; may also be legitimate hyphenation and requires review.,PENDING,
4,LAYER_1,2846,2021,Biochemistry,question,A certain natural antioxidan is used in treatment of paradontosis.Which of the listed natural compounds is used as an antioxidant?,,1,,REVIEW,MISSING_SPACE_AFTER_PUNCTUATION,MEDIUM,May be punctuation followed by missing whitespace.,PENDING,
4,LAYER_1,2846,2021,Biochemistry,topic,"""Water- and fat-soluble vitamins"".",,1,,REVIEW,BROKEN_WORD_WITH_SPACE,MEDIUM,Possible word split by PDF/OCR line wrapping; may also be legitimate hyphenation and requires review.,PENDING,
4,LAYER_1,2849,2021,Biochemistry,answer_3,"Respiratory alkalosis Крок 2 Medicine (англомовний варiант, iноземнi студенти) 2017-2007 - BIOCHEMISTRY",варiант,1,,REVIEW,CYRILLIC_CONFUSABLE,HIGH,Mixed Latin/Cyrillic token detected; possible visually confusable OCR character.,PENDING,
4,LAYER_1,2849,2021,Biochemistry,answer_3,"Respiratory alkalosis Крок 2 Medicine (англомовний варiант, iноземнi студенти) 2017-2007 - BIOCHEMISTRY",iноземнi,1,,REVIEW,CYRILLIC_CONFUSABLE,HIGH,Mixed Latin/Cyrillic token detected; possible visually confusable OCR character.,PENDING,
4,LAYER_1,2851,2021,Biochemistry,question,"A 63-year-old woman had a gastrointestinal hemorrhage that exposed blood proteins to intestinal microorganisms, i.e. they became a subject of putrefaction It resulted in an increased concentration of the following substance in the patient’s blood:",,1,,REVIEW,MISSING_SPACE_AFTER_PUNCTUATION,MEDIUM,May be punctuation followed by missing whitespace.,PENDING,
4,LAYER_1,2852,2021,Biochemistry,question,"In the process of human aging, the synthesis and secretion of pancreatic juice decreases and its trypsin levels become- lower, it results in disturbed breakdown of:",,1,,REVIEW,BROKEN_WORD_WITH_SPACE,MEDIUM,Possible word split by PDF/OCR line wrapping; may also be legitimate hyphenation and requires review.,PENDING,
4,LAYER_1,2853,2021,Biochemistry,topic,"Hormonal regulation of metabolism Крок 2 Medicine (англомовний варiант, iноземнi студенти) 2017-2007 - BIOCHEMISTRY",варiант,1,,REVIEW,CYRILLIC_CONFUSABLE,HIGH,Mixed Latin/Cyrillic token detected; possible visually confusable OCR character.,PENDING,
4,LAYER_1,2853,2021,Biochemistry,topic,"Hormonal regulation of metabolism Крок 2 Medicine (англомовний варiант, iноземнi студенти) 2017-2007 - BIOCHEMISTRY",iноземнi,1,,REVIEW,CYRILLIC_CONFUSABLE,HIGH,Mixed Latin/Cyrillic token detected; possible visually confusable OCR character.,PENDING,
4,LAYER_1,2856,2021,Biochemistry,answer_3,"Oxidative phosphorylation Крок 2 Medicine (англомовний варiант, iноземнi студенти) 2017-2007 - BIOCHEMISTRY",варiант,1,,REVIEW,CYRILLIC_CONFUSABLE,HIGH,Mixed Latin/Cyrillic token detected; possible visually confusable OCR character.,PENDING,
4,LAYER_1,2856,2021,Biochemistry,answer_3,"Oxidative phosphorylation Крок 2 Medicine (англомовний варiант, iноземнi студенти) 2017-2007 - BIOCHEMISTRY",iноземнi,1,,REVIEW,CYRILLIC_CONFUSABLE,HIGH,Mixed Latin/Cyrillic token detected; possible visually confusable OCR character.,PENDING,
4,LAYER_1,2860,2021,Biochemistry,topic,"Functional and clinical biochemistry of muscles, nervous and connective tissues Крок 2 Medicine (англомовний варiант, iноземнi студенти) 2017-2007 - BIOCHEMISTRY",варiант,1,,REVIEW,CYRILLIC_CONFUSABLE,HIGH,Mixed Latin/Cyrillic token detected; possible visually confusable OCR character.,PENDING,
4,LAYER_1,2860,2021,Biochemistry,topic,"Functional and clinical biochemistry of muscles, nervous and connective tissues Крок 2 Medicine (англомовний варiант, iноземнi студенти) 2017-2007 - BIOCHEMISTRY",iноземнi,1,,REVIEW,CYRILLIC_CONFUSABLE,HIGH,Mixed Latin/Cyrillic token detected; possible visually confusable OCR character.,PENDING,
4,LAYER_1,2863,2021,Biochemistry,answer_4,"Reactions of deamination Крок 2 Medicine (англомовний варiант, iноземнi студенти) 2017-2007 - BIOCHEMISTRY",варiант,1,,REVIEW,CYRILLIC_CONFUSABLE,HIGH,Mixed Latin/Cyrillic token detected; possible visually confusable OCR character.,PENDING,
4,LAYER_1,2863,2021,Biochemistry,answer_4,"Reactions of deamination Крок 2 Medicine (англомовний варiант, iноземнi студенти) 2017-2007 - BIOCHEMISTRY",iноземнi,1,,REVIEW,CYRILLIC_CONFUSABLE,HIGH,Mixed Latin/Cyrillic token detected; possible visually confusable OCR character.,PENDING,
4,LAYER_1,2867,2021,Biochemistry,answer_1,"Alcaptonuria Крок 2 Medicine (англомовний варiант, iноземнi студенти) 2017-2007 - BIOCHEMISTRY",варiант,1,,REVIEW,CYRILLIC_CONFUSABLE,HIGH,Mixed Latin/Cyrillic token detected; possible visually confusable OCR character.,PENDING,
4,LAYER_1,2867,2021,Biochemistry,answer_1,"Alcaptonuria Крок 2 Medicine (англомовний варiант, iноземнi студенти) 2017-2007 - BIOCHEMISTRY",iноземнi,1,,REVIEW,CYRILLIC_CONFUSABLE,HIGH,Mixed Latin/Cyrillic token detected; possible visually confusable OCR character.,PENDING,
4,LAYER_1,2870,2021,Biochemistry,answer_5,"Mitochondria Крок 2 Medicine (англомовний варiант, iноземнi студенти) 2017-2007 - BIOCHEMISTRY",варiант,1,,REVIEW,CYRILLIC_CONFUSABLE,HIGH,Mixed Latin/Cyrillic token detected; possible visually confusable OCR character.,PENDING,
4,LAYER_1,2870,2021,Biochemistry,answer_5,"Mitochondria Крок 2 Medicine (англомовний варiант, iноземнi студенти) 2017-2007 - BIOCHEMISTRY",iноземнi,1,,REVIEW,CYRILLIC_CONFUSABLE,HIGH,Mixed Latin/Cyrillic token detected; possible visually confusable OCR character.,PENDING,
4,LAYER_1,2871,2021,Biochemistry,question,The initiation of transcription process becomes possible when an enzyme DNA- dependent RNA polymerase attaches to a certain segment of DNA molecule. Name this DNA segment:,,1,,REVIEW,BROKEN_WORD_WITH_SPACE,MEDIUM,Possible word split by PDF/OCR line wrapping; may also be legitimate hyphenation and requires review.,PENDING,
4,LAYER_1,2874,2021,Biochemistry,answer_1,"Thiamine Крок 2 Medicine (англомовний варiант, iноземнi студенти) 2017-2007 - BIOCHEMISTRY",варiант,1,,REVIEW,CYRILLIC_CONFUSABLE,HIGH,Mixed Latin/Cyrillic token detected; possible visually confusable OCR character.,PENDING,
4,LAYER_1,2874,2021,Biochemistry,answer_1,"Thiamine Крок 2 Medicine (англомовний варiант, iноземнi студенти) 2017-2007 - BIOCHEMISTRY",iноземнi,1,,REVIEW,CYRILLIC_CONFUSABLE,HIGH,Mixed Latin/Cyrillic token detected; possible visually confusable OCR character.,PENDING,
4,LAYER_1,2874,2021,Biochemistry,topic,"Water- and fat-soluble vitamins"".",,1,,REVIEW,BROKEN_WORD_WITH_SPACE,MEDIUM,Possible word split by PDF/OCR line wrapping; may also be legitimate hyphenation and requires review.,PENDING,
4,LAYER_1,2881,2021,Biochemistry,answer_3,"Inositol triphosphate Крок 2 Medicine (англомовний варiант, iноземнi студенти) 2017-2007 - BIOCHEMISTRY",варiант,1,,REVIEW,CYRILLIC_CONFUSABLE,HIGH,Mixed Latin/Cyrillic token detected; possible visually confusable OCR character.,PENDING,
4,LAYER_1,2881,2021,Biochemistry,answer_3,"Inositol triphosphate Крок 2 Medicine (англомовний варiант, iноземнi студенти) 2017-2007 - BIOCHEMISTRY",iноземнi,1,,REVIEW,CYRILLIC_CONFUSABLE,HIGH,Mixed Latin/Cyrillic token detected; possible visually confusable OCR character.,PENDING,
4,LAYER_1,2881,2021,Biochemistry,question,During mental stress a hormonesensitive enzyme triacylglycerol lipase activates in fatty tissues.What secondary messenger takes part in activation of this enzyme?,,1,,REVIEW,MISSING_SPACE_AFTER_PUNCTUATION,MEDIUM,May be punctuation followed by missing whitespace.,PENDING,
4,LAYER_1,2885,2021,Biochemistry,topic,"""Water- and fat-soluble vitamins"". Крок 2 Medicine (англомовний варiант, iноземнi студенти) 2017-2007 - BIOCHEMISTRY",,1,,REVIEW,BROKEN_WORD_WITH_SPACE,MEDIUM,Possible word split by PDF/OCR line wrapping; may also be legitimate hyphenation and requires review.,PENDING,
4,LAYER_1,2885,2021,Biochemistry,topic,"""Water- and fat-soluble vitamins"". Крок 2 Medicine (англомовний варiант, iноземнi студенти) 2017-2007 - BIOCHEMISTRY",варiант,1,,REVIEW,CYRILLIC_CONFUSABLE,HIGH,Mixed Latin/Cyrillic token detected; possible visually confusable OCR character.,PENDING,
4,LAYER_1,2885,2021,Biochemistry,topic,"""Water- and fat-soluble vitamins"". Крок 2 Medicine (англомовний варiант, iноземнi студенти) 2017-2007 - BIOCHEMISTRY",iноземнi,1,,REVIEW,CYRILLIC_CONFUSABLE,HIGH,Mixed Latin/Cyrillic token detected; possible visually confusable OCR character.,PENDING,
4,LAYER_1,2888,2021,Biochemistry,answer_3,"Indole Крок 2 Medicine (англомовний варiант, iноземнi студенти) 2017-2007 - BIOCHEMISTRY",варiант,1,,REVIEW,CYRILLIC_CONFUSABLE,HIGH,Mixed Latin/Cyrillic token detected; possible visually confusable OCR character.,PENDING,
4,LAYER_1,2888,2021,Biochemistry,answer_3,"Indole Крок 2 Medicine (англомовний варiант, iноземнi студенти) 2017-2007 - BIOCHEMISTRY",iноземнi,1,,REVIEW,CYRILLIC_CONFUSABLE,HIGH,Mixed Latin/Cyrillic token detected; possible visually confusable OCR character.,PENDING,
4,LAYER_1,29,2017,Pathophysiology,question,"A 30-year-old man complains of suffocation, heaviness in the chest on the right, general weakness. Body temperature is 38,9o C Objectively the right side of the chest lags behind the left side during respiration. Pleurocentesis yielded exudate. What is the leading factor of exudation in the patient?",,1,,REVIEW,TEMPERATURE_FORMAT,HIGH,Possible OCR corruption in temperature notation.,PENDING,
4,LAYER_1,302,2008,Pathophysiology,answer_5,.Granulomatosis,,1,,REVIEW,MISSING_SPACE_AFTER_PUNCTUATION,MEDIUM,May be punctuation followed by missing whitespace.,PENDING,
4,LAYER_1,308,2008,Pathophysiology,question,A patient had hemorrhagic stroke. Blood examination revealed strengthened kinin concentration.The patient was prescribed contrical. It was administered in order to inhibit the following proteinase:,,1,,REVIEW,MISSING_SPACE_AFTER_PUNCTUATION,MEDIUM,May be punctuation followed by missing whitespace.,PENDING,
4,LAYER_1,311,2007,Pathophysiology,question,"A 12 y.o. boy who suffers from bronchial asthma has an acute attack of asthma: evident expiratory dyspnea, skin pallor. What type of alveolar ventilation disturbance is it?",,1,,REVIEW,MISSING_SPACE_AFTER_PUNCTUATION,MEDIUM,May be punctuation followed by missing whitespace.,PENDING,
4,LAYER_1,318,2007,Pathophysiology,question,"A 48 y.o. patient was admitted to the hospital with complaints about weakness, irritability, sleep disturbance. Objectively: skin and scleras are yellow. In blood: conjugated bilirubin, cholalemia. Feces are acholic. Urine is of dark colour (bilirubin). What jaundice is it?",,1,,REVIEW,MISSING_SPACE_AFTER_PUNCTUATION,MEDIUM,May be punctuation followed by missing whitespace.,PENDING,
4,LAYER_1,32,2017,Pathophysiology,question,"During removal of the hyperplastic thyroid gland of a 47-year-old woman, the parathyroid gland was damaged. One month after the surgery the pati-ent developed signs of hypoparathyroi-dism: frequent convulsions, hyperreflexia, laryngospasm. What is the most likely cause of the patient’s condition?",pati-ent,1,,REVIEW,POSSIBLE_BROKEN_WORD,MEDIUM,Likely OCR/PDF word split detected. Manual review required.,PENDING,
4,LAYER_1,322,2007,Pathophysiology,question,"A 49 y.o. woman consulted a doctor about heightened fatigue and dyspnea during physical activity. ECG: heart rate is 50/min, PQ is extended, QRS is unchanged, P wave quanity exceeds quantity of QRS complexes. What type of arrhythmia does the patient have?",,1,,REVIEW,MISSING_SPACE_AFTER_PUNCTUATION,MEDIUM,May be punctuation followed by missing whitespace.,PENDING,
4,LAYER_1,324,2007,Pathophysiology,question,"A 40 y.o. patient complains of intensive heartbeats, sweating, nausea, vision impairment, arm tremor, hypertension. From his anamnesis: 2 years ago he was diagnosed with pheochromocytoma. Hyperproduction of what hormones causes the given pathology?",,1,,REVIEW,MISSING_SPACE_AFTER_PUNCTUATION,MEDIUM,May be punctuation followed by missing whitespace.,PENDING,
4,LAYER_1,325,2007,Pathophysiology,question,A 56 y.o. patient has been suffering from thyreotoxicosis for a long time. What type of hypoxia can be developed?,,1,,REVIEW,MISSING_SPACE_AFTER_PUNCTUATION,MEDIUM,May be punctuation followed by missing whitespace.,PENDING,
4,LAYER_1,326,2007,Pathophysiology,question,Examination of a 43 y.o. anephric patient revealed anemia symptoms. What is the cause of these symptoms?,,1,,REVIEW,MISSING_SPACE_AFTER_PUNCTUATION,MEDIUM,May be punctuation followed by missing whitespace.,PENDING,
4,LAYER_1,330,2007,Pathophysiology,question,"A 55 y.o. woman consulted a doctor about having continuous cyclic uterine hemorrhages for a year, weakness, dizziness. Examination revealed skin pallor. Hemogram: Hb- 70 g/l, erythrocytes - 3, 2 · 1012/l, color index - 0,6, leukocytes 6, 0 · 109/l, reticulocytes - 1%; erythrocyte hypochromia. What anemia is it?",,1,,REVIEW,MISSING_SPACE_AFTER_PUNCTUATION,MEDIUM,May be punctuation followed by missing whitespace.,PENDING,
4,LAYER_1,331,2007,Pathophysiology,question,"A 23 y.o. patient complains of weakness, temperature rise up to 38 − 0C . Objectively: liver and spleen are enlarged. Hemogram: Hb- 100 g/l, erythrocytes - 2, 9 · 1012/l, leukocytes - 4, 4 · 109/l, thrombocytes - 48 · 109/ l, segmentonuclear neutrophils - 17%, lymphocytes - 15%, blast cells - 68%. All cytochemical reactions are negative. Make a hematological conclusion:",,1,,REVIEW,MISSING_SPACE_AFTER_PUNCTUATION,MEDIUM,May be punctuation followed by missing whitespace.,PENDING,
4,LAYER_1,334,2007,Pathophysiology,question,"A 45 y.o. woman suffers from Cushing’s syndrome - steroid diabetes. Biochemical examination revealed: hyperglycemia, hypochloremia. Which of the undermentioned processes is the first to be activated?",,1,,REVIEW,MISSING_SPACE_AFTER_PUNCTUATION,MEDIUM,May be punctuation followed by missing whitespace.,PENDING,
4,LAYER_1,368,2018,Pathophysiology,answer_4,"Activation of apoА1, apoА2, and apoА4 apolipoprotein synthesis",apoА1,1,,REVIEW,CYRILLIC_CONFUSABLE,HIGH,Mixed Latin/Cyrillic token detected; possible visually confusable OCR character.,PENDING,
4,LAYER_1,368,2018,Pathophysiology,answer_4,"Activation of apoА1, apoА2, and apoА4 apolipoprotein synthesis",apoА2,1,,REVIEW,CYRILLIC_CONFUSABLE,HIGH,Mixed Latin/Cyrillic token detected; possible visually confusable OCR character.,PENDING,
4,LAYER_1,368,2018,Pathophysiology,answer_4,"Activation of apoА1, apoА2, and apoА4 apolipoprotein synthesis",apoА4,1,,REVIEW,CYRILLIC_CONFUSABLE,HIGH,Mixed Latin/Cyrillic token detected; possible visually confusable OCR character.,PENDING,
4,LAYER_1,378,2018,Pathophysiology,question,"A woman has come to the hospital wi-th complaints of general weakness, dizziness, and dyspnea. Resently she has been taking levomycetin (chloramphenicol) for prevention of enteric infection. Blood test: erythrocytes - 1. 9 · 10 12/L, hemoglobin - 58 g/L, color index - 0.9, leukocytes - 2.2 G/L, reticulocytes - 0.3%. What type of anemia is it indicative of?",wi-th,1,,REVIEW,POSSIBLE_BROKEN_WORD,HIGH,Known OCR/PDF hyphenation pattern detected.,PENDING,
4,LAYER_1,409,2019,Pathophysiology,question,An uconscious young man in the state of morphine intoxication has been brought into an admission room. The patient’s respiration is slow and shallow due to suppression of the respiratory center. What kind of respiratory failure occurred in this case?,uconscious,1,unconscious,REVIEW,KNOWN_LEXICAL_TYPO,HIGH,Known lexical anomaly identified during manual validation.,PENDING,
4,LAYER_1,413,2019,Pathophysiology,question,"A 38-year-old woman, who was diagnosed with systemic lupus erythematosus (SLE) 3 years ago, comes to her physician with a complaint of facial swelling and decreased urination that she first noticed 2 weeks ago. She currently takes azathioprine and corticosteroid. Her vital signs show blood pressure 150/90 mm Hg, pulse - 91/min., temperature - 36.8°C and respiratory rate - 15/min. On physical examination, the doctor notices erythematous rash on her face exhibiting a butterfly pattern. The laboratory studies reveal hypercholesterolemia, hypertriglyceridemia and proteinuria. Which of the following is the most likely mechanism of SLE’s complication in this patient?",,1,,REVIEW,TEMPERATURE_FORMAT,HIGH,Possible OCR corruption in temperature notation.,PENDING,
4,LAYER_1,429,2020,Pathophysiology,question,"A woman with enteritis accompanied by severe diarrhea presents with the loss of water in the extracellular space, increased water content in the cells, and decreasing blood osmolarity. Name this type of water- electrolyte imbalance:",,1,,REVIEW,BROKEN_WORD_WITH_SPACE,MEDIUM,Possible word split by PDF/OCR line wrapping; may also be legitimate hyphenation and requires review.,PENDING,
4,LAYER_1,442,2021,Pathophysiology,question,"A patient was hospitalized in a comatose state. The patient has a 5-year- long history of diabetes me Hit us type 2. Objectively, his respiration is n deep, with acetone breath odor plus glucose is 15.2 mmol/L, ketone bodies - 100 micromol/L. These signs arc characteristic of the following diabetes complication:",,1,,REVIEW,BROKEN_WORD_WITH_SPACE,MEDIUM,Possible word split by PDF/OCR line wrapping; may also be legitimate hyphenation and requires review.,PENDING,
4,LAYER_1,45,2017,Pathophysiology,question,"Autopsy of a man, who served on a nuclear submarine, revealed the followi-ng pathologies: bone marrow atrophy (panmyelophthisis), anemia, leukopenia, thrombocytopenia, lymphocytes disi-ntegration in the lymph nodes, spleen, gastrointestinal lymphatic system, and hemorrhages into the adrenal glands. What disease had developed in this case?",followi-ng,1,,REVIEW,POSSIBLE_BROKEN_WORD,MEDIUM,Likely OCR/PDF word split detected. Manual review required.,PENDING,
4,LAYER_1,451,2021,Pathophysiology,question,"A woman with enteritis accompanied by severe diarrhea presents with loss of water in the extracellular space, increased water content in the cells, and decreased blood osmolarity. Name this type of water- electrolyte imbalance:",,1,,REVIEW,BROKEN_WORD_WITH_SPACE,MEDIUM,Possible word split by PDF/OCR line wrapping; may also be legitimate hyphenation and requires review.,PENDING,
4,LAYER_1,47,2017,Pathophysiology,question,A patient complaining of pain in the left shoulder-blade region has been diagnosed with miocardial infarction. What kind of pain does the patient have?,miocardial,1,myocardial,REVIEW,KNOWN_LEXICAL_TYPO,HIGH,Known lexical anomaly identified during manual validation.,PENDING,
4,LAYER_1,483,2023,Pathomorphology,question,"Autopsy of the body of a 1.5-year- old child revealed a hemorrhagic skin rash, moderate hyperemia and edema of the nasopharyngeal mucosa, small hemorrhages in the mucosa and internal organs, markedly dystrophic changes in the liver and myocardium, acute necrotizing nephrosis, and massive hemorrhages in the adrenal glands. These changes are characteristic of the following disease:",,1,,REVIEW,BROKEN_WORD_WITH_SPACE,MEDIUM,Possible word split by PDF/OCR line wrapping; may also be legitimate hyphenation and requires review.,PENDING,
4,LAYER_1,49,2017,Pathophysiology,question,"Blood test of an athlete shows the following: erythrocytes - 5, 5 · 1012/l, hemoglobin - 180 g/l, leukocytes - 7 · 109/l, neutrophils - 64%, basophils - 0,5%, eosinophils - 0,5%, monocytes - 8%, lymphocytes - 27%. These values primari-ly indicate the stimulation of:",primari-ly,1,,REVIEW,POSSIBLE_BROKEN_WORD,HIGH,Known OCR/PDF hyphenation pattern detected.,PENDING,
4,LAYER_1,494,2023,Pathomorphology,answer_1,Dermatomyositis (Wagncr-Unvcrricht- Hcpp disease),,1,,REVIEW,BROKEN_WORD_WITH_SPACE,MEDIUM,Possible word split by PDF/OCR line wrapping; may also be legitimate hyphenation and requires review.,PENDING,
4,LAYER_1,50,2017,Pathophysiology,question,"A patient with pneumonia has body temperature of 39,2o C . What cells are the main producers of endogenous pyrogen that had caused such temperature rise?",,1,,REVIEW,TEMPERATURE_FORMAT,HIGH,Possible OCR corruption in temperature notation.,PENDING,
4,LAYER_1,500,2017,Pathomorphology,question,"A patient has hoarseness of voice. Duri-ng laryngoscopy a gray-white larynx tumor with papillary surface has been detected. Microscopic investigation has shown the following: growth of connective tissue covered with multilayer, strongly kerati-nized pavement epithelium, no cellular atypia. What is the most likely diagnosis?",Duri-ng,1,,REVIEW,POSSIBLE_BROKEN_WORD,MEDIUM,Likely OCR/PDF word split detected. Manual review required.,PENDING,
4,LAYER_1,504,2017,Pathomorphology,question,A patient demonstrates sharp decrease of pulmonary surfactant activity. This condi-tion can result in:,condi-tion,1,,REVIEW,POSSIBLE_BROKEN_WORD,MEDIUM,Likely OCR/PDF word split detected. Manual review required.,PENDING,
4,LAYER_1,515,2017,Pathomorphology,question,"A 7-year-old boy died of acute posthemorrhagic anemia caused by profuse hemorrhage in the gastrointestinal tract. Postmortem study revealed the followi-ng: macroscopically there were acutely enlarged various groups of the lymph nodes, thymomegaly, hepatosplenomegaly, and bright red bone marrow; microscopically there was hypercellular bone marrow wi-th monomorphic infiltrations composed of blasts and diffuse-focal tumor infiltrations in the liver, spleen, lymph nodes, brain substance and tunics. Make the diagnosis:",followi-ng,1,,REVIEW,POSSIBLE_BROKEN_WORD,MEDIUM,Likely OCR/PDF word split detected. Manual review required.,PENDING,
4,LAYER_1,515,2017,Pathomorphology,question,"A 7-year-old boy died of acute posthemorrhagic anemia caused by profuse hemorrhage in the gastrointestinal tract. Postmortem study revealed the followi-ng: macroscopically there were acutely enlarged various groups of the lymph nodes, thymomegaly, hepatosplenomegaly, and bright red bone marrow; microscopically there was hypercellular bone marrow wi-th monomorphic infiltrations composed of blasts and diffuse-focal tumor infiltrations in the liver, spleen, lymph nodes, brain substance and tunics. Make the diagnosis:",wi-th,1,,REVIEW,POSSIBLE_BROKEN_WORD,HIGH,Known OCR/PDF hyphenation pattern detected.,PENDING,
4,LAYER_1,516,2017,Pathomorphology,question,"Autopsy of a man, who served on a nuclear submarine, revealed the followi-ng pathologies: bone marrow atrophy (panmyelophthisis), anemia, leukopenia, thrombocytopenia, lymphocytes disi-ntegration in the lymph nodes, spleen, gastrointestinal lymphatic system, and hemorrhages into the adrenal glands. What disease had developed in this case?",followi-ng,1,,REVIEW,POSSIBLE_BROKEN_WORD,MEDIUM,Likely OCR/PDF word split detected. Manual review required.,PENDING,
4,LAYER_1,521,2017,Pathomorphology,question,"A 37-year-old man, who was worki-ng in a caisson, after being lifted to the surface suddenly developed signs of acute cerebral circulation disturbance and loss of consciousness. Several days later he died. On autopsy in the left cerebral hemisphere there was detected a gray soft irregular focus 5х6х3,5 cm in size. What process had occurred in the brain?",worki-ng,1,,REVIEW,POSSIBLE_BROKEN_WORD,MEDIUM,Likely OCR/PDF word split detected. Manual review required.,PENDING,
4,LAYER_1,522,2017,Pathomorphology,question,"A 2-year-old child presents with acute psychomotor retardation, vision and heari-ng impairment, sharp enlargement of the liver and spleen. The child is diagnosed wi-th hereditary Niemann-Pick disease. What genetic defect is the cause of this disease?",heari-ng,1,,REVIEW,POSSIBLE_BROKEN_WORD,MEDIUM,Likely OCR/PDF word split detected. Manual review required.,PENDING,
4,LAYER_1,522,2017,Pathomorphology,question,"A 2-year-old child presents with acute psychomotor retardation, vision and heari-ng impairment, sharp enlargement of the liver and spleen. The child is diagnosed wi-th hereditary Niemann-Pick disease. What genetic defect is the cause of this disease?",wi-th,1,,REVIEW,POSSIBLE_BROKEN_WORD,HIGH,Known OCR/PDF hyphenation pattern detected.,PENDING,
4,LAYER_1,523,2017,Pathomorphology,question,"After mushroom poisoning the pati-ent developed signs of acute hepatic fai-lure leading to his death. On autopsy the liver is diminished, flaccid; the capsule is wrinkled; the tissue is ochre-yellow on section. Microscopically: fatty degeneration of hepatocytes, necrotic central segments of the hepatic lobes. These changes are characteristic of:",pati-ent,1,,REVIEW,POSSIBLE_BROKEN_WORD,MEDIUM,Likely OCR/PDF word split detected. Manual review required.,PENDING,
4,LAYER_1,524,2017,Pathomorphology,question,"Autopsy of a patient, who died of bi-lateral bronchopneumonia, shows in the left lung lower lobe a cavity 5 cm in di-ameter, filled with liquid yellowish-white substance. What complication of the pati-ent’s pneumonia had developed?",pati-ent,1,,REVIEW,POSSIBLE_BROKEN_WORD,MEDIUM,Likely OCR/PDF word split detected. Manual review required.,PENDING,
4,LAYER_1,533,2016,Pathomorphology,question,"A man is 28 years old. Histological investigation of the cervical lymph node revealed a change of its pattern due to proliferation of epithelioid, lymphoid cells and macrophages with horseshoe-shaped nuclei. In the center of some cell clusters there were non- structured light-pink areas with fragments of nuclei. What disease are these changes typical of?",,1,,REVIEW,BROKEN_WORD_WITH_SPACE,MEDIUM,Possible word split by PDF/OCR line wrapping; may also be legitimate hyphenation and requires review.,PENDING,
4,LAYER_1,541,2016,Pathomorphology,question,"Autopsy of a 40-year-old woman, who died of cerebral hemorrhage duri-ng hypertensic crisis, revealed: upper-body obesity, hypertrichosis, hirsutism, stretchmarks on the skin of thighs and abdomen. Pituitary basophil adenoma is detected in the anterior lobe. What di-agnosis is the most likely?",duri-ng,1,,REVIEW,POSSIBLE_BROKEN_WORD,MEDIUM,Likely OCR/PDF word split detected. Manual review required.,PENDING,
4,LAYER_1,548,2016,Pathomorphology,question,"A man has suffered multiple bone fractures of his lower extremities duri-ng a traffic accident. During transportation to a hospital his condition was further aggravated: blood pressure decreased, there were signs of pulmonary artery embolism. What kind of embolism is the most likely in the given case?",duri-ng,1,,REVIEW,POSSIBLE_BROKEN_WORD,MEDIUM,Likely OCR/PDF word split detected. Manual review required.,PENDING,
4,LAYER_1,557,2015,Pathomorphology,question,"Several minutes after a dentist admini-stered novocaine for local anaesthesia of a patient’s tooth, the following symptoms sharply developed in the patient: fatigue, skin itching. Objectively the following can be observed: skin hyperemia, tachycardia, BP dropped down to 70/40 mm Hg. What kind of allergic reaction is this pathology?",admini-stered,1,,REVIEW,POSSIBLE_BROKEN_WORD,HIGH,Known OCR/PDF hyphenation pattern detected.,PENDING,
4,LAYER_1,559,2015,Pathomorphology,question,"A child is 10 years old. The followi-ng presentations have developed: sharp pain during swallowing, swollen neck, body temperature rise up to 39, 0o C , bright-red fi-nely papular rash all over the body. Pharynx and tonsils are sharply hyperemic (""flaming pharynx""), ""crimson tongue"". On the tonsi-ls surface there are isolated greyish necrosis focuses. What disease it might be?",followi-ng,1,,REVIEW,POSSIBLE_BROKEN_WORD,MEDIUM,Likely OCR/PDF word split detected. Manual review required.,PENDING,
4,LAYER_1,581,2014,Pathomorphology,question,"A male patient is 28 years old. Histological study of a cervical lymph node revealed a change of its pattern due to the proliferation of epithelioid, lymphoid cells and macrophages having nuclei in form of a horseshoe. In the center of some cell clusters there were non- structured light-pink areas with fragments of nuclei. What disease are these changes typical for?",,1,,REVIEW,BROKEN_WORD_WITH_SPACE,MEDIUM,Possible word split by PDF/OCR line wrapping; may also be legitimate hyphenation and requires review.,PENDING,
4,LAYER_1,582,2014,Pathomorphology,question,"During autopsy the following has been revealed: the meninges of the upper cerebral hemispheres are extremely plethoric, of yellow- green color and are soaked with purulent effluent. What kind of meningitis is characterised by such clinical presentations?",,1,,REVIEW,BROKEN_WORD_WITH_SPACE,MEDIUM,Possible word split by PDF/OCR line wrapping; may also be legitimate hyphenation and requires review.,PENDING,
4,LAYER_1,616,2013,Pathomorphology,answer_5,.Antibody-dependent cell-mediated cytolysis,,1,,REVIEW,MISSING_SPACE_AFTER_PUNCTUATION,MEDIUM,May be punctuation followed by missing whitespace.,PENDING,
4,LAYER_1,627,2012,Pathomorphology,question,"A patient with a history of chronic glomerulonephritis presents with azotemia, oliguria, hypo- and isosthenuria, proteinuria. What is the leading factor in the pathogenesis of these symptoms development under chronic renal failure?",,1,,REVIEW,BROKEN_WORD_WITH_SPACE,MEDIUM,Possible word split by PDF/OCR line wrapping; may also be legitimate hyphenation and requires review.,PENDING,
4,LAYER_1,63,2017,Pathophysiology,answer_1,Decrease of O 2 partial pressure,,1,,REVIEW,GAS_NOTATION,MEDIUM,Possible OCR spacing problem in O2/CO2 notation.,PENDING,
4,LAYER_1,63,2017,Pathophysiology,answer_2,Increase of C O 2 partial pressure,,1,,REVIEW,GAS_NOTATION,MEDIUM,Possible OCR spacing problem in O2/CO2 notation.,PENDING,
4,LAYER_1,634,2012,Pathomorphology,question,A 38 year old man died all of a sudden.Autopsy revealed myocardial infarction in the posterior wall of the left ventricle.What are the most likely alterations in myocardiocyte structure that can be revealed microscopically in the infarction focus?,,1,,REVIEW,MISSING_SPACE_AFTER_PUNCTUATION,MEDIUM,May be punctuation followed by missing whitespace.,PENDING,
4,LAYER_1,65,2017,Pathophysiology,question,A patient developed increased blood content of H C O 3 − against the background of repeated and uncontrollable vomiti-ng. What will be the leading mechanism in compensation of developed acid-base imbalance?,vomiti-ng,1,,REVIEW,POSSIBLE_BROKEN_WORD,MEDIUM,Likely OCR/PDF word split detected. Manual review required.,PENDING,
4,LAYER_1,65,2017,Pathophysiology,question,A patient developed increased blood content of H C O 3 − against the background of repeated and uncontrollable vomiti-ng. What will be the leading mechanism in compensation of developed acid-base imbalance?,,1,,REVIEW,SCIENTIFIC_NOTATION,MEDIUM,Possible OCR spacing problem in medical/scientific notation.,PENDING,
4,LAYER_1,652,2011,Pathomorphology,question,"Autopsy of a patient who suffered from croupous pneumonia and died from pneumococcal sepsis revealed 900 ml of turbid greenish- yellow liquid in the right pleural cavity. Pleural leaves are dull, plephoric. Name the clinicopathological form of inflammation in the pleural cavity:",,1,,REVIEW,BROKEN_WORD_WITH_SPACE,MEDIUM,Possible word split by PDF/OCR line wrapping; may also be legitimate hyphenation and requires review.,PENDING,
4,LAYER_1,656,2011,Pathomorphology,answer_1,DN A on the matrix of virus mRN A,mRN,1,,REVIEW,OCR_CASE_CORRUPTION,HIGH,Suspicious uppercase sequence inside a word; possible PDF/OCR corruption.,PENDING,
4,LAYER_1,656,2011,Pathomorphology,answer_5,mRN A on the matrix of virus protein,mRN,1,,REVIEW,OCR_CASE_CORRUPTION,HIGH,Suspicious uppercase sequence inside a word; possible PDF/OCR corruption.,PENDING,
4,LAYER_1,669,2011,Pathomorphology,question,A 49-year-old patient with croupous pneumonia died from pneumococcal septicemia. Autopsy revealed up to 700 ml of turbid greenish- yellow foul-smelling liquid in the left pleural cavity. The pleural leaflets were dull and plethoric. What form of pleural inflammation is it?,,1,,REVIEW,BROKEN_WORD_WITH_SPACE,MEDIUM,Possible word split by PDF/OCR line wrapping; may also be legitimate hyphenation and requires review.,PENDING,
4,LAYER_1,673,2009,Pathomorphology,question,"Quite often the cause of secondary immunodeFIciency is an infection involvement, when the causative agents propagate directly in the cells of immune system and destroy it. The following diseases are characterized by:",immunodeFIciency,1,,REVIEW,OCR_CASE_CORRUPTION,HIGH,Suspicious uppercase sequence inside a word; possible PDF/OCR corruption.,PENDING,
4,LAYER_1,674,2009,Pathomorphology,answer_4,DermatoFIbroma,DermatoFIbroma,1,,REVIEW,OCR_CASE_CORRUPTION,HIGH,Suspicious uppercase sequence inside a word; possible PDF/OCR corruption.,PENDING,
4,LAYER_1,676,2009,Pathomorphology,answer_2,Inßammatory,ß,1,,REVIEW,OCR_CHARACTER_CORRUPTION,HIGH,Suspicious OCR character detected.,PENDING,
4,LAYER_1,676,2009,Pathomorphology,question,"A female patient suffering from bronchial asthma had got a viral infection that provoked status asthmaticus with fatal outcome. Histological examination of lungs revealed spasm and edema of bronchioles, apparent inFIltration of their walls with lymphocytes, eosinophils and other leukocytes; labrocyte degranulation. What mechanism of hypersensitivity underlies the described alterations?",inFIltration,1,,REVIEW,OCR_CASE_CORRUPTION,HIGH,Suspicious uppercase sequence inside a word; possible PDF/OCR corruption.,PENDING,
4,LAYER_1,68,2016,Pathophysiology,answer_2,Increase of globulin conten,conten,1,content,REVIEW,KNOWN_LEXICAL_TYPO,HIGH,Known lexical anomaly identified during manual validation.,PENDING,
4,LAYER_1,68,2016,Pathophysiology,answer_3,Decrease of fibrinogen conten,conten,1,content,REVIEW,KNOWN_LEXICAL_TYPO,HIGH,Known lexical anomaly identified during manual validation.,PENDING,
4,LAYER_1,68,2016,Pathophysiology,answer_4,Increase of albumin conten,conten,1,content,REVIEW,KNOWN_LEXICAL_TYPO,HIGH,Known lexical anomaly identified during manual validation.,PENDING,
4,LAYER_1,68,2016,Pathophysiology,answer_5,Decrease of globulin conten,conten,1,content,REVIEW,KNOWN_LEXICAL_TYPO,HIGH,Known lexical anomaly identified during manual validation.,PENDING,
4,LAYER_1,682,2009,Pathomorphology,answer_5,PneumoFIbrosis,PneumoFIbrosis,1,,REVIEW,OCR_CASE_CORRUPTION,HIGH,Suspicious uppercase sequence inside a word; possible PDF/OCR corruption.,PENDING,
4,LAYER_1,683,2009,Pathomorphology,question,"Autopsy of a man, who had been suffering from the multiple bronchiectasis for 5 years and died from chronic renal insufFIciency, revealed that kidneys were dense and enlarged, with thickened cortical layer of white colour with greasy lustre. What renal disease might be suspected? MSQ Крок 1 Medicine 2007-2021-PATHOMORPHOLOGY",insufFIciency,1,,REVIEW,OCR_CASE_CORRUPTION,HIGH,Suspicious uppercase sequence inside a word; possible PDF/OCR corruption.,PENDING,
4,LAYER_1,684,2009,Pathomorphology,question,"Autopsy of a 49-year-old woman who died from chronic renal insufFIciency, revealed: kidneys were dense, reduced, multicoloured, with haemorrhagic areas. Microscopic examination revealed some hematoxylin bodies in the nuclei of the renal tubule epithelium; ""wire- loop""thickening of the glomerular capillary basement membrane; here and there in the capillaries some hyaline thrombi and foci of FIbrinoid necrosis were present. What is the most likely diagnosis?",,1,,REVIEW,BROKEN_WORD_WITH_SPACE,MEDIUM,Possible word split by PDF/OCR line wrapping; may also be legitimate hyphenation and requires review.,PENDING,
4,LAYER_1,684,2009,Pathomorphology,question,"Autopsy of a 49-year-old woman who died from chronic renal insufFIciency, revealed: kidneys were dense, reduced, multicoloured, with haemorrhagic areas. Microscopic examination revealed some hematoxylin bodies in the nuclei of the renal tubule epithelium; ""wire- loop""thickening of the glomerular capillary basement membrane; here and there in the capillaries some hyaline thrombi and foci of FIbrinoid necrosis were present. What is the most likely diagnosis?",insufFIciency,1,,REVIEW,OCR_CASE_CORRUPTION,HIGH,Suspicious uppercase sequence inside a word; possible PDF/OCR corruption.,PENDING,
4,LAYER_1,687,2009,Pathomorphology,question,"A stillborn child was found to have thickened skin resembling of the tortoise shell, underdeveloped auricles. Histological examination of skin revealed hyperkeratosis, atrophy of the granular epidermis layer; inßammatory changes were not present. What is the most likely diagnosis?",ß,1,,REVIEW,OCR_CHARACTER_CORRUPTION,HIGH,Suspicious OCR character detected.,PENDING,
4,LAYER_1,689,2009,Pathomorphology,answer_3,Acute superFIcial appendicitis,superFIcial,1,,REVIEW,OCR_CASE_CORRUPTION,HIGH,Suspicious uppercase sequence inside a word; possible PDF/OCR corruption.,PENDING,
4,LAYER_1,689,2009,Pathomorphology,question,"A pathologyhistology laboratory received a vermiform appendix up to 2,0 cm thick. Its serous membrane was pale, thick and covered with yellowish-green FIlms. The wall was ßaccid, of grayishred colour. The appendix lumen was dilated and FIlled with yellowish- green substance. Histological examination revealed that the appendix wall was inFIltrated with neutrophils. Specify the appendix disease:",,1,,REVIEW,BROKEN_WORD_WITH_SPACE,MEDIUM,Possible word split by PDF/OCR line wrapping; may also be legitimate hyphenation and requires review.,PENDING,
4,LAYER_1,689,2009,Pathomorphology,question,"A pathologyhistology laboratory received a vermiform appendix up to 2,0 cm thick. Its serous membrane was pale, thick and covered with yellowish-green FIlms. The wall was ßaccid, of grayishred colour. The appendix lumen was dilated and FIlled with yellowish- green substance. Histological examination revealed that the appendix wall was inFIltrated with neutrophils. Specify the appendix disease:",inFIltrated,1,,REVIEW,OCR_CASE_CORRUPTION,HIGH,Suspicious uppercase sequence inside a word; possible PDF/OCR corruption.,PENDING,
4,LAYER_1,689,2009,Pathomorphology,question,"A pathologyhistology laboratory received a vermiform appendix up to 2,0 cm thick. Its serous membrane was pale, thick and covered with yellowish-green FIlms. The wall was ßaccid, of grayishred colour. The appendix lumen was dilated and FIlled with yellowish- green substance. Histological examination revealed that the appendix wall was inFIltrated with neutrophils. Specify the appendix disease:",ß,1,,REVIEW,OCR_CHARACTER_CORRUPTION,HIGH,Suspicious OCR character detected.,PENDING,
4,LAYER_1,690,2009,Pathomorphology,question,"A patient with severe course of respiratory viral infection presented with clinical signs of progressing heart failure that led to his death in the 2nd week of disease. Autopsy revealed that the heart cavities were signiFIcantly dilated, the heart was ßabby. Histological examination of the myocardium revealed microvascular plethora and diffuse stroma inFIltration with lymphocytes and histiocytes. What is the most likely diagnosis?",signiFIcantly,1,,REVIEW,OCR_CASE_CORRUPTION,HIGH,Suspicious uppercase sequence inside a word; possible PDF/OCR corruption.,PENDING,
4,LAYER_1,690,2009,Pathomorphology,question,"A patient with severe course of respiratory viral infection presented with clinical signs of progressing heart failure that led to his death in the 2nd week of disease. Autopsy revealed that the heart cavities were signiFIcantly dilated, the heart was ßabby. Histological examination of the myocardium revealed microvascular plethora and diffuse stroma inFIltration with lymphocytes and histiocytes. What is the most likely diagnosis?",inFIltration,1,,REVIEW,OCR_CASE_CORRUPTION,HIGH,Suspicious uppercase sequence inside a word; possible PDF/OCR corruption.,PENDING,
4,LAYER_1,690,2009,Pathomorphology,question,"A patient with severe course of respiratory viral infection presented with clinical signs of progressing heart failure that led to his death in the 2nd week of disease. Autopsy revealed that the heart cavities were signiFIcantly dilated, the heart was ßabby. Histological examination of the myocardium revealed microvascular plethora and diffuse stroma inFIltration with lymphocytes and histiocytes. What is the most likely diagnosis?",ß,1,,REVIEW,OCR_CHARACTER_CORRUPTION,HIGH,Suspicious OCR character detected.,PENDING,
4,LAYER_1,693,2009,Pathomorphology,question,"Examination of the anterior abdominal wall of a pregnant woman revealed a tumour-like formation that arose on the spot of a tumour that was removed two years ago. The neoplasm was well-deFIned, dense, 2х1 cm large. Histological examination revealed that the tumour was composed of differentiated connective tissue with prevailing collagen FIbres. What tumour might be suspected?",deFIned,1,,REVIEW,OCR_CASE_CORRUPTION,HIGH,Suspicious uppercase sequence inside a word; possible PDF/OCR corruption.,PENDING,
4,LAYER_1,72,2016,Pathophysiology,question,"A 59-year-old woman has been hospiali-zed in a surgical ward due to exacerbation of chronic osteomyelitis of the left shin. Blood test: leukocytes - 15, 0 · 109/l. Leukogram: myelocytes - 0%, metamyelocytes - 8%, stab neutrophils - 28%, segmented neutrophils - 32%, lymphocytes - 29%, monocytes - 3%. Such blood count would be called:",hospiali-zed,1,,REVIEW,POSSIBLE_BROKEN_WORD,HIGH,Known OCR/PDF hyphenation pattern detected.,PENDING,
4,LAYER_1,720,2007,Pathomorphology,question,"Autopsy of a 58 y.o. man revealed that bicuspid valve was deformed, thickened and unclosed. Microscopically: foci of collagen fibrilla are eosinophilic, react positively to fibrin. The most probably it is:",,1,,REVIEW,MISSING_SPACE_AFTER_PUNCTUATION,MEDIUM,May be punctuation followed by missing whitespace.,PENDING,
4,LAYER_1,722,2007,Pathomorphology,question,"A 48 y.o. patient was admitted to the hospital with complaints about weakness, irritability, sleep disturbance. Objectively: skin and scleras are yellow. In blood: conjugated bilirubin, cholalemia. Feces are acholic. Urine is of dark colour (bilirubin). What jaundice is it?",,1,,REVIEW,MISSING_SPACE_AFTER_PUNCTUATION,MEDIUM,May be punctuation followed by missing whitespace.,PENDING,
4,LAYER_1,725,2007,Pathomorphology,question,"Histological examination of a 40 y.o. man’s thymus revealed decreased share of parenchymatous gland elements, increased share of adipose and loose connective tissue, its enrichment with thymus bodies. The organ’s mass was unchanged. What phenomenon is it?",,1,,REVIEW,MISSING_SPACE_AFTER_PUNCTUATION,MEDIUM,May be punctuation followed by missing whitespace.,PENDING,
4,LAYER_1,729,2007,Pathomorphology,question,"A 55 y.o. woman consulted a doctor about having continuous cyclic uterine hemorrhages for a year, weakness, dizziness. Examination revealed skin pallor. Hemogram: Hb- 70 g/l, erythrocytes - 3, 2 · 1012/l, color index - 0,6, leukocytes 6, 0 · 109/l, reticulocytes - 1%; erythrocyte hypochromia. What anemia is it?",,1,,REVIEW,MISSING_SPACE_AFTER_PUNCTUATION,MEDIUM,May be punctuation followed by missing whitespace.,PENDING,
4,LAYER_1,730,2007,Pathomorphology,question,Autopsy of a 48 y.o. man revealed a round formation 5 cm in diameter with clearcut outlines in the region of the 1st segment of his right lung. This formation was encircled with a thin layer of connective tissue full of white brittle masses. Make a diagnosis of the secondary tuberculosis form:,,1,,REVIEW,MISSING_SPACE_AFTER_PUNCTUATION,MEDIUM,May be punctuation followed by missing whitespace.,PENDING,
4,LAYER_1,732,2007,Pathomorphology,question,"Microscopical renal examination of a 36 y.o. woman who died from renal insufficiency revealed in the glomerules proliferation of capsule nephrothelium as well as of podocytes and phagocytes accompanied by formation of ""crescents"", capillary loop necrosis, fibrinous thrombs in their lumens; sclerosis and hyalinosis of glomerules, atrophy of tubules and fibrosis of renal stroma. What is the most probable diagnosis?",,1,,REVIEW,MISSING_SPACE_AFTER_PUNCTUATION,MEDIUM,May be punctuation followed by missing whitespace.,PENDING,
4,LAYER_1,733,2007,Pathomorphology,question,"A forensic medical expert examines the body of a 58 y.o. man who had been consuming large amounts of alcochol for a long time and died at home. Microscopicaly: the right lung is dense and enlarged, its incision revealed that the tissue is greyish and homogenous, pleura is covered with greyish layers. Microscopically - alveolar cavities contain fibrin, hemolyzed erythrocytes. Make a diagnosis:",,1,,REVIEW,MISSING_SPACE_AFTER_PUNCTUATION,MEDIUM,May be punctuation followed by missing whitespace.,PENDING,
4,LAYER_1,734,2007,Pathomorphology,question,"topic: Damage and death of cells and tissues. Necrosis and apoptosis. Pathological anatomy organ failure. Foundations of thanatology. Death, definition, signs of death. Autopsy of a 56 y.o. man revealed in the right temporal part of brain a big focus of softened grey matter that was semiliquid and light grey. Arteries of cerebral tela contain multiple whitish-yellow thickenings of intima that abruptly narrow the lumen. What is your diagnosis?",,1,,REVIEW,MISSING_SPACE_AFTER_PUNCTUATION,MEDIUM,May be punctuation followed by missing whitespace.,PENDING,
4,LAYER_1,735,2007,Pathomorphology,question,"A 22 y.o. woman has enlarged lymph nodes. Histologically: a lymph node contains lymphocytes, histiocytes, reticular cells, small and big Hodgkin’s cells, multinucleated Sternberg cells, isolated foci of caseous necrosis. What disease are these changes typical for?",,1,,REVIEW,MISSING_SPACE_AFTER_PUNCTUATION,MEDIUM,May be punctuation followed by missing whitespace.,PENDING,
4,LAYER_1,737,2007,Pathomorphology,question,A 45 y.o. patient consulted a doctor about plaqueshaped formation on his neck. Histological examination of biopsy skin material revealed tumourous cells of round and oval form with thin ring of basophilic cytoplasma that resemble of cells of basal epidermal layer. What tumour is it?,,1,,REVIEW,MISSING_SPACE_AFTER_PUNCTUATION,MEDIUM,May be punctuation followed by missing whitespace.,PENDING,
4,LAYER_1,738,2007,Pathomorphology,question,"A 63 y.o. man fell ill with acute tracheitis and bronchitis accompanied by bronchial pneumonia. On the 10th day the patient died from cardiopulmonary insufficiency. Autopsy revealed fibrinous hemorrhagic laryngotracheobronchitis; lungs were enlarged, their incision revealed the ""coalminer’s""effect caused by interlacing of sections of bronchial pneumonia, hemorrhages into the pulmonary parenchyma, acute abscesses and atelectases. Internal organs have discirculatory and dystrophic changes. What is the most probable diagnosis?",,1,,REVIEW,MISSING_SPACE_AFTER_PUNCTUATION,MEDIUM,May be punctuation followed by missing whitespace.,PENDING,
4,LAYER_1,751,2010,Pathomorphology,question,"Examination of a 42 year old patient revealed a tumour of adenohypophysis. Objectively: the patient’s weight is 117 kg, he has moon- like hyperemic face, red-blue striae of skin distension on his belly. Osteoporosis and muscle dystrophy are present. AP is 210/140 mm Hg. What is the most probable diagnosis?",,1,,REVIEW,BROKEN_WORD_WITH_SPACE,MEDIUM,Possible word split by PDF/OCR line wrapping; may also be legitimate hyphenation and requires review.,PENDING,
4,LAYER_1,775,2019,Pathomorphology,question,"In the course of an urgent surgery, the vermiform appendix of the patient was excised. The appendix was acutely distended and gray- black throughout its whole length. In the distal segment a defect of the appendix wall was detected, through which a foul-smelling gray- brown substance was being discharged from the appendix lumen. Histological analysis shows necrotization of the appendix wall with hemorrhagic foci; lumen of the mesenteric artery is filled with a trombus. What type of appendicitis is it?",,1,,REVIEW,BROKEN_WORD_WITH_SPACE,MEDIUM,Possible word split by PDF/OCR line wrapping; may also be legitimate hyphenation and requires review.,PENDING,
4,LAYER_1,788,2018,Pathomorphology,question,"Renal examination shows the kidney to be swollen and plethoric, with easily removable capsule. Renal pelvis and calyces are dilated and filled with turbid urine; their mucosa is dull and has hemorrhagic foci. On section the renal tissue is variegated, there are yellow- gray areas surrounded with plethoric and hemorrhagic zone. What disease can be characterized by such results of macroscopic examination?",,1,,REVIEW,BROKEN_WORD_WITH_SPACE,MEDIUM,Possible word split by PDF/OCR line wrapping; may also be legitimate hyphenation and requires review.,PENDING,
4,LAYER_1,79,2016,Pathophysiology,question,An uconscious young man in the state of morphine intoxication has been delivered into an admission room. The patient’s respiration is slow and shallow due to suppressi-on of the respiratory center. What kind of respiratory failure occurred in this case?,uconscious,1,unconscious,REVIEW,KNOWN_LEXICAL_TYPO,HIGH,Known lexical anomaly identified during manual validation.,PENDING,
4,LAYER_1,79,2016,Pathophysiology,question,An uconscious young man in the state of morphine intoxication has been delivered into an admission room. The patient’s respiration is slow and shallow due to suppressi-on of the respiratory center. What kind of respiratory failure occurred in this case?,suppressi-on,1,,REVIEW,POSSIBLE_BROKEN_WORD,HIGH,Known OCR/PDF hyphenation pattern detected.,PENDING,
4,LAYER_1,798,2018,Pathomorphology,question,"A young woman presents with a tumor along the auditory nerve. The tumor is node-shaped, 3 cm in diameter, soft and elastic, pink- white colored, and has homogeneous structure. Microscopically the tumor contains bundles of cells with oval nuclei. These cellular fibrous bundles form regular structures made up of parallel rows of regularly oriented cells arranged in the form of a palisade with acellular homogeneous area in between (Verocay bodies). Name this type of tumor:",,1,,REVIEW,BROKEN_WORD_WITH_SPACE,MEDIUM,Possible word split by PDF/OCR line wrapping; may also be legitimate hyphenation and requires review.,PENDING,
4,LAYER_1,8,2023,Pathophysiology,answer_1,Н2-histamine,Н2-histamine,1,,REVIEW,CYRILLIC_CONFUSABLE,HIGH,Mixed Latin/Cyrillic token detected; possible visually confusable OCR character.,PENDING,
4,LAYER_1,8,2023,Pathophysiology,answer_2,Н1-histamine,Н1-histamine,1,,REVIEW,CYRILLIC_CONFUSABLE,HIGH,Mixed Latin/Cyrillic token detected; possible visually confusable OCR character.,PENDING,
4,LAYER_1,800,2018,Pathomorphology,question,"Autopsy of a 50-year-old woman, who had been suffering from systemic connective tissue disease, reveals small dense kidneys with lumpy surface. Microscopy of the renal glomeruli detects there foci of fibrinoid necrosis, hyaline thrombi, hematoxylin bodies, and so- called ”wire loop thickening” of the basement membranes. What disease can be characterized by such changes in the kidneys?",,1,,REVIEW,BROKEN_WORD_WITH_SPACE,MEDIUM,Possible word split by PDF/OCR line wrapping; may also be legitimate hyphenation and requires review.,PENDING,
4,LAYER_1,820,2021,Pathomorphology,question,"A 45-year-old man with acute pneumonia has developed pulmonary edema on the 6th day of illness, which resulted in his death. Autopsy shows that the entire upper lobe of the right lung is affected. This lobe is enlarged, dense, and gray on section. It has fibrinous deposits on the pleura. A cloudyTiquidHows fromTEe section surface. Microscopy shows fibrin, neutrophils, macrophages, and hemolyzed ervthrocytes in the lumen of the alveoli. What type of pneumonia is the patient present with?",fromTEe,1,,REVIEW,OCR_CASE_CORRUPTION,HIGH,Suspicious uppercase sequence inside a word; possible PDF/OCR corruption.,PENDING,
4,LAYER_1,823,2021,Pathomorphology,question,"Autopsy of the body of a 45- year-old woman, who was suffering from upper-body obesity, steroid-induced diabetes mellitus, arterial hypertension,and secondary ovarian dysfunction,shaws hypertrichosis, hirsutism, and striae on the skin of the thighs and abdomen. In the anterior part to the pituitary gland, there is a tumor (microscopically it is a basophilic adenoma). In the adrenalglands, hyperplasia of the fascicular zoneis observed. What diagnosis is the most likely?",,1,,REVIEW,MISSING_SPACE_AFTER_PUNCTUATION,MEDIUM,May be punctuation followed by missing whitespace.,PENDING,
4,LAYER_1,830,2021,Pathomorphology,question,"Microscopy of a lung tissue shows an inflamed area that consists of a necrotic focus surrounded by regular rows of epithelioid and lymphoid cells. There are plasma cells, macrophages, and Pirogov- Langhans giant multinucleated cells. Specify the type of such inflammation.",,1,,REVIEW,BROKEN_WORD_WITH_SPACE,MEDIUM,Possible word split by PDF/OCR line wrapping; may also be legitimate hyphenation and requires review.,PENDING,
4,LAYER_1,831,2021,Pathomorphology,topic,Diseaseы of the endocrine glands,Diseaseы,1,,REVIEW,CYRILLIC_CONFUSABLE,HIGH,Mixed Latin/Cyrillic token detected; possible visually confusable OCR character.,PENDING,
4,LAYER_1,837,,Pathomorphology,question,"Autopsy of the body of a 40- year-old woman, who died of uremia, shows enlarged variegated kidneys. In the kidneys, the glomerular capillary membranes are thickened and resemble «wire loops»; there are foci of fibrinoid necrosis in their walls and hyaline thrombi in their lumina. In the nuclei, there arc hematoxylin bodies. In the heart, Libman- Sacks endocarditis is observed. What renal disorder is the most likely in this case?",,1,,REVIEW,BROKEN_WORD_WITH_SPACE,MEDIUM,Possible word split by PDF/OCR line wrapping; may also be legitimate hyphenation and requires review.,PENDING,
4,LAYER_1,847,2023,Normal Phisiology,answer_1,Tubular rеabsorption,rеabsorption,1,,REVIEW,CYRILLIC_CONFUSABLE,HIGH,Mixed Latin/Cyrillic token detected; possible visually confusable OCR character.,PENDING,
4,LAYER_1,853,2023,Normal Phisiology,question,"Analysis of the patient’s ECG recorded in the 1, II, and III standard leads shows that the P wave is positive in each one of them. What doеs it indicate?",doеs,1,,REVIEW,CYRILLIC_CONFUSABLE,HIGH,Mixed Latin/Cyrillic token detected; possible visually confusable OCR character.,PENDING,
4,LAYER_1,875,2017,Normal Phisiology,question,"Blood test of an athlete shows the following: erythrocytes - 5, 5 · 1012/l, hemoglobin - 180 g/l, leukocytes - 7 · 109/l, neutrophils - 64%, basophils - 0,5%, eosinophils - 0,5%, monocytes - 8%, lymphocytes - 27%. These values primari-ly indicate the stimulation of:",primari-ly,1,,REVIEW,POSSIBLE_BROKEN_WORD,HIGH,Known OCR/PDF hyphenation pattern detected.,PENDING,
4,LAYER_1,890,2017,Normal Phisiology,answer_1,Decrease of O 2 partial pressure,,1,,REVIEW,GAS_NOTATION,MEDIUM,Possible OCR spacing problem in O2/CO2 notation.,PENDING,
4,LAYER_1,890,2017,Normal Phisiology,answer_2,Increase of C O 2 partial pressure,,1,,REVIEW,GAS_NOTATION,MEDIUM,Possible OCR spacing problem in O2/CO2 notation.,PENDING,
4,LAYER_1,90,2016,Pathophysiology,question,After an extended treatment wi-th sulfanamides a patient has developed macrocytic anemia. Production of active forms of the following vitamin is disrupted in such a condition:,wi-th,1,,REVIEW,POSSIBLE_BROKEN_WORD,HIGH,Known OCR/PDF hyphenation pattern detected.,PENDING,
4,LAYER_1,923,2015,Normal Phisiology,answer_1,N a +,,1,,REVIEW,SCIENTIFIC_NOTATION,MEDIUM,Possible OCR spacing problem in medical/scientific notation.,PENDING,
4,LAYER_1,923,2015,Normal Phisiology,answer_3,K + and N a +,,1,,REVIEW,SCIENTIFIC_NOTATION,MEDIUM,Possible OCR spacing problem in medical/scientific notation.,PENDING,
4,LAYER_1,923,2015,Normal Phisiology,answer_4,C a 2+ and C l −,,1,,REVIEW,SCIENTIFIC_NOTATION,MEDIUM,Possible OCR spacing problem in medical/scientific notation.,PENDING,
4,LAYER_1,923,2015,Normal Phisiology,answer_5,C a 2+,,1,,REVIEW,SCIENTIFIC_NOTATION,MEDIUM,Possible OCR spacing problem in medical/scientific notation.,PENDING,
4,LAYER_1,938,2014,Normal Phisiology,question,"During an animal experiment,surgical damage of certain brain structures has caused deep prolonged sleep. What structure is most likely to cause such condition, if damaged?",,1,,REVIEW,MISSING_SPACE_AFTER_PUNCTUATION,MEDIUM,May be punctuation followed by missing whitespace.,PENDING,
4,LAYER_1,950,2014,Normal Phisiology,answer_1,N a +,,1,,REVIEW,SCIENTIFIC_NOTATION,MEDIUM,Possible OCR spacing problem in medical/scientific notation.,PENDING,
4,LAYER_1,950,2014,Normal Phisiology,answer_3,K + and N a +,,1,,REVIEW,SCIENTIFIC_NOTATION,MEDIUM,Possible OCR spacing problem in medical/scientific notation.,PENDING,
4,LAYER_1,950,2014,Normal Phisiology,answer_4,C a 2+ and C l −,,1,,REVIEW,SCIENTIFIC_NOTATION,MEDIUM,Possible OCR spacing problem in medical/scientific notation.,PENDING,
4,LAYER_1,950,2014,Normal Phisiology,answer_5,C a 2+,,1,,REVIEW,SCIENTIFIC_NOTATION,MEDIUM,Possible OCR spacing problem in medical/scientific notation.,PENDING,
4,LAYER_1,954,2013,Normal Phisiology,question,"A patient with respiratory failure has blood pH of 7,35. pC O 2 test revealed hypercapnia. Urine pH test revealed an increase in the urine acidity. What form of acid-base imbalance is the case?",,1,,REVIEW,GAS_NOTATION,MEDIUM,Possible OCR spacing problem in O2/CO2 notation.,PENDING,
4,LAYER_1,959,2013,Normal Phisiology,answer_1,Accumulation of N a + and C a 2+ ions in the myocardium cells,,1,,REVIEW,SCIENTIFIC_NOTATION,MEDIUM,Possible OCR spacing problem in medical/scientific notation.,PENDING,
4,LAYER_1,959,2013,Normal Phisiology,answer_2,Accumulation of K + and M g 2+ ions in the myocardium cells,,1,,REVIEW,SCIENTIFIC_NOTATION,MEDIUM,Possible OCR spacing problem in medical/scientific notation.,PENDING,
4,LAYER_1,959,2013,Normal Phisiology,answer_3,Reduction of N a + and C a 2+ ions in the myocardium cells,,1,,REVIEW,SCIENTIFIC_NOTATION,MEDIUM,Possible OCR spacing problem in medical/scientific notation.,PENDING,
4,LAYER_1,959,2013,Normal Phisiology,answer_4,Reduction of K + and M g 2+ ions in the extracellular space,,1,,REVIEW,SCIENTIFIC_NOTATION,MEDIUM,Possible OCR spacing problem in medical/scientific notation.,PENDING,
4,LAYER_1,959,2013,Normal Phisiology,answer_5,Reduction of N a + and C a 2+ ions in the extracellular space,,1,,REVIEW,SCIENTIFIC_NOTATION,MEDIUM,Possible OCR spacing problem in medical/scientific notation.,PENDING,
4,LAYER_1,992,2012,Normal Phisiology,answer_1,5-6 p.m.,,1,,REVIEW,MISSING_SPACE_AFTER_PUNCTUATION,MEDIUM,May be punctuation followed by missing whitespace.,PENDING,
4,LAYER_1,992,2012,Normal Phisiology,answer_2,7-8 a.m.,,1,,REVIEW,MISSING_SPACE_AFTER_PUNCTUATION,MEDIUM,May be punctuation followed by missing whitespace.,PENDING,
4,LAYER_1,992,2012,Normal Phisiology,answer_3,10-12 a.m.,,1,,REVIEW,MISSING_SPACE_AFTER_PUNCTUATION,MEDIUM,May be punctuation followed by missing whitespace.,PENDING,
4,LAYER_1,992,2012,Normal Phisiology,answer_4,2-3 p.m.,,1,,REVIEW,MISSING_SPACE_AFTER_PUNCTUATION,MEDIUM,May be punctuation followed by missing whitespace.,PENDING,
4,LAYER_1,992,2012,Normal Phisiology,answer_5,3-4 a.m.,,1,,REVIEW,MISSING_SPACE_AFTER_PUNCTUATION,MEDIUM,May be punctuation followed by missing whitespace.,PENDING,