id,year,subject,field,original,detected,proposed,type,confidence,plan_status,apply,reviewer_note
1,2023,Pathophysiology,question,"A patient has been diagnosed with severe B 12-deficient anemia with hemopoiesis disturbance. Anamnesis states total gastrectomy. What cells allow to confirm this diagnosis, if they are absent in the peripheral blood?",,"A patient has been diagnosed with severe B12-deficient anemia with hemopoiesis disturbance. Anamnesis states total gastrectomy. What cells allow to confirm this diagnosis, if they are absent in the peripheral blood?",B12_SPACING,HIGH,AUTO_APPROVED,YES,
1074,2008,Normal Phisiology,question,"Surgical removal of a part of stomach resulted in disturbed absorption of vitamin B 12, it is excreted with feces. The patient was diagnosed with anemia. What factor is necessary for absorption of this vitamin?",,"Surgical removal of a part of stomach resulted in disturbed absorption of vitamin B12, it is excreted with feces. The patient was diagnosed with anemia. What factor is necessary for absorption of this vitamin?",B12_SPACING,HIGH,AUTO_APPROVED,YES,
1084,2007,Normal Phisiology,answer_4,B 12,,B12,B12_SPACING,HIGH,AUTO_APPROVED,YES,
122,2015,Pathophysiology,answer_1,B 12-deficiency anemia,,B12-deficiency anemia,B12_SPACING,HIGH,AUTO_APPROVED,YES,
141,2014,Pathophysiology,question,Degenerative changes in posterior and lateral columns of spinal cord (funicular myelosis) caused by methylmalonic acid accumulation occur in patients with B 12-deficiency anemia. This results in synthesis disruption of the following substance:,,Degenerative changes in posterior and lateral columns of spinal cord (funicular myelosis) caused by methylmalonic acid accumulation occur in patients with B12-deficiency anemia. This results in synthesis disruption of the following substance:,B12_SPACING,HIGH,AUTO_APPROVED,YES,
197,2012,Pathophysiology,answer_3,Deficiency of vitamin B 12,,Deficiency of vitamin B12,B12_SPACING,HIGH,AUTO_APPROVED,YES,
2562,2015,Biochemistry,answer_1,B 12-deficiency anemia,,B12-deficiency anemia,B12_SPACING,HIGH,AUTO_APPROVED,YES,
2585,2014,Biochemistry,answer_1,"Methionine, B 6, B 12",,"Methionine, B 6, B12",B12_SPACING,HIGH,AUTO_APPROVED,YES,
2592,2013,Biochemistry,answer_4,Vitamin B 12,,Vitamin B12,B12_SPACING,HIGH,AUTO_APPROVED,YES,
2709,2008,Biochemistry,answer_4,B 12,,B12,B12_SPACING,HIGH,AUTO_APPROVED,YES,
2721,2008,Biochemistry,question,"Surgical removal of a part of stomach resulted in disturbed absorption of vitamin B 12, it is excreted with feces. The patient was diagnosed with anemia. What factor is necessary for absorption of this vitamin?",,"Surgical removal of a part of stomach resulted in disturbed absorption of vitamin B12, it is excreted with feces. The patient was diagnosed with anemia. What factor is necessary for absorption of this vitamin?",B12_SPACING,HIGH,AUTO_APPROVED,YES,
2740,2007,Biochemistry,answer_4,B 12,,B12,B12_SPACING,HIGH,AUTO_APPROVED,YES,
287,2008,Pathophysiology,answer_1,B 12-folate deficient,,B12-folate deficient,B12_SPACING,HIGH,AUTO_APPROVED,YES,
326,2007,Pathophysiology,answer_4,Vitamin B 12 deficit,,Vitamin B12 deficit,B12_SPACING,HIGH,AUTO_APPROVED,YES,
330,2007,Pathophysiology,answer_4,B 12-folate-deficiency anemia,,B12-folate-deficiency anemia,B12_SPACING,HIGH,AUTO_APPROVED,YES,
571,2015,Pathomorphology,answer_1,B 12-deficiency anemia,,B12-deficiency anemia,B12_SPACING,HIGH,AUTO_APPROVED,YES,
59,2017,Pathophysiology,answer_3,B 12-deficiency,,B12-deficiency,B12_SPACING,HIGH,AUTO_APPROVED,YES,
729,2007,Pathomorphology,answer_4,B 12-folate-deficiency anemia,,B12-folate-deficiency anemia,B12_SPACING,HIGH,AUTO_APPROVED,YES,
98,2016,Pathophysiology,answer_3,B 12-deficiency,,B12-deficiency,B12_SPACING,HIGH,AUTO_APPROVED,YES,
100,2016,Pathophysiology,question,"30 minutes after drinking mango juice a child suddenly developed a local swelli-ng in the area of the soft palate, which impeded swallowing and, eventually, respi-ration. Mucosa of the swollen area was hyperemic and painless. Blood test revealed moderate eosinophilia. Body temperature was normal. Anamnesis states that the elder sister of the child has been suffering from bronchial asthma attacks. What kind of edema has developed in the child?",swelli-ng,"30 minutes after drinking mango juice a child suddenly developed a local swelling in the area of the soft palate, which impeded swallowing and, eventually, respi-ration. Mucosa of the swollen area was hyperemic and painless. Blood test revealed moderate eosinophilia. Body temperature was normal. Anamnesis states that the elder sister of the child has been suffering from bronchial asthma attacks. What kind of edema has developed in the child?",BROKEN_WORD_HYPHENATION,HIGH,AUTO_APPROVED,YES,
100,2016,Pathophysiology,question,"30 minutes after drinking mango juice a child suddenly developed a local swelli-ng in the area of the soft palate, which impeded swallowing and, eventually, respi-ration. Mucosa of the swollen area was hyperemic and painless. Blood test revealed moderate eosinophilia. Body temperature was normal. Anamnesis states that the elder sister of the child has been suffering from bronchial asthma attacks. What kind of edema has developed in the child?",respi-ration,"30 minutes after drinking mango juice a child suddenly developed a local swelli-ng in the area of the soft palate, which impeded swallowing and, eventually, respiration. Mucosa of the swollen area was hyperemic and painless. Blood test revealed moderate eosinophilia. Body temperature was normal. Anamnesis states that the elder sister of the child has been suffering from bronchial asthma attacks. What kind of edema has developed in the child?",BROKEN_WORD_HYPHENATION,HIGH,AUTO_APPROVED,YES,
102,2015,Pathophysiology,question,A 16-year-old adolescent is diagnosed with hereditary UDP (uridine diphosphate) glucuronyltransferase deficiency. Laboratory tests revealed hyperbili-rubinemia caused mostly by increased blood content of the following substance:,hyperbili-rubinemia,A 16-year-old adolescent is diagnosed with hereditary UDP (uridine diphosphate) glucuronyltransferase deficiency. Laboratory tests revealed hyperbilirubinemia caused mostly by increased blood content of the following substance:,BROKEN_WORD_HYPHENATION,HIGH,AUTO_APPROVED,YES,
104,2015,Pathophysiology,question,"Several minutes after a dentist admini-stered novocaine for local anaesthesia of a patient’s tooth, the following symptoms sharply developed in the patient: fatigue, skin itching. Objectively the following can be observed: skin hyperemia, tachycardia, BP dropped down to 70/40 mm Hg. What kind of allergic reaction is this pathology?",admini-stered,"Several minutes after a dentist administered novocaine for local anaesthesia of a patient’s tooth, the following symptoms sharply developed in the patient: fatigue, skin itching. Objectively the following can be observed: skin hyperemia, tachycardia, BP dropped down to 70/40 mm Hg. What kind of allergic reaction is this pathology?",BROKEN_WORD_HYPHENATION,HIGH,AUTO_APPROVED,YES,
107,2015,Pathophysiology,question,A patient is diagnosed with hereditary coagulopathy that is characterised by factor VIII deficiency. Specify the phase of blood clotting during which coagulation will be di-srupted in the given case:,di-srupted,A patient is diagnosed with hereditary coagulopathy that is characterised by factor VIII deficiency. Specify the phase of blood clotting during which coagulation will be disrupted in the given case:,BROKEN_WORD_HYPHENATION,HIGH,AUTO_APPROVED,YES,
110,2015,Pathophysiology,question,"An unconscious patient was delivered by ambulance to the hospital. On objecti-ve examination the patient was found to present no reflexes, periodical convulsi-ons, irregular breathing. After laboratory examination the patient was diagnosed with hepatic coma. Disorders of the central nervous system develop due to accumulati-on of the following metabolite:",objecti-ve,"An unconscious patient was delivered by ambulance to the hospital. On objective examination the patient was found to present no reflexes, periodical convulsi-ons, irregular breathing. After laboratory examination the patient was diagnosed with hepatic coma. Disorders of the central nervous system develop due to accumulati-on of the following metabolite:",BROKEN_WORD_HYPHENATION,HIGH,AUTO_APPROVED,YES,
110,2015,Pathophysiology,question,"An unconscious patient was delivered by ambulance to the hospital. On objecti-ve examination the patient was found to present no reflexes, periodical convulsi-ons, irregular breathing. After laboratory examination the patient was diagnosed with hepatic coma. Disorders of the central nervous system develop due to accumulati-on of the following metabolite:",convulsi-ons,"An unconscious patient was delivered by ambulance to the hospital. On objecti-ve examination the patient was found to present no reflexes, periodical convulsions, irregular breathing. After laboratory examination the patient was diagnosed with hepatic coma. Disorders of the central nervous system develop due to accumulati-on of the following metabolite:",BROKEN_WORD_HYPHENATION,HIGH,AUTO_APPROVED,YES,
110,2015,Pathophysiology,question,"An unconscious patient was delivered by ambulance to the hospital. On objecti-ve examination the patient was found to present no reflexes, periodical convulsi-ons, irregular breathing. After laboratory examination the patient was diagnosed with hepatic coma. Disorders of the central nervous system develop due to accumulati-on of the following metabolite:",accumulati-on,"An unconscious patient was delivered by ambulance to the hospital. On objecti-ve examination the patient was found to present no reflexes, periodical convulsi-ons, irregular breathing. After laboratory examination the patient was diagnosed with hepatic coma. Disorders of the central nervous system develop due to accumulation of the following metabolite:",BROKEN_WORD_HYPHENATION,HIGH,AUTO_APPROVED,YES,
116,2015,Pathophysiology,question,During determining the blood group according to the AB0 system with salt soluti-ons of monoclonal antibodies agglutination did not occur with any of the solutions. What blood group is it?,soluti-ons,During determining the blood group according to the AB0 system with salt solutions of monoclonal antibodies agglutination did not occur with any of the solutions. What blood group is it?,BROKEN_WORD_HYPHENATION,HIGH,AUTO_APPROVED,YES,
1160,2019,Normal Phisiology,answer_1,Increased permeability across the glome-rular capillary wall,glome-rular,Increased permeability across the glomerular capillary wall,BROKEN_WORD_HYPHENATION,HIGH,AUTO_APPROVED,YES,
1235,2017,Microbiology,question,During sanitary and bacteriological testing of water with the membrane filter techni-que there were revealed two red colonies on the membrane filter (Endo medium) through which 500 ml of water was filtered. Calculate the coli index and coli titer of this water:,techni-que,During sanitary and bacteriological testing of water with the membrane filter technique there were revealed two red colonies on the membrane filter (Endo medium) through which 500 ml of water was filtered. Calculate the coli index and coli titer of this water:,BROKEN_WORD_HYPHENATION,HIGH,AUTO_APPROVED,YES,
124,2015,Pathophysiology,question,"A 30-year-old man has sustained an injury to his thorax in a traffic incident, whi-ch caused disruption of his external respiration. What type of ventilatory difficulty can be observed in the given case?",whi-ch,"A 30-year-old man has sustained an injury to his thorax in a traffic incident, which caused disruption of his external respiration. What type of ventilatory difficulty can be observed in the given case?",BROKEN_WORD_HYPHENATION,HIGH,AUTO_APPROVED,YES,
1247,2017,Microbiology,question,Pathologic material (mucosal excreti-on from the nasal passages) obtained from a patient provisionally diagnosed with influenza was delivered to the virological laboratory. What quick test allows detecti-ng specific viral antigen in the investigated material?,excreti-on,Pathologic material (mucosal excretion from the nasal passages) obtained from a patient provisionally diagnosed with influenza was delivered to the virological laboratory. What quick test allows detecti-ng specific viral antigen in the investigated material?,BROKEN_WORD_HYPHENATION,HIGH,AUTO_APPROVED,YES,
1247,2017,Microbiology,question,Pathologic material (mucosal excreti-on from the nasal passages) obtained from a patient provisionally diagnosed with influenza was delivered to the virological laboratory. What quick test allows detecti-ng specific viral antigen in the investigated material?,detecti-ng,Pathologic material (mucosal excreti-on from the nasal passages) obtained from a patient provisionally diagnosed with influenza was delivered to the virological laboratory. What quick test allows detecting specific viral antigen in the investigated material?,BROKEN_WORD_HYPHENATION,HIGH,AUTO_APPROVED,YES,
1253,2017,Microbiology,question,"Typical manifestations of food poisoni-ng caused by C. botulinum are double visi-on, abnormal functioning of the swallowing and breathing. These symptoms develop as the result of:",poisoni-ng,"Typical manifestations of food poisoning caused by C. botulinum are double visi-on, abnormal functioning of the swallowing and breathing. These symptoms develop as the result of:",BROKEN_WORD_HYPHENATION,HIGH,AUTO_APPROVED,YES,
1253,2017,Microbiology,question,"Typical manifestations of food poisoni-ng caused by C. botulinum are double visi-on, abnormal functioning of the swallowing and breathing. These symptoms develop as the result of:",visi-on,"Typical manifestations of food poisoni-ng caused by C. botulinum are double vision, abnormal functioning of the swallowing and breathing. These symptoms develop as the result of:",BROKEN_WORD_HYPHENATION,HIGH,AUTO_APPROVED,YES,
1254,2017,Microbiology,question,On examination of a 6-year-old child the doctor noticed grayish film on the child’s tonsils. Microscopy of the smears stained by Neisser method detected there Corynebacterium diphtheriae . What morphologic feature was the most indicati-ve for determining the type of the agent?,indicati-ve,On examination of a 6-year-old child the doctor noticed grayish film on the child’s tonsils. Microscopy of the smears stained by Neisser method detected there Corynebacterium diphtheriae . What morphologic feature was the most indicative for determining the type of the agent?,BROKEN_WORD_HYPHENATION,HIGH,AUTO_APPROVED,YES,
1256,2017,Microbiology,answer_4,Are associated with anaphylactic reacti-ons,reacti-ons,Are associated with anaphylactic reactions,BROKEN_WORD_HYPHENATION,HIGH,AUTO_APPROVED,YES,
1258,2017,Microbiology,answer_5,,Co-trimoxazole,cotrimoxazole,BROKEN_WORD_HYPHENATION,HIGH,VALIDATED_NOT_AUTO,NO,
1270,2016,Microbiology,answer_2,Autosomal recessive agammaglobuli-naemia (Swiss type),agammaglobuli-naemia,Autosomal recessive agammaglobulinaemia (Swiss type),BROKEN_WORD_HYPHENATION,HIGH,AUTO_APPROVED,YES,
1270,2016,Microbiology,question,"Parents of a 5-year-old child report him to have frequent colds that develop into pneumonias, presence of purulent rashes on the skin. Laboratory tests have revealed the following: absence of immunoglobuli-ns of any type; naked cells are absent from the lymph nodes punctate. What kind of immune disorder is it?",immunoglobuli-ns,"Parents of a 5-year-old child report him to have frequent colds that develop into pneumonias, presence of purulent rashes on the skin. Laboratory tests have revealed the following: absence of immunoglobulins of any type; naked cells are absent from the lymph nodes punctate. What kind of immune disorder is it?",BROKEN_WORD_HYPHENATION,HIGH,AUTO_APPROVED,YES,
1272,2016,Microbiology,question,"What condition may develop 15-30 mi-nutes after re-administration of an antigen as a result of the increased level of antibodies, mainly IgE, that are adsorbed on the surface of target cells, namely tissue basophils (mast cells) and blood basophi-ls?",mi-nutes,"What condition may develop 15-30 minutes after re-administration of an antigen as a result of the increased level of antibodies, mainly IgE, that are adsorbed on the surface of target cells, namely tissue basophils (mast cells) and blood basophi-ls?",BROKEN_WORD_HYPHENATION,HIGH,AUTO_APPROVED,YES,
1272,2016,Microbiology,question,"What condition may develop 15-30 mi-nutes after re-administration of an antigen as a result of the increased level of antibodies, mainly IgE, that are adsorbed on the surface of target cells, namely tissue basophils (mast cells) and blood basophi-ls?",basophi-ls,"What condition may develop 15-30 mi-nutes after re-administration of an antigen as a result of the increased level of antibodies, mainly IgE, that are adsorbed on the surface of target cells, namely tissue basophils (mast cells) and blood basophils?",BROKEN_WORD_HYPHENATION,HIGH,AUTO_APPROVED,YES,
1274,2016,Microbiology,question,A laboratory has been investigati-ng virulence of a diphtheria agent. In the process of the experiment the infection was introduced intraperitoneally into test animals. The dosage of bacteria resulting in 95% mortality of test animals was found. What unit of virulence measurement was determined?,investigati-ng,A laboratory has been investigating virulence of a diphtheria agent. In the process of the experiment the infection was introduced intraperitoneally into test animals. The dosage of bacteria resulting in 95% mortality of test animals was found. What unit of virulence measurement was determined?,BROKEN_WORD_HYPHENATION,HIGH,AUTO_APPROVED,YES,
1277,2016,Microbiology,question,A 40-year-old woman was diagnosed with glomerulonephritis based on her cli-nical symptoms and the results of urine analysis. Anamnesis states chronic tonsillitis. What microorganisms are the most likely cause for the kidney damage in this case?,cli-nical,A 40-year-old woman was diagnosed with glomerulonephritis based on her clinical symptoms and the results of urine analysis. Anamnesis states chronic tonsillitis. What microorganisms are the most likely cause for the kidney damage in this case?,BROKEN_WORD_HYPHENATION,HIGH,AUTO_APPROVED,YES,
1287,2015,Microbiology,question,"A child is 10 years old. The followi-ng presentations have developed: sharp pain during swallowing, swollen neck, body temperature rise up to 39, 0o C , bright-red finely papular rash all over the body. Pharynx and tonsils are sharply hyperemic (""flaming pharynx""), ""crimson tongue"". On the tonsi-ls surface there are isolated greyish necrosis focuses. What disease it might be?",followi-ng,"A child is 10 years old. The following presentations have developed: sharp pain during swallowing, swollen neck, body temperature rise up to 39, 0o C , bright-red finely papular rash all over the body. Pharynx and tonsils are sharply hyperemic (""flaming pharynx""), ""crimson tongue"". On the tonsi-ls surface there are isolated greyish necrosis focuses. What disease it might be?",BROKEN_WORD_HYPHENATION,HIGH,AUTO_APPROVED,YES,
1287,2015,Microbiology,question,"A child is 10 years old. The followi-ng presentations have developed: sharp pain during swallowing, swollen neck, body temperature rise up to 39, 0o C , bright-red finely papular rash all over the body. Pharynx and tonsils are sharply hyperemic (""flaming pharynx""), ""crimson tongue"". On the tonsi-ls surface there are isolated greyish necrosis focuses. What disease it might be?",tonsi-ls,"A child is 10 years old. The followi-ng presentations have developed: sharp pain during swallowing, swollen neck, body temperature rise up to 39, 0o C , bright-red finely papular rash all over the body. Pharynx and tonsils are sharply hyperemic (""flaming pharynx""), ""crimson tongue"". On the tonsils surface there are isolated greyish necrosis focuses. What disease it might be?",BROKEN_WORD_HYPHENATION,HIGH,AUTO_APPROVED,YES,
1292,2015,Microbiology,question,"An HIV-positive patient’s cause of death is acute pulmonary insufficiency resulting from pneumonia. Pathohistological investigation of lungs has revealed intersti-tial pneumonia, alveolocyte desquamation and methamorphoses: alveolocyte enlargement, large intranuclear inclusi-ons surrounded by lightly-coloured areas. Transformed cells resemble owl’s eye. Name the causative agent of pneumonia:",intersti-tial,"An HIV-positive patient’s cause of death is acute pulmonary insufficiency resulting from pneumonia. Pathohistological investigation of lungs has revealed interstitial pneumonia, alveolocyte desquamation and methamorphoses: alveolocyte enlargement, large intranuclear inclusi-ons surrounded by lightly-coloured areas. Transformed cells resemble owl’s eye. Name the causative agent of pneumonia:",BROKEN_WORD_HYPHENATION,HIGH,AUTO_APPROVED,YES,
1292,2015,Microbiology,question,"An HIV-positive patient’s cause of death is acute pulmonary insufficiency resulting from pneumonia. Pathohistological investigation of lungs has revealed intersti-tial pneumonia, alveolocyte desquamation and methamorphoses: alveolocyte enlargement, large intranuclear inclusi-ons surrounded by lightly-coloured areas. Transformed cells resemble owl’s eye. Name the causative agent of pneumonia:",inclusi-ons,"An HIV-positive patient’s cause of death is acute pulmonary insufficiency resulting from pneumonia. Pathohistological investigation of lungs has revealed intersti-tial pneumonia, alveolocyte desquamation and methamorphoses: alveolocyte enlargement, large intranuclear inclusions surrounded by lightly-coloured areas. Transformed cells resemble owl’s eye. Name the causative agent of pneumonia:",BROKEN_WORD_HYPHENATION,HIGH,AUTO_APPROVED,YES,
1296,2015,Microbiology,answer_4,Are associated with anaphylactic reacti-ons,reacti-ons,Are associated with anaphylactic reactions,BROKEN_WORD_HYPHENATION,HIGH,AUTO_APPROVED,YES,
144,2014,Pathophysiology,answer_3,,Sino-atrial,sinoatrial,BROKEN_WORD_HYPHENATION,HIGH,VALIDATED_NOT_AUTO,NO,
1501,2021,Microbiology,answer_2,,Co-infection,coinfection,BROKEN_WORD_HYPHENATION,HIGH,VALIDATED_NOT_AUTO,NO,
1536,2017,Anatomy,question,A patient with periodontitis of the lower molar came to the doctor. It was determi-ned that the inflammatory process spread to the lymph nodes. What lymph nodes were the first to be affected by the inflammatory process?,determi-ned,A patient with periodontitis of the lower molar came to the doctor. It was determined that the inflammatory process spread to the lymph nodes. What lymph nodes were the first to be affected by the inflammatory process?,BROKEN_WORD_HYPHENATION,HIGH,AUTO_APPROVED,YES,
1538,2017,Anatomy,question,After a case of cold the patient developed a lacrimation disorder. This di-sorder was caused by functional disturbance of the following autonomic ganglion:,di-sorder,After a case of cold the patient developed a lacrimation disorder. This disorder was caused by functional disturbance of the following autonomic ganglion:,BROKEN_WORD_HYPHENATION,HIGH,AUTO_APPROVED,YES,
1539,2017,Anatomy,question,"Histological specimen of the ovary shows large hollow structures. Primary oocyte within these structures is surrounded with transparent membrane and radiati-ng crown and is situated in the cumulus oophorus , the wall is made of follicular cell layer and theca. What ovarian structure can be characterized by these morphological features?",radiati-ng,"Histological specimen of the ovary shows large hollow structures. Primary oocyte within these structures is surrounded with transparent membrane and radiating crown and is situated in the cumulus oophorus , the wall is made of follicular cell layer and theca. What ovarian structure can be characterized by these morphological features?",BROKEN_WORD_HYPHENATION,HIGH,AUTO_APPROVED,YES,
1540,2017,Anatomy,question,Histological specimen demonstrates a parenchymal organ with cortical and medullary substances. The cortical substance is composed of bands of epitheli-al cells with capillary blood vessels between them. The bands form three zones. The medullary substance consists of сhromaffin cells and venous sinusoids. What organ can be characterized by these morphological features?,epitheli-al,Histological specimen demonstrates a parenchymal organ with cortical and medullary substances. The cortical substance is composed of bands of epithelial cells with capillary blood vessels between them. The bands form three zones. The medullary substance consists of сhromaffin cells and venous sinusoids. What organ can be characterized by these morphological features?,BROKEN_WORD_HYPHENATION,HIGH,AUTO_APPROVED,YES,
1542,2017,Anatomy,question,"A 64-year-old woman presents with di-sturbed fine motor function of her fingers, marked muscle rigidity, and tremor. The neurologist diagnosed her with Parkinson’s disease. What brain structures are damaged resulting in this disease?",di-sturbed,"A 64-year-old woman presents with disturbed fine motor function of her fingers, marked muscle rigidity, and tremor. The neurologist diagnosed her with Parkinson’s disease. What brain structures are damaged resulting in this disease?",BROKEN_WORD_HYPHENATION,HIGH,AUTO_APPROVED,YES,
1544,2017,Anatomy,question,"A young man came to a hospital with complaints of disturbed urination. Exami-nation of his external genitalia revealed the urethra to be split on the top, with urine flowing out of this opening. What type of external genitalia maldevelopment is observed in this case? MSQ Крок 1 Medicine 2007-2021 - NORMAL ANATOMY",Exami-nation,"A young man came to a hospital with complaints of disturbed urination. Examination of his external genitalia revealed the urethra to be split on the top, with urine flowing out of this opening. What type of external genitalia maldevelopment is observed in this case? MSQ Крок 1 Medicine 2007-2021 - NORMAL ANATOMY",BROKEN_WORD_HYPHENATION,HIGH,AUTO_APPROVED,YES,
1546,2017,Anatomy,question,A specimen shows an organ covered wi-th connective tissue capsule with trabeculae radiating inward the organ. The organ’s cortex contains lymph nodules; there are medullary cords made of lymphoid cells. What organ is under study?,wi-th,A specimen shows an organ covered with connective tissue capsule with trabeculae radiating inward the organ. The organ’s cortex contains lymph nodules; there are medullary cords made of lymphoid cells. What organ is under study?,BROKEN_WORD_HYPHENATION,HIGH,AUTO_APPROVED,YES,
1550,2017,Anatomy,question,A patient is diagnosed with compressi-on fracture of the lumbar vertebra. The pati-ent presents with acutely increased lumbar lordosis. What ligament was damaged in this patient resulting in such deformation of vertebral column curvature?,compressi-on,A patient is diagnosed with compression fracture of the lumbar vertebra. The pati-ent presents with acutely increased lumbar lordosis. What ligament was damaged in this patient resulting in such deformation of vertebral column curvature?,BROKEN_WORD_HYPHENATION,HIGH,AUTO_APPROVED,YES,
1555,2017,Anatomy,question,During surgery performed in the abdominal cavity a surgeon located li-gament of liver stretching from anterior abdominal wall (navel) to inferior surface of liver. What ligament is it?,li-gament,During surgery performed in the abdominal cavity a surgeon located ligament of liver stretching from anterior abdominal wall (navel) to inferior surface of liver. What ligament is it?,BROKEN_WORD_HYPHENATION,HIGH,AUTO_APPROVED,YES,
1557,2017,Anatomy,question,Due to trauma the patient presents wi-th disturbed function of the parotid gland. What nerve ensures its secretion function?,wi-th,Due to trauma the patient presents with disturbed function of the parotid gland. What nerve ensures its secretion function?,BROKEN_WORD_HYPHENATION,HIGH,AUTO_APPROVED,YES,
1558,2016,Anatomy,question,"A 35-year-old man has been deli-vered into a surgical ward with a suppurati-ng wound in the neck, anterior to trachea (previsceral space). If a surgical operation is not performed urgently, there is a risk of infection spreading to:",deli-vered,"A 35-year-old man has been delivered into a surgical ward with a suppurati-ng wound in the neck, anterior to trachea (previsceral space). If a surgical operation is not performed urgently, there is a risk of infection spreading to:",BROKEN_WORD_HYPHENATION,HIGH,AUTO_APPROVED,YES,
1558,2016,Anatomy,question,"A 35-year-old man has been deli-vered into a surgical ward with a suppurati-ng wound in the neck, anterior to trachea (previsceral space). If a surgical operation is not performed urgently, there is a risk of infection spreading to:",suppurati-ng,"A 35-year-old man has been deli-vered into a surgical ward with a suppurating wound in the neck, anterior to trachea (previsceral space). If a surgical operation is not performed urgently, there is a risk of infection spreading to:",BROKEN_WORD_HYPHENATION,HIGH,AUTO_APPROVED,YES,
1561,2016,Anatomy,question,A man arrived into a traumatologi-cal department with a trauma of the right shoulder. Examination revealed a displaced humeral shaft fracture on the right in the middle one-third of the humerus; the patient cannot extend the fingers of his right hand. What nerve is damaged?,traumatologi-cal,A man arrived into a traumatological department with a trauma of the right shoulder. Examination revealed a displaced humeral shaft fracture on the right in the middle one-third of the humerus; the patient cannot extend the fingers of his right hand. What nerve is damaged?,BROKEN_WORD_HYPHENATION,HIGH,AUTO_APPROVED,YES,
1562,2016,Anatomy,question,Due to destruction of certain structures of the brainstem an animal has lost its ori-entation reflexes in response to strong light stimuli. What structures were destroyed?,ori-entation,Due to destruction of certain structures of the brainstem an animal has lost its orientation reflexes in response to strong light stimuli. What structures were destroyed?,BROKEN_WORD_HYPHENATION,HIGH,AUTO_APPROVED,YES,
1564,2016,Anatomy,question,"A patient complains of pain in the ri-ght lateral abdomen. Palpation revealed a dense, immobile, tumor-like formation. The tumor is likely to be found in the following part of the digestive tube:",ri-ght,"A patient complains of pain in the right lateral abdomen. Palpation revealed a dense, immobile, tumor-like formation. The tumor is likely to be found in the following part of the digestive tube:",BROKEN_WORD_HYPHENATION,HIGH,AUTO_APPROVED,YES,
1580,2016,Anatomy,question,A 29-year-old man with a knife wound of the neck presents with bleeding. Duri-ng the initial d-bridement of the wound a surgeon revealed the injury of a vessel situated along the lateral edge of the sternocleidomastoid muscle. Specify this vessel: MSQ Крок 1 Medicine 2007-2021 - NORMAL ANATOMY,Duri-ng,A 29-year-old man with a knife wound of the neck presents with bleeding. During the initial d-bridement of the wound a surgeon revealed the injury of a vessel situated along the lateral edge of the sternocleidomastoid muscle. Specify this vessel: MSQ Крок 1 Medicine 2007-2021 - NORMAL ANATOMY,BROKEN_WORD_HYPHENATION,HIGH,AUTO_APPROVED,YES,
1585,2015,Anatomy,question,Doctors make mostly radial incisions during mammary gland surgery. What parti-culars of anatomical organization make such surgical technique preferable?,parti-culars,Doctors make mostly radial incisions during mammary gland surgery. What particulars of anatomical organization make such surgical technique preferable?,BROKEN_WORD_HYPHENATION,HIGH,AUTO_APPROVED,YES,
1596,2015,Anatomy,question,"A patient has damaged spinal cord whi-te matter in the middle area of the posteri-or white column, disrupted proprioceptive sensibility of the lower limb joints and muscles. What fibers are affected?",whi-te,"A patient has damaged spinal cord white matter in the middle area of the posteri-or white column, disrupted proprioceptive sensibility of the lower limb joints and muscles. What fibers are affected?",BROKEN_WORD_HYPHENATION,HIGH,AUTO_APPROVED,YES,
1596,2015,Anatomy,question,"A patient has damaged spinal cord whi-te matter in the middle area of the posteri-or white column, disrupted proprioceptive sensibility of the lower limb joints and muscles. What fibers are affected?",posteri-or,"A patient has damaged spinal cord whi-te matter in the middle area of the posterior white column, disrupted proprioceptive sensibility of the lower limb joints and muscles. What fibers are affected?",BROKEN_WORD_HYPHENATION,HIGH,AUTO_APPROVED,YES,
1599,2015,Anatomy,question,A soldier with explosion-caused trauma was delivered to a hospital. Examinati-on revealed his tympanic membrane to be intact. What defense reflex prevented the tympanic membrane from rupturing?,Examinati-on,A soldier with explosion-caused trauma was delivered to a hospital. Examination revealed his tympanic membrane to be intact. What defense reflex prevented the tympanic membrane from rupturing?,BROKEN_WORD_HYPHENATION,HIGH,AUTO_APPROVED,YES,
1600,2015,Anatomy,question,During surgery performed in abdominal cavity a surgeon located ligament of li-ver stretching from anterior abdominal wall (navel) to inferior surface of liver. What li-gament is it?,li-ver,During surgery performed in abdominal cavity a surgeon located ligament of liver stretching from anterior abdominal wall (navel) to inferior surface of liver. What li-gament is it?,BROKEN_WORD_HYPHENATION,HIGH,AUTO_APPROVED,YES,
1600,2015,Anatomy,question,During surgery performed in abdominal cavity a surgeon located ligament of li-ver stretching from anterior abdominal wall (navel) to inferior surface of liver. What li-gament is it?,li-gament,During surgery performed in abdominal cavity a surgeon located ligament of li-ver stretching from anterior abdominal wall (navel) to inferior surface of liver. What ligament is it?,BROKEN_WORD_HYPHENATION,HIGH,AUTO_APPROVED,YES,
1601,2015,Anatomy,question,A patient with suspected necrosis of the upper abdominal cavity organs was deli-vered to a surgical department. This condition is associated with acute circulatory di-sturbance of the following vessel:,deli-vered,A patient with suspected necrosis of the upper abdominal cavity organs was delivered to a surgical department. This condition is associated with acute circulatory di-sturbance of the following vessel:,BROKEN_WORD_HYPHENATION,HIGH,AUTO_APPROVED,YES,
1601,2015,Anatomy,question,A patient with suspected necrosis of the upper abdominal cavity organs was deli-vered to a surgical department. This condition is associated with acute circulatory di-sturbance of the following vessel:,di-sturbance,A patient with suspected necrosis of the upper abdominal cavity organs was deli-vered to a surgical department. This condition is associated with acute circulatory disturbance of the following vessel:,BROKEN_WORD_HYPHENATION,HIGH,AUTO_APPROVED,YES,
174,2013,Pathophysiology,answer_3,,Sino-atrial,sinoatrial,BROKEN_WORD_HYPHENATION,HIGH,VALIDATED_NOT_AUTO,NO,
1749,2010,Anatomy,answer_1,Tr. cortico-nuclearis,cortico-nuclearis,Tr. corticonuclearis,BROKEN_WORD_HYPHENATION,HIGH,AUTO_APPROVED,YES,
1772,2019,Anatomy,question,A patient is diagnosed with compressi-on fracture of the lumbar vertebra. The pati-ent presents with acutely increased lumbar lordosis. What ligament was damaged in this patient resulting in such deformation of vertebral column curvature?,compressi-on,A patient is diagnosed with compression fracture of the lumbar vertebra. The pati-ent presents with acutely increased lumbar lordosis. What ligament was damaged in this patient resulting in such deformation of vertebral column curvature?,BROKEN_WORD_HYPHENATION,HIGH,AUTO_APPROVED,YES,
1777,2019,Anatomy,question,During surgery performed in the abdominal cavity a surgeon located li-gament of liver stretching from anterior abdominal wall (navel) to inferior surface of liver. What ligament is it?,li-gament,During surgery performed in the abdominal cavity a surgeon located ligament of liver stretching from anterior abdominal wall (navel) to inferior surface of liver. What ligament is it?,BROKEN_WORD_HYPHENATION,HIGH,AUTO_APPROVED,YES,
1779,2019,Anatomy,question,Due to trauma the patient presents wi-th disturbed function of the parotid gland. What nerve ensures its secretion function?,wi-th,Due to trauma the patient presents with disturbed function of the parotid gland. What nerve ensures its secretion function?,BROKEN_WORD_HYPHENATION,HIGH,AUTO_APPROVED,YES,
1780,2019,Anatomy,question,"A 35-year-old man has been deli-vered into a surgical ward with a suppurati-ng wound in the neck, anterior to trachea (previsceral space). If a surgical operation is not performed urgently, there is a risk of infection spreading to:",deli-vered,"A 35-year-old man has been delivered into a surgical ward with a suppurati-ng wound in the neck, anterior to trachea (previsceral space). If a surgical operation is not performed urgently, there is a risk of infection spreading to:",BROKEN_WORD_HYPHENATION,HIGH,AUTO_APPROVED,YES,
1780,2019,Anatomy,question,"A 35-year-old man has been deli-vered into a surgical ward with a suppurati-ng wound in the neck, anterior to trachea (previsceral space). If a surgical operation is not performed urgently, there is a risk of infection spreading to:",suppurati-ng,"A 35-year-old man has been deli-vered into a surgical ward with a suppurating wound in the neck, anterior to trachea (previsceral space). If a surgical operation is not performed urgently, there is a risk of infection spreading to:",BROKEN_WORD_HYPHENATION,HIGH,AUTO_APPROVED,YES,
1783,2019,Anatomy,question,A man arrived into a traumatologi-cal department with a trauma of the right shoulder. Examination revealed a displaced humeral shaft fracture on the right in the middle one-third of the humerus; the patient cannot extend the fingers of his right hand. What nerve is damaged?,traumatologi-cal,A man arrived into a traumatological department with a trauma of the right shoulder. Examination revealed a displaced humeral shaft fracture on the right in the middle one-third of the humerus; the patient cannot extend the fingers of his right hand. What nerve is damaged?,BROKEN_WORD_HYPHENATION,HIGH,AUTO_APPROVED,YES,
1784,2019,Anatomy,question,Due to destruction of certain structures of the brainstem an animal has lost its ori-entation reflexes in response to strong light stimuli. What structures were destroyed?,ori-entation,Due to destruction of certain structures of the brainstem an animal has lost its orientation reflexes in response to strong light stimuli. What structures were destroyed?,BROKEN_WORD_HYPHENATION,HIGH,AUTO_APPROVED,YES,
1786,2019,Anatomy,question,"A patient complains of pain in the ri-ght lateral abdomen. Palpation revealed a dense, immobile, tumor-like formation. The tumor is likely to be found in the following part of the digestive tube:",ri-ght,"A patient complains of pain in the right lateral abdomen. Palpation revealed a dense, immobile, tumor-like formation. The tumor is likely to be found in the following part of the digestive tube:",BROKEN_WORD_HYPHENATION,HIGH,AUTO_APPROVED,YES,
1851,2017,Pharmacology,question,"A woman with seasonal vasomotor rhini-tis, who works as a train dispatcher and is an outpatient, should be prescribed an antihi- staminic drug that does not suppress central nervous system. Name this drug:",rhini-tis,"A woman with seasonal vasomotor rhinitis, who works as a train dispatcher and is an outpatient, should be prescribed an antihi- staminic drug that does not suppress central nervous system. Name this drug:",BROKEN_WORD_HYPHENATION,HIGH,AUTO_APPROVED,YES,
1852,2017,Pharmacology,question,A pregnant woman with several mi-scarriages in anamnesis is prescribed a therapy that includes vitamin preparati-ons. What vitamin facilitates carrying of a pregnancy?,mi-scarriages,A pregnant woman with several miscarriages in anamnesis is prescribed a therapy that includes vitamin preparati-ons. What vitamin facilitates carrying of a pregnancy?,BROKEN_WORD_HYPHENATION,HIGH,AUTO_APPROVED,YES,
1852,2017,Pharmacology,question,A pregnant woman with several mi-scarriages in anamnesis is prescribed a therapy that includes vitamin preparati-ons. What vitamin facilitates carrying of a pregnancy?,preparati-ons,A pregnant woman with several mi-scarriages in anamnesis is prescribed a therapy that includes vitamin preparations. What vitamin facilitates carrying of a pregnancy?,BROKEN_WORD_HYPHENATION,HIGH,AUTO_APPROVED,YES,
1860,2017,Pharmacology,answer_2,,Co-trimoxazole,cotrimoxazole,BROKEN_WORD_HYPHENATION,HIGH,VALIDATED_NOT_AUTO,NO,
1862,2017,Pharmacology,question,"A woman with polyarticular rheumatoid arthritis was prescribed a non-steroidal antiinflammatory drug - diclofenac sodium. After the patient has been taking it for some time, her concomitant disease exacerbated, which forced the doctor to cancel the prescription of this drug. What concomi-tant disease could necessitate cancellation of this drug prescription?",concomi-tant,"A woman with polyarticular rheumatoid arthritis was prescribed a non-steroidal antiinflammatory drug - diclofenac sodium. After the patient has been taking it for some time, her concomitant disease exacerbated, which forced the doctor to cancel the prescription of this drug. What concomitant disease could necessitate cancellation of this drug prescription?",BROKEN_WORD_HYPHENATION,HIGH,AUTO_APPROVED,YES,
1864,2017,Pharmacology,question,During regular check-up a child is determined to have interrupted minerali-zation of the bones. What vitamin defici-ency can be the cause?,minerali-zation,During regular check-up a child is determined to have interrupted mineralization of the bones. What vitamin defici-ency can be the cause?,BROKEN_WORD_HYPHENATION,HIGH,AUTO_APPROVED,YES,
1864,2017,Pharmacology,question,During regular check-up a child is determined to have interrupted minerali-zation of the bones. What vitamin defici-ency can be the cause?,defici-ency,During regular check-up a child is determined to have interrupted minerali-zation of the bones. What vitamin deficiency can be the cause?,BROKEN_WORD_HYPHENATION,HIGH,AUTO_APPROVED,YES,
1867,2017,Pharmacology,question,A patient suffers from acute cardi-opulmonary failure with pulmonary edema. What diuretic should be prescribed in the given case?,cardi-opulmonary,A patient suffers from acute cardiopulmonary failure with pulmonary edema. What diuretic should be prescribed in the given case?,BROKEN_WORD_HYPHENATION,HIGH,AUTO_APPROVED,YES,
1868,2017,Pharmacology,question,Therapeutics unit of a hospital recei-ved a man suffering from ulcer disease of the stomach with hyperacidity. Which of the listed group of drugs must be used as a part of the complex therapy of this patient?,recei-ved,Therapeutics unit of a hospital received a man suffering from ulcer disease of the stomach with hyperacidity. Which of the listed group of drugs must be used as a part of the complex therapy of this patient?,BROKEN_WORD_HYPHENATION,HIGH,AUTO_APPROVED,YES,
187,2012,Pathophysiology,question,A 30 year old woman has subnormal concentration of enzymes in the pancreatic juice. This might be caused by the hyposecretion of the following gastroi-ntestinal hormone:,gastroi-ntestinal,A 30 year old woman has subnormal concentration of enzymes in the pancreatic juice. This might be caused by the hyposecretion of the following gastrointestinal hormone:,BROKEN_WORD_HYPHENATION,HIGH,AUTO_APPROVED,YES,
1875,2017,Pharmacology,answer_1,,GABA-ergic,gabaergic,BROKEN_WORD_HYPHENATION,HIGH,VALIDATED_NOT_AUTO,NO,
1875,2017,Pharmacology,answer_5,Supression of serotonergic neurotransmi-ssion,neurotransmi-ssion,Supression of serotonergic neurotransmission,BROKEN_WORD_HYPHENATION,HIGH,AUTO_APPROVED,YES,
1875,2017,Pharmacology,question,A patient with signs of emotional labi-lity that result in troubled sleep has been prescribed nitrazepam. Specify the sleep- inducing mechanism of this drug:,labi-lity,A patient with signs of emotional lability that result in troubled sleep has been prescribed nitrazepam. Specify the sleep- inducing mechanism of this drug:,BROKEN_WORD_HYPHENATION,HIGH,AUTO_APPROVED,YES,
1876,2017,Pharmacology,question,"To stop the bleeding the patient was prescribed a direct coagulant. Duri-ng introduction of the solution the patient was complaining of pain along the vein, hot sensation, and palpitations. Name the drug that causes such symptoms:",Duri-ng,"To stop the bleeding the patient was prescribed a direct coagulant. During introduction of the solution the patient was complaining of pain along the vein, hot sensation, and palpitations. Name the drug that causes such symptoms:",BROKEN_WORD_HYPHENATION,HIGH,AUTO_APPROVED,YES,
1882,2016,Pharmacology,question,"A comatose patient was taken to the hospital. He has a history of diabetes melli-tus. Objectively: Kussmaul breathing, low blood pressure, acetone odor of breath. After the emergency treatment the pati-ent’s condition improved. What drug had been administered?",melli-tus,"A comatose patient was taken to the hospital. He has a history of diabetes mellitus. Objectively: Kussmaul breathing, low blood pressure, acetone odor of breath. After the emergency treatment the pati-ent’s condition improved. What drug had been administered?",BROKEN_WORD_HYPHENATION,HIGH,AUTO_APPROVED,YES,
1885,2016,Pharmacology,question,A patient with acute myocardial infarcti-on has been administered heparin as a part of complex therapy. Some time after heparin injection the patient developed hematuria. What heparin antagonist should be injected to remove the complication?,infarcti-on,A patient with acute myocardial infarction has been administered heparin as a part of complex therapy. Some time after heparin injection the patient developed hematuria. What heparin antagonist should be injected to remove the complication?,BROKEN_WORD_HYPHENATION,HIGH,AUTO_APPROVED,YES,
1887,2016,Pharmacology,question,An alcoholic suffers from alcoholic psychosis with evident psychomotor agitati-on. What neuroleptic drug should be administered for emergency aid?,agitati-on,An alcoholic suffers from alcoholic psychosis with evident psychomotor agitation. What neuroleptic drug should be administered for emergency aid?,BROKEN_WORD_HYPHENATION,HIGH,AUTO_APPROVED,YES,
1888,2016,Pharmacology,question,"A 16-year-old young man sufferi-ng from seasonal allergic rhinitis has been prescribed a highly active second-generation H1 blocker, which can be characterized by absence of marked sedati-ve action. Name this drug:",sufferi-ng,"A 16-year-old young man suffering from seasonal allergic rhinitis has been prescribed a highly active second-generation H1 blocker, which can be characterized by absence of marked sedati-ve action. Name this drug:",BROKEN_WORD_HYPHENATION,HIGH,AUTO_APPROVED,YES,
1888,2016,Pharmacology,question,"A 16-year-old young man sufferi-ng from seasonal allergic rhinitis has been prescribed a highly active second-generation H1 blocker, which can be characterized by absence of marked sedati-ve action. Name this drug:",sedati-ve,"A 16-year-old young man sufferi-ng from seasonal allergic rhinitis has been prescribed a highly active second-generation H1 blocker, which can be characterized by absence of marked sedative action. Name this drug:",BROKEN_WORD_HYPHENATION,HIGH,AUTO_APPROVED,YES,
1889,2016,Pharmacology,question,A 36-year-old patient has been administered a depolarizing muscle relaxant duri-ng a surgery. Name this drug:,duri-ng,A 36-year-old patient has been administered a depolarizing muscle relaxant during a surgery. Name this drug:,BROKEN_WORD_HYPHENATION,HIGH,AUTO_APPROVED,YES,
1891,2016,Pharmacology,question,"A patient presents with dry peeli-ng skin, frequent cases of acute respi-ratory diseases, xerophthalmia. What vitamin preparation should be prescribed in this case?",peeli-ng,"A patient presents with dry peeling skin, frequent cases of acute respi-ratory diseases, xerophthalmia. What vitamin preparation should be prescribed in this case?",BROKEN_WORD_HYPHENATION,HIGH,AUTO_APPROVED,YES,
1891,2016,Pharmacology,question,"A patient presents with dry peeli-ng skin, frequent cases of acute respi-ratory diseases, xerophthalmia. What vitamin preparation should be prescribed in this case?",respi-ratory,"A patient presents with dry peeli-ng skin, frequent cases of acute respiratory diseases, xerophthalmia. What vitamin preparation should be prescribed in this case?",BROKEN_WORD_HYPHENATION,HIGH,AUTO_APPROVED,YES,
1898,2015,Pharmacology,question,A 5-year-old child has been diagnosed with acute right distal pneumonia. Sputum inoculation revealed that the causative agent is resistant to penicillin and senstive to macrolides. What drug should be prescri-bed?,prescri-bed,A 5-year-old child has been diagnosed with acute right distal pneumonia. Sputum inoculation revealed that the causative agent is resistant to penicillin and senstive to macrolides. What drug should be prescribed?,BROKEN_WORD_HYPHENATION,HIGH,AUTO_APPROVED,YES,
1899,2015,Pharmacology,question,Despite the administration of cardi-otonics and thiazide diuretic a patient with chronic heart failure has persistent edemas and the risk of ascites arose. What medicati-on should be administered to enhance the diuretic effect of the administered drugs?,cardi-otonics,Despite the administration of cardiotonics and thiazide diuretic a patient with chronic heart failure has persistent edemas and the risk of ascites arose. What medicati-on should be administered to enhance the diuretic effect of the administered drugs?,BROKEN_WORD_HYPHENATION,HIGH,AUTO_APPROVED,YES,
1899,2015,Pharmacology,question,Despite the administration of cardi-otonics and thiazide diuretic a patient with chronic heart failure has persistent edemas and the risk of ascites arose. What medicati-on should be administered to enhance the diuretic effect of the administered drugs?,medicati-on,Despite the administration of cardi-otonics and thiazide diuretic a patient with chronic heart failure has persistent edemas and the risk of ascites arose. What medication should be administered to enhance the diuretic effect of the administered drugs?,BROKEN_WORD_HYPHENATION,HIGH,AUTO_APPROVED,YES,
1903,2015,Pharmacology,question,A 47-year-old man developed intestinal colic against the background of essential hypertension. In this situation it would be most efficient to arrest the colic by admini-stering drugs of the following group:,admini-stering,A 47-year-old man developed intestinal colic against the background of essential hypertension. In this situation it would be most efficient to arrest the colic by administering drugs of the following group:,BROKEN_WORD_HYPHENATION,HIGH,AUTO_APPROVED,YES,
1905,2015,Pharmacology,question,"Prolonged treatment of hypothyroidism has caused general dystrophy, dental cari-es, tachycardia, tremor of extremities. What drug is the cause of these side effects?",cari-es,"Prolonged treatment of hypothyroidism has caused general dystrophy, dental caries, tachycardia, tremor of extremities. What drug is the cause of these side effects?",BROKEN_WORD_HYPHENATION,HIGH,AUTO_APPROVED,YES,
1908,2015,Pharmacology,question,A woman poisoned with unknown substance was hospitalised in a toxicologi-cal department. What group of drugs can be administered to decrease absorption and introduction of the poison to her body?,toxicologi-cal,A woman poisoned with unknown substance was hospitalised in a toxicological department. What group of drugs can be administered to decrease absorption and introduction of the poison to her body?,BROKEN_WORD_HYPHENATION,HIGH,AUTO_APPROVED,YES,
1917,2014,Pharmacology,question,A 60-year-old male patient has type II diabetes. A doctor has prescri-bed him synthetic hypoglycemic long-acting drug that is sulfonylurea derivative. What drug is it?,prescri-bed,A 60-year-old male patient has type II diabetes. A doctor has prescribed him synthetic hypoglycemic long-acting drug that is sulfonylurea derivative. What drug is it?,BROKEN_WORD_HYPHENATION,HIGH,AUTO_APPROVED,YES,
1938,2012,Pharmacology,answer_1,,Co-trimoxazole,cotrimoxazole,BROKEN_WORD_HYPHENATION,HIGH,VALIDATED_NOT_AUTO,NO,
1973,2009,Pharmacology,question,"An elderly female patient suffers from the type 2 diabetes mellitus accompanied by obesity, atherosclerosis, coronary artery disease. Basal hyperi-nsulinemia is also present. What treatment would be the most appropriate?",hyperi-nsulinemia,"An elderly female patient suffers from the type 2 diabetes mellitus accompanied by obesity, atherosclerosis, coronary artery disease. Basal hyperinsulinemia is also present. What treatment would be the most appropriate?",BROKEN_WORD_HYPHENATION,HIGH,AUTO_APPROVED,YES,
2000,2008,Pharmacology,answer_4,,Co-trimoxazole,cotrimoxazole,BROKEN_WORD_HYPHENATION,HIGH,VALIDATED_NOT_AUTO,NO,
2114,2021,Pharmacology,answer_3,,Co-trimoxazole,cotrimoxazole,BROKEN_WORD_HYPHENATION,HIGH,VALIDATED_NOT_AUTO,NO,
2147,2017,Biology,question,In the South and Central Ameri-ca there can be found a species of trypanosomes that is the causative agent of Chagas disease. What animal is the infecti-on carrier specific to this disease?,Ameri-ca,In the South and Central America there can be found a species of trypanosomes that is the causative agent of Chagas disease. What animal is the infecti-on carrier specific to this disease?,BROKEN_WORD_HYPHENATION,HIGH,AUTO_APPROVED,YES,
2147,2017,Biology,question,In the South and Central Ameri-ca there can be found a species of trypanosomes that is the causative agent of Chagas disease. What animal is the infecti-on carrier specific to this disease?,infecti-on,In the South and Central Ameri-ca there can be found a species of trypanosomes that is the causative agent of Chagas disease. What animal is the infection carrier specific to this disease?,BROKEN_WORD_HYPHENATION,HIGH,AUTO_APPROVED,YES,
2150,2016,Biology,question,An infant has been diagnosed with mi-crocephaly. Doctors suspect that this brain disorder developed due to the fact that the mother had been taking actinomycin D during her pregnancy. What germinal layers have been affected by this teratogen?,mi-crocephaly,An infant has been diagnosed with microcephaly. Doctors suspect that this brain disorder developed due to the fact that the mother had been taking actinomycin D during her pregnancy. What germinal layers have been affected by this teratogen?,BROKEN_WORD_HYPHENATION,HIGH,AUTO_APPROVED,YES,
2151,2016,Biology,question,"Parents of a sick 5-year-old girl vi-sited a genetic consultation. Karyotype investigation revealed 46 chromosomes. One chromosome of the 15th pair was abnormally long, having a part of the chromosome belonging to the 21st pair attached to it. What",vi-sited,"Parents of a sick 5-year-old girl visited a genetic consultation. Karyotype investigation revealed 46 chromosomes. One chromosome of the 15th pair was abnormally long, having a part of the chromosome belonging to the 21st pair attached to it. What",BROKEN_WORD_HYPHENATION,HIGH,AUTO_APPROVED,YES,
2153,2016,Biology,question,Sex chromatin was detected during examination of a man’s buccal epitheli-um. It is characteristic of the following chromosome,epitheli-um,Sex chromatin was detected during examination of a man’s buccal epithelium. It is characteristic of the following chromosome,BROKEN_WORD_HYPHENATION,HIGH,AUTO_APPROVED,YES,
2154,2016,Biology,question,"Representatives of a certain human population can be characterized by elongated body, height variability, decreased volume of muscle mass, increased length of limbs, decreased size and volume of rib cage, increased perspiration, decreased indi-ces of base",indi-ces,"Representatives of a certain human population can be characterized by elongated body, height variability, decreased volume of muscle mass, increased length of limbs, decreased size and volume of rib cage, increased perspiration, decreased indices of base",BROKEN_WORD_HYPHENATION,HIGH,AUTO_APPROVED,YES,
2155,2016,Biology,question,Cells of a healthy liver actively synthesi-ze glycogen and proteins. What organelles are the most developed in them?,synthesi-ze,Cells of a healthy liver actively synthesize glycogen and proteins. What organelles are the most developed in them?,BROKEN_WORD_HYPHENATION,HIGH,AUTO_APPROVED,YES,
2157,2016,Biology,question,"A family of healthy students, who have arrived from Africa, gave birth to a chi-ld with signs of anemia. The child has died shortly after. Examination has revealed that the child’s erythrocytes are abnormally crescent-shaped. The disease is characreri-zed by autosomal recessive inheritance. Determine the genotype of the child’s parents:",chi-ld,"A family of healthy students, who have arrived from Africa, gave birth to a child with signs of anemia. The child has died shortly after. Examination has revealed that the child’s erythrocytes are abnormally crescent-shaped. The disease is characreri-zed by autosomal recessive inheritance. Determine the genotype of the child’s parents:",BROKEN_WORD_HYPHENATION,HIGH,AUTO_APPROVED,YES,
2159,2016,Biology,question,"A patient working at a pig farm complai-ns of paroxysmal abdominal pain, liquid feces with mucus and blood, headache, weakness, fever. Examination of large intestine revealed ulcers from 1 mm up to several cm in diameter, feces contained oval unicellular",complai-ns,"A patient working at a pig farm complains of paroxysmal abdominal pain, liquid feces with mucus and blood, headache, weakness, fever. Examination of large intestine revealed ulcers from 1 mm up to several cm in diameter, feces contained oval unicellular",BROKEN_WORD_HYPHENATION,HIGH,AUTO_APPROVED,YES,
2164,2015,Biology,question,"A group of Ukrainian tourists returning from Samarqand was bringing with them gerbils. During examination in customs offi-ce ulcers were detected on the skin of the animals. What protozoa is the most likely to cause the disease in the animals, if mosqui-tos",offi-ce,"A group of Ukrainian tourists returning from Samarqand was bringing with them gerbils. During examination in customs office ulcers were detected on the skin of the animals. What protozoa is the most likely to cause the disease in the animals, if mosqui-tos",BROKEN_WORD_HYPHENATION,HIGH,AUTO_APPROVED,YES,
2164,2015,Biology,question,"A group of Ukrainian tourists returning from Samarqand was bringing with them gerbils. During examination in customs offi-ce ulcers were detected on the skin of the animals. What protozoa is the most likely to cause the disease in the animals, if mosqui-tos",mosqui-tos,"A group of Ukrainian tourists returning from Samarqand was bringing with them gerbils. During examination in customs offi-ce ulcers were detected on the skin of the animals. What protozoa is the most likely to cause the disease in the animals, if mosquitos",BROKEN_WORD_HYPHENATION,HIGH,AUTO_APPROVED,YES,
2165,2015,Biology,question,A patient with probable liver abscess was delivered to a surgical department. The patient for a long time had been on an assignment in an African country and had recurrent cases of acute gastrointestinal di-sturbance. What protozoan disease can it be?,di-sturbance,A patient with probable liver abscess was delivered to a surgical department. The patient for a long time had been on an assignment in an African country and had recurrent cases of acute gastrointestinal disturbance. What protozoan disease can it be?,BROKEN_WORD_HYPHENATION,HIGH,AUTO_APPROVED,YES,
2166,2015,Biology,question,It is known that the gene responsible for development of blood groups according to AB0 system has three allele variants. Existence of the IV blood group can be explai-ned by the following variability form:,explai-ned,It is known that the gene responsible for development of blood groups according to AB0 system has three allele variants. Existence of the IV blood group can be explained by the following variability form:,BROKEN_WORD_HYPHENATION,HIGH,AUTO_APPROVED,YES,
2169,2015,Biology,question,"During cell division DNA replication occurs after a signal is received from the cytoplasm, then a certain portion of the DNA helix unwinds and splits into two indi-vidual strains. What enzyme facilitates this process?",indi-vidual,"During cell division DNA replication occurs after a signal is received from the cytoplasm, then a certain portion of the DNA helix unwinds and splits into two individual strains. What enzyme facilitates this process?",BROKEN_WORD_HYPHENATION,HIGH,AUTO_APPROVED,YES,
2212,2011,Biology,question,Examination of a 12-year-old boy with developmental lag revealed achondroplasia: disproportional consti-tution with evident shortening of upper and lower limbs as a result of growth disorder of epiphyseal cartilages of long tubal bones. This disease is:,consti-tution,Examination of a 12-year-old boy with developmental lag revealed achondroplasia: disproportional constitution with evident shortening of upper and lower limbs as a result of growth disorder of epiphyseal cartilages of long tubal bones. This disease is:,BROKEN_WORD_HYPHENATION,HIGH,AUTO_APPROVED,YES,
2490,2017,Biochemistry,question,A 3-year-old boy with pronounced hemorrhagic syndrome has no anti-hemophilic globulin A (factor VIII) in the blood plasma. Hemostasis has been impai-red at the following stage:,impai-red,A 3-year-old boy with pronounced hemorrhagic syndrome has no anti-hemophilic globulin A (factor VIII) in the blood plasma. Hemostasis has been impaired at the following stage:,BROKEN_WORD_HYPHENATION,HIGH,AUTO_APPROVED,YES,
2507,2017,Biochemistry,answer_3,Transfer of reduced equivalents to ubiqui-none,ubiqui-none,Transfer of reduced equivalents to ubiquinone,BROKEN_WORD_HYPHENATION,HIGH,AUTO_APPROVED,YES,
2528,2016,Biochemistry,question,Along with normal hemoglobin types there can be pathological ones in the organi-sm of an adult. Name one of them:,organi-sm,Along with normal hemoglobin types there can be pathological ones in the organism of an adult. Name one of them:,BROKEN_WORD_HYPHENATION,HIGH,AUTO_APPROVED,YES,
2556,2015,Biochemistry,question,"In case of alkaptonuria, homogentisic acid is excreted in urine in large amounts. The development of this disease is associated with metabolic disorder of the followi-ng amino acid:",followi-ng,"In case of alkaptonuria, homogentisic acid is excreted in urine in large amounts. The development of this disease is associated with metabolic disorder of the following amino acid:",BROKEN_WORD_HYPHENATION,HIGH,AUTO_APPROVED,YES,
2559,2015,Biochemistry,question,"During cell division DNA replication occurs after a signal is received from the cytoplasm, then a certain portion of the DNA helix unwinds and splits into two indi-vidual strains. What enzyme facilitates this process?",indi-vidual,"During cell division DNA replication occurs after a signal is received from the cytoplasm, then a certain portion of the DNA helix unwinds and splits into two individual strains. What enzyme facilitates this process?",BROKEN_WORD_HYPHENATION,HIGH,AUTO_APPROVED,YES,
2616,2012,Biochemistry,question,A 30 year old woman has subnormal concentration of enzymes in the pancreatic juice. This might be caused by the hyposecretion of the following gastroi-ntestinal hormone:,gastroi-ntestinal,A 30 year old woman has subnormal concentration of enzymes in the pancreatic juice. This might be caused by the hyposecretion of the following gastrointestinal hormone:,BROKEN_WORD_HYPHENATION,HIGH,AUTO_APPROVED,YES,
2728,2008,Biochemistry,question,An oncological patient was prescri-bed methotrexate. With the lapse of time target cells of the tumour lost susceptibility to this drug. There is change of gene expression of the folowing enzyme:,prescri-bed,An oncological patient was prescribed methotrexate. With the lapse of time target cells of the tumour lost susceptibility to this drug. There is change of gene expression of the folowing enzyme:,BROKEN_WORD_HYPHENATION,HIGH,AUTO_APPROVED,YES,
2739,2007,Biochemistry,question,"A woman who has been keeping to a cleanrice diet for a long time was diagnosed with polyneuritis (beri-beri). What vitamin deficit results in development of this disease? Крок 2 Medicine (англомовний варiант, iноземнi студенти) 2017-2007 - BIOCHEMISTRY",beri-beri,"A woman who has been keeping to a cleanrice diet for a long time was diagnosed with polyneuritis (beriberi). What vitamin deficit results in development of this disease? Крок 2 Medicine (англомовний варiант, iноземнi студенти) 2017-2007 - BIOCHEMISTRY",BROKEN_WORD_HYPHENATION,HIGH,AUTO_APPROVED,YES,
28,2017,Pathophysiology,question,A patient demonstrates sharp decrease of pulmonary surfactant activity. This condi-tion can result in:,condi-tion,A patient demonstrates sharp decrease of pulmonary surfactant activity. This condition can result in:,BROKEN_WORD_HYPHENATION,HIGH,AUTO_APPROVED,YES,
31,2017,Pathophysiology,question,"A 15-year-old teenager complains of lack of air, general weakness, palpitati-ons. Heart rate is 130/min., BP is 100/60 mm Hg. ECG: QRS complex has normal shape and duration. The number of P waves and ventricular complexes is equal, T wave merges with P wave. What type of cardiac arrhythmia is observed in the teenager?",palpitati-ons,"A 15-year-old teenager complains of lack of air, general weakness, palpitations. Heart rate is 130/min., BP is 100/60 mm Hg. ECG: QRS complex has normal shape and duration. The number of P waves and ventricular complexes is equal, T wave merges with P wave. What type of cardiac arrhythmia is observed in the teenager?",BROKEN_WORD_HYPHENATION,HIGH,AUTO_APPROVED,YES,
32,2017,Pathophysiology,question,"During removal of the hyperplastic thyroid gland of a 47-year-old woman, the parathyroid gland was damaged. One month after the surgery the pati-ent developed signs of hypoparathyroi-dism: frequent convulsions, hyperreflexia, laryngospasm. What is the most likely cause of the patient’s condition?",hypoparathyroi-dism,"During removal of the hyperplastic thyroid gland of a 47-year-old woman, the parathyroid gland was damaged. One month after the surgery the pati-ent developed signs of hypoparathyroidism: frequent convulsions, hyperreflexia, laryngospasm. What is the most likely cause of the patient’s condition?",BROKEN_WORD_HYPHENATION,HIGH,AUTO_APPROVED,YES,
34,2017,Pathophysiology,question,"A 64-year-old woman presents with di-sturbed fine motor function of her fingers, marked muscle rigidity, and tremor. The neurologist diagnosed her with Parkinson’s disease. What brain structures are damaged resulting in this disease?",di-sturbed,"A 64-year-old woman presents with disturbed fine motor function of her fingers, marked muscle rigidity, and tremor. The neurologist diagnosed her with Parkinson’s disease. What brain structures are damaged resulting in this disease?",BROKEN_WORD_HYPHENATION,HIGH,AUTO_APPROVED,YES,
35,2017,Pathophysiology,answer_4,Qualitative abnormalities of fibri-nogenesis,fibri-nogenesis,Qualitative abnormalities of fibrinogenesis,BROKEN_WORD_HYPHENATION,HIGH,AUTO_APPROVED,YES,
35,2017,Pathophysiology,question,After pancreatic surgery the patient developed hemorrhagic syndrome with di-sturbed 3rd stage of blood clotting. What will be the most likely mechanism of the hemostatic disorder?,di-sturbed,After pancreatic surgery the patient developed hemorrhagic syndrome with disturbed 3rd stage of blood clotting. What will be the most likely mechanism of the hemostatic disorder?,BROKEN_WORD_HYPHENATION,HIGH,AUTO_APPROVED,YES,
353,2010,Pathophysiology,question,"A 5 year old child is ill with measles. Blood analysis revealed increase of total number of leukocytes up to 13 · 109/l. Leukogram: basophils - 0, eosinophils - 1, myelocytes - 0, juvenile neutrophi-ls - 0, band neutrophils - 2, segmented neutrophils - 41, lymphocytes - 28, monocytes - 28. Name this phenomenon:",neutrophi-ls,"A 5 year old child is ill with measles. Blood analysis revealed increase of total number of leukocytes up to 13 · 109/l. Leukogram: basophils - 0, eosinophils - 1, myelocytes - 0, juvenile neutrophils - 0, band neutrophils - 2, segmented neutrophils - 41, lymphocytes - 28, monocytes - 28. Name this phenomenon:",BROKEN_WORD_HYPHENATION,HIGH,AUTO_APPROVED,YES,
355,2010,Pathophysiology,question,"A 50 year old man who was referred to the hospital for treatment of cervical lymphadenitis underwent test for induvidual sensitivity to penicillin. 30 seconds after he went hot all over, AP dropped down to 0 mm Hg that led to cardiac arrest. Resuscitation was unsuccessful. Autopsy results: acute venous plethora of internal organs; histological examination of skin (from the site of injection) revealed degranulation of mast cells (ti-ssue basophils). Degranulation was also revealed in myocardium and lungs. What type of hypersensitivity reaction is it?",ti-ssue,"A 50 year old man who was referred to the hospital for treatment of cervical lymphadenitis underwent test for induvidual sensitivity to penicillin. 30 seconds after he went hot all over, AP dropped down to 0 mm Hg that led to cardiac arrest. Resuscitation was unsuccessful. Autopsy results: acute venous plethora of internal organs; histological examination of skin (from the site of injection) revealed degranulation of mast cells (tissue basophils). Degranulation was also revealed in myocardium and lungs. What type of hypersensitivity reaction is it?",BROKEN_WORD_HYPHENATION,HIGH,AUTO_APPROVED,YES,
38,2017,Pathophysiology,answer_2,Restrictive disorders of pulmonary venti-lation,venti-lation,Restrictive disorders of pulmonary ventilation,BROKEN_WORD_HYPHENATION,HIGH,AUTO_APPROVED,YES,
41,2017,Pathophysiology,question,"A man presents with glomerular fi-ltration rate of 180 ml/min., while norm is ± 25 ml/min. The likely cause of it is the decreased:",fi-ltration,"A man presents with glomerular filtration rate of 180 ml/min., while norm is ± 25 ml/min. The likely cause of it is the decreased:",BROKEN_WORD_HYPHENATION,HIGH,AUTO_APPROVED,YES,
43,2017,Pathophysiology,question,"A 38-year-old man, who has been suffering from systemic lupus erythematosus for 3 years, developed di-ffuse renal lesions accompanied by massi-ve edemas, marked proteinuria, hyperli-pidemia, and dysproteinemia. What is the most likely mechanism of proteinuria develoment in this case?",di-ffuse,"A 38-year-old man, who has been suffering from systemic lupus erythematosus for 3 years, developed diffuse renal lesions accompanied by massi-ve edemas, marked proteinuria, hyperli-pidemia, and dysproteinemia. What is the most likely mechanism of proteinuria develoment in this case?",BROKEN_WORD_HYPHENATION,HIGH,AUTO_APPROVED,YES,
43,2017,Pathophysiology,question,"A 38-year-old man, who has been suffering from systemic lupus erythematosus for 3 years, developed di-ffuse renal lesions accompanied by massi-ve edemas, marked proteinuria, hyperli-pidemia, and dysproteinemia. What is the most likely mechanism of proteinuria develoment in this case?",massi-ve,"A 38-year-old man, who has been suffering from systemic lupus erythematosus for 3 years, developed di-ffuse renal lesions accompanied by massive edemas, marked proteinuria, hyperli-pidemia, and dysproteinemia. What is the most likely mechanism of proteinuria develoment in this case?",BROKEN_WORD_HYPHENATION,HIGH,AUTO_APPROVED,YES,
43,2017,Pathophysiology,question,"A 38-year-old man, who has been suffering from systemic lupus erythematosus for 3 years, developed di-ffuse renal lesions accompanied by massi-ve edemas, marked proteinuria, hyperli-pidemia, and dysproteinemia. What is the most likely mechanism of proteinuria develoment in this case?",hyperli-pidemia,"A 38-year-old man, who has been suffering from systemic lupus erythematosus for 3 years, developed di-ffuse renal lesions accompanied by massi-ve edemas, marked proteinuria, hyperlipidemia, and dysproteinemia. What is the most likely mechanism of proteinuria develoment in this case?",BROKEN_WORD_HYPHENATION,HIGH,AUTO_APPROVED,YES,
45,2017,Pathophysiology,question,"Autopsy of a man, who served on a nuclear submarine, revealed the followi-ng pathologies: bone marrow atrophy (panmyelophthisis), anemia, leukopenia, thrombocytopenia, lymphocytes disi-ntegration in the lymph nodes, spleen, gastrointestinal lymphatic system, and hemorrhages into the adrenal glands. What disease had developed in this case?",followi-ng,"Autopsy of a man, who served on a nuclear submarine, revealed the following pathologies: bone marrow atrophy (panmyelophthisis), anemia, leukopenia, thrombocytopenia, lymphocytes disi-ntegration in the lymph nodes, spleen, gastrointestinal lymphatic system, and hemorrhages into the adrenal glands. What disease had developed in this case?",BROKEN_WORD_HYPHENATION,HIGH,AUTO_APPROVED,YES,
45,2017,Pathophysiology,question,"Autopsy of a man, who served on a nuclear submarine, revealed the followi-ng pathologies: bone marrow atrophy (panmyelophthisis), anemia, leukopenia, thrombocytopenia, lymphocytes disi-ntegration in the lymph nodes, spleen, gastrointestinal lymphatic system, and hemorrhages into the adrenal glands. What disease had developed in this case?",disi-ntegration,"Autopsy of a man, who served on a nuclear submarine, revealed the followi-ng pathologies: bone marrow atrophy (panmyelophthisis), anemia, leukopenia, thrombocytopenia, lymphocytes disintegration in the lymph nodes, spleen, gastrointestinal lymphatic system, and hemorrhages into the adrenal glands. What disease had developed in this case?",BROKEN_WORD_HYPHENATION,HIGH,AUTO_APPROVED,YES,
46,2017,Pathophysiology,question,"After sensitization a test animal recei-ved subcutaneously a dose of antigen. At the site of injection a fibrinous inflammati-on developed with alteration of vessel walls, basal substance, and fibrous structures of connective tissue. The inflammation took form of mucoid and fibrinoid degeneration, fibrinoid necrosis. What immune response occurred in the test animal?",recei-ved,"After sensitization a test animal received subcutaneously a dose of antigen. At the site of injection a fibrinous inflammati-on developed with alteration of vessel walls, basal substance, and fibrous structures of connective tissue. The inflammation took form of mucoid and fibrinoid degeneration, fibrinoid necrosis. What immune response occurred in the test animal?",BROKEN_WORD_HYPHENATION,HIGH,AUTO_APPROVED,YES,
46,2017,Pathophysiology,question,"After sensitization a test animal recei-ved subcutaneously a dose of antigen. At the site of injection a fibrinous inflammati-on developed with alteration of vessel walls, basal substance, and fibrous structures of connective tissue. The inflammation took form of mucoid and fibrinoid degeneration, fibrinoid necrosis. What immune response occurred in the test animal?",inflammati-on,"After sensitization a test animal recei-ved subcutaneously a dose of antigen. At the site of injection a fibrinous inflammation developed with alteration of vessel walls, basal substance, and fibrous structures of connective tissue. The inflammation took form of mucoid and fibrinoid degeneration, fibrinoid necrosis. What immune response occurred in the test animal?",BROKEN_WORD_HYPHENATION,HIGH,AUTO_APPROVED,YES,
49,2017,Pathophysiology,question,"Blood test of an athlete shows the following: erythrocytes - 5, 5 · 1012/l, hemoglobin - 180 g/l, leukocytes - 7 · 109/l, neutrophils - 64%, basophils - 0,5%, eosinophils - 0,5%, monocytes - 8%, lymphocytes - 27%. These values primari-ly indicate the stimulation of:",primari-ly,"Blood test of an athlete shows the following: erythrocytes - 5, 5 · 1012/l, hemoglobin - 180 g/l, leukocytes - 7 · 109/l, neutrophils - 64%, basophils - 0,5%, eosinophils - 0,5%, monocytes - 8%, lymphocytes - 27%. These values primarily indicate the stimulation of:",BROKEN_WORD_HYPHENATION,HIGH,AUTO_APPROVED,YES,
498,2017,Pathomorphology,question,"Histological investigation of the uterine scrape of the 45-year-old woman with di-sturbed ovarian menstrual cycle revealed increased number of endometrial glands, some of which are serrated, while others are dilated and cyst-like. Make the diagnosis:",di-sturbed,"Histological investigation of the uterine scrape of the 45-year-old woman with disturbed ovarian menstrual cycle revealed increased number of endometrial glands, some of which are serrated, while others are dilated and cyst-like. Make the diagnosis:",BROKEN_WORD_HYPHENATION,HIGH,AUTO_APPROVED,YES,
500,2017,Pathomorphology,question,"A patient has hoarseness of voice. Duri-ng laryngoscopy a gray-white larynx tumor with papillary surface has been detected. Microscopic investigation has shown the following: growth of connective tissue covered with multilayer, strongly kerati-nized pavement epithelium, no cellular atypia. What is the most likely diagnosis?",Duri-ng,"A patient has hoarseness of voice. During laryngoscopy a gray-white larynx tumor with papillary surface has been detected. Microscopic investigation has shown the following: growth of connective tissue covered with multilayer, strongly kerati-nized pavement epithelium, no cellular atypia. What is the most likely diagnosis?",BROKEN_WORD_HYPHENATION,HIGH,AUTO_APPROVED,YES,
500,2017,Pathomorphology,question,"A patient has hoarseness of voice. Duri-ng laryngoscopy a gray-white larynx tumor with papillary surface has been detected. Microscopic investigation has shown the following: growth of connective tissue covered with multilayer, strongly kerati-nized pavement epithelium, no cellular atypia. What is the most likely diagnosis?",kerati-nized,"A patient has hoarseness of voice. Duri-ng laryngoscopy a gray-white larynx tumor with papillary surface has been detected. Microscopic investigation has shown the following: growth of connective tissue covered with multilayer, strongly keratinized pavement epithelium, no cellular atypia. What is the most likely diagnosis?",BROKEN_WORD_HYPHENATION,HIGH,AUTO_APPROVED,YES,
501,2017,Pathomorphology,question,"A 67-year-old patient with cli-nical diagnosis of chronic bronchitis, pneumosclerosis, and cardiopulmonary decompensation has the biopsy material taken from the suspicious area in his ri-ght bronchus mucosa. Cellular and tissue atypism along with pearly bodies can be histologically detected. What pathologic process is characterized by the described histological changes? MSQ Крок 1 Medicine 2007-2021-PATHOMORPHOLOGY",cli-nical,"A 67-year-old patient with clinical diagnosis of chronic bronchitis, pneumosclerosis, and cardiopulmonary decompensation has the biopsy material taken from the suspicious area in his ri-ght bronchus mucosa. Cellular and tissue atypism along with pearly bodies can be histologically detected. What pathologic process is characterized by the described histological changes? MSQ Крок 1 Medicine 2007-2021-PATHOMORPHOLOGY",BROKEN_WORD_HYPHENATION,HIGH,AUTO_APPROVED,YES,
501,2017,Pathomorphology,question,"A 67-year-old patient with cli-nical diagnosis of chronic bronchitis, pneumosclerosis, and cardiopulmonary decompensation has the biopsy material taken from the suspicious area in his ri-ght bronchus mucosa. Cellular and tissue atypism along with pearly bodies can be histologically detected. What pathologic process is characterized by the described histological changes? MSQ Крок 1 Medicine 2007-2021-PATHOMORPHOLOGY",ri-ght,"A 67-year-old patient with cli-nical diagnosis of chronic bronchitis, pneumosclerosis, and cardiopulmonary decompensation has the biopsy material taken from the suspicious area in his right bronchus mucosa. Cellular and tissue atypism along with pearly bodies can be histologically detected. What pathologic process is characterized by the described histological changes? MSQ Крок 1 Medicine 2007-2021-PATHOMORPHOLOGY",BROKEN_WORD_HYPHENATION,HIGH,AUTO_APPROVED,YES,
504,2017,Pathomorphology,question,A patient demonstrates sharp decrease of pulmonary surfactant activity. This condi-tion can result in:,condi-tion,A patient demonstrates sharp decrease of pulmonary surfactant activity. This condition can result in:,BROKEN_WORD_HYPHENATION,HIGH,AUTO_APPROVED,YES,
507,2017,Pathomorphology,question,"On autopsy the dissector determined that the lungs are enlarged, pale, soft, do not deflate, crunch when cut. Microscopically there are dilated alveolar ducts, alveolar septa are thin, and signs of intracapillary sclerosis are observed. What pulmonary di-sorder are these presentations characteristic of?",di-sorder,"On autopsy the dissector determined that the lungs are enlarged, pale, soft, do not deflate, crunch when cut. Microscopically there are dilated alveolar ducts, alveolar septa are thin, and signs of intracapillary sclerosis are observed. What pulmonary disorder are these presentations characteristic of?",BROKEN_WORD_HYPHENATION,HIGH,AUTO_APPROVED,YES,
509,2017,Pathomorphology,question,Examination of the coronary arteries revealed atherosclerotic plaques with calci-nosis that close the arterial opening by 1/3. In the muscle there are numerous whiti-sh layers of connective tissue. Name the process detected in the myocardium:,calci-nosis,Examination of the coronary arteries revealed atherosclerotic plaques with calcinosis that close the arterial opening by 1/3. In the muscle there are numerous whiti-sh layers of connective tissue. Name the process detected in the myocardium:,BROKEN_WORD_HYPHENATION,HIGH,AUTO_APPROVED,YES,
509,2017,Pathomorphology,question,Examination of the coronary arteries revealed atherosclerotic plaques with calci-nosis that close the arterial opening by 1/3. In the muscle there are numerous whiti-sh layers of connective tissue. Name the process detected in the myocardium:,whiti-sh,Examination of the coronary arteries revealed atherosclerotic plaques with calci-nosis that close the arterial opening by 1/3. In the muscle there are numerous whitish layers of connective tissue. Name the process detected in the myocardium:,BROKEN_WORD_HYPHENATION,HIGH,AUTO_APPROVED,YES,
512,2017,Pathomorphology,question,"A 38-year-old man, who has been suffering from systemic lupus erythematosus for 3 years, developed di-ffuse renal lesions accompanied by massi-ve edemas, marked proteinuria, hyperli-pidemia, and dysproteinemia. What is the most likely mechanism of proteinuria develoment in this case?",di-ffuse,"A 38-year-old man, who has been suffering from systemic lupus erythematosus for 3 years, developed diffuse renal lesions accompanied by massi-ve edemas, marked proteinuria, hyperli-pidemia, and dysproteinemia. What is the most likely mechanism of proteinuria develoment in this case?",BROKEN_WORD_HYPHENATION,HIGH,AUTO_APPROVED,YES,
512,2017,Pathomorphology,question,"A 38-year-old man, who has been suffering from systemic lupus erythematosus for 3 years, developed di-ffuse renal lesions accompanied by massi-ve edemas, marked proteinuria, hyperli-pidemia, and dysproteinemia. What is the most likely mechanism of proteinuria develoment in this case?",massi-ve,"A 38-year-old man, who has been suffering from systemic lupus erythematosus for 3 years, developed di-ffuse renal lesions accompanied by massive edemas, marked proteinuria, hyperli-pidemia, and dysproteinemia. What is the most likely mechanism of proteinuria develoment in this case?",BROKEN_WORD_HYPHENATION,HIGH,AUTO_APPROVED,YES,
512,2017,Pathomorphology,question,"A 38-year-old man, who has been suffering from systemic lupus erythematosus for 3 years, developed di-ffuse renal lesions accompanied by massi-ve edemas, marked proteinuria, hyperli-pidemia, and dysproteinemia. What is the most likely mechanism of proteinuria develoment in this case?",hyperli-pidemia,"A 38-year-old man, who has been suffering from systemic lupus erythematosus for 3 years, developed di-ffuse renal lesions accompanied by massi-ve edemas, marked proteinuria, hyperlipidemia, and dysproteinemia. What is the most likely mechanism of proteinuria develoment in this case?",BROKEN_WORD_HYPHENATION,HIGH,AUTO_APPROVED,YES,
513,2017,Pathomorphology,question,"A woman with polyarticular rheumatoid arthritis was prescribed a non-steroidal antiinflammatory drug - diclofenac sodium. After the patient has been taking it for some time, her concomitant disease exacerbated, which forced the doctor to cancel the prescription of this drug. What concomi-tant disease could necessitate cancellation of this drug prescription?",concomi-tant,"A woman with polyarticular rheumatoid arthritis was prescribed a non-steroidal antiinflammatory drug - diclofenac sodium. After the patient has been taking it for some time, her concomitant disease exacerbated, which forced the doctor to cancel the prescription of this drug. What concomitant disease could necessitate cancellation of this drug prescription?",BROKEN_WORD_HYPHENATION,HIGH,AUTO_APPROVED,YES,
515,2017,Pathomorphology,question,"A 7-year-old boy died of acute posthemorrhagic anemia caused by profuse hemorrhage in the gastrointestinal tract. Postmortem study revealed the followi-ng: macroscopically there were acutely enlarged various groups of the lymph nodes, thymomegaly, hepatosplenomegaly, and bright red bone marrow; microscopically there was hypercellular bone marrow wi-th monomorphic infiltrations composed of blasts and diffuse-focal tumor infiltrations in the liver, spleen, lymph nodes, brain substance and tunics. Make the diagnosis:",followi-ng,"A 7-year-old boy died of acute posthemorrhagic anemia caused by profuse hemorrhage in the gastrointestinal tract. Postmortem study revealed the following: macroscopically there were acutely enlarged various groups of the lymph nodes, thymomegaly, hepatosplenomegaly, and bright red bone marrow; microscopically there was hypercellular bone marrow wi-th monomorphic infiltrations composed of blasts and diffuse-focal tumor infiltrations in the liver, spleen, lymph nodes, brain substance and tunics. Make the diagnosis:",BROKEN_WORD_HYPHENATION,HIGH,AUTO_APPROVED,YES,
515,2017,Pathomorphology,question,"A 7-year-old boy died of acute posthemorrhagic anemia caused by profuse hemorrhage in the gastrointestinal tract. Postmortem study revealed the followi-ng: macroscopically there were acutely enlarged various groups of the lymph nodes, thymomegaly, hepatosplenomegaly, and bright red bone marrow; microscopically there was hypercellular bone marrow wi-th monomorphic infiltrations composed of blasts and diffuse-focal tumor infiltrations in the liver, spleen, lymph nodes, brain substance and tunics. Make the diagnosis:",wi-th,"A 7-year-old boy died of acute posthemorrhagic anemia caused by profuse hemorrhage in the gastrointestinal tract. Postmortem study revealed the followi-ng: macroscopically there were acutely enlarged various groups of the lymph nodes, thymomegaly, hepatosplenomegaly, and bright red bone marrow; microscopically there was hypercellular bone marrow with monomorphic infiltrations composed of blasts and diffuse-focal tumor infiltrations in the liver, spleen, lymph nodes, brain substance and tunics. Make the diagnosis:",BROKEN_WORD_HYPHENATION,HIGH,AUTO_APPROVED,YES,
516,2017,Pathomorphology,question,"Autopsy of a man, who served on a nuclear submarine, revealed the followi-ng pathologies: bone marrow atrophy (panmyelophthisis), anemia, leukopenia, thrombocytopenia, lymphocytes disi-ntegration in the lymph nodes, spleen, gastrointestinal lymphatic system, and hemorrhages into the adrenal glands. What disease had developed in this case?",followi-ng,"Autopsy of a man, who served on a nuclear submarine, revealed the following pathologies: bone marrow atrophy (panmyelophthisis), anemia, leukopenia, thrombocytopenia, lymphocytes disi-ntegration in the lymph nodes, spleen, gastrointestinal lymphatic system, and hemorrhages into the adrenal glands. What disease had developed in this case?",BROKEN_WORD_HYPHENATION,HIGH,AUTO_APPROVED,YES,
516,2017,Pathomorphology,question,"Autopsy of a man, who served on a nuclear submarine, revealed the followi-ng pathologies: bone marrow atrophy (panmyelophthisis), anemia, leukopenia, thrombocytopenia, lymphocytes disi-ntegration in the lymph nodes, spleen, gastrointestinal lymphatic system, and hemorrhages into the adrenal glands. What disease had developed in this case?",disi-ntegration,"Autopsy of a man, who served on a nuclear submarine, revealed the followi-ng pathologies: bone marrow atrophy (panmyelophthisis), anemia, leukopenia, thrombocytopenia, lymphocytes disintegration in the lymph nodes, spleen, gastrointestinal lymphatic system, and hemorrhages into the adrenal glands. What disease had developed in this case?",BROKEN_WORD_HYPHENATION,HIGH,AUTO_APPROVED,YES,
517,2017,Pathomorphology,question,"After sensitization a test animal recei-ved subcutaneously a dose of antigen. At the site of injection a fibrinous inflammati-on developed with alteration of vessel walls, basal substance, and fibrous structures of connective tissue. The inflammation took form of mucoid and fibrinoid degeneration, fibrinoid necrosis. What immune response occurred in the test animal?",recei-ved,"After sensitization a test animal received subcutaneously a dose of antigen. At the site of injection a fibrinous inflammati-on developed with alteration of vessel walls, basal substance, and fibrous structures of connective tissue. The inflammation took form of mucoid and fibrinoid degeneration, fibrinoid necrosis. What immune response occurred in the test animal?",BROKEN_WORD_HYPHENATION,HIGH,AUTO_APPROVED,YES,
517,2017,Pathomorphology,question,"After sensitization a test animal recei-ved subcutaneously a dose of antigen. At the site of injection a fibrinous inflammati-on developed with alteration of vessel walls, basal substance, and fibrous structures of connective tissue. The inflammation took form of mucoid and fibrinoid degeneration, fibrinoid necrosis. What immune response occurred in the test animal?",inflammati-on,"After sensitization a test animal recei-ved subcutaneously a dose of antigen. At the site of injection a fibrinous inflammation developed with alteration of vessel walls, basal substance, and fibrous structures of connective tissue. The inflammation took form of mucoid and fibrinoid degeneration, fibrinoid necrosis. What immune response occurred in the test animal?",BROKEN_WORD_HYPHENATION,HIGH,AUTO_APPROVED,YES,
518,2017,Pathomorphology,question,"Brain autopsy revealed an edema, hyperemia, and small hemorrhages in the medulla oblongata. Microscopically chromatolysis, hydropia and nerve cell necrosis are observed; within the cytoplasm of hippocampal nerve cells there are eosi-nophilic structures (Negri bodies) detected. What diagnosis corresponds with the descri-bed morphological signs?",eosi-nophilic,"Brain autopsy revealed an edema, hyperemia, and small hemorrhages in the medulla oblongata. Microscopically chromatolysis, hydropia and nerve cell necrosis are observed; within the cytoplasm of hippocampal nerve cells there are eosinophilic structures (Negri bodies) detected. What diagnosis corresponds with the descri-bed morphological signs?",BROKEN_WORD_HYPHENATION,HIGH,AUTO_APPROVED,YES,
518,2017,Pathomorphology,question,"Brain autopsy revealed an edema, hyperemia, and small hemorrhages in the medulla oblongata. Microscopically chromatolysis, hydropia and nerve cell necrosis are observed; within the cytoplasm of hippocampal nerve cells there are eosi-nophilic structures (Negri bodies) detected. What diagnosis corresponds with the descri-bed morphological signs?",descri-bed,"Brain autopsy revealed an edema, hyperemia, and small hemorrhages in the medulla oblongata. Microscopically chromatolysis, hydropia and nerve cell necrosis are observed; within the cytoplasm of hippocampal nerve cells there are eosi-nophilic structures (Negri bodies) detected. What diagnosis corresponds with the described morphological signs?",BROKEN_WORD_HYPHENATION,HIGH,AUTO_APPROVED,YES,
519,2017,Pathomorphology,question,"A worker of an agricultural enterprise had been suffering from an acute disease with aggravating intoxication signs, whi-ch resulted in his death. On autopsy: the spleen is enlarged, flaccid, dark cherry-red on section, yields excessive pulp scrape. Soft meninges of the fornix and base of the brain are edematous and saturated with blood (”cardinal’s cap”). Microscopically: serous-hemorrhagic inflammation of meninges and cerebral tissues. Make the diagnosis:",whi-ch,"A worker of an agricultural enterprise had been suffering from an acute disease with aggravating intoxication signs, which resulted in his death. On autopsy: the spleen is enlarged, flaccid, dark cherry-red on section, yields excessive pulp scrape. Soft meninges of the fornix and base of the brain are edematous and saturated with blood (”cardinal’s cap”). Microscopically: serous-hemorrhagic inflammation of meninges and cerebral tissues. Make the diagnosis:",BROKEN_WORD_HYPHENATION,HIGH,AUTO_APPROVED,YES,
520,2017,Pathomorphology,question,A 5-year-old child is diagnosed with Bruton syndrome (X-linked agammaglobulinemia) that manifests itself in severe clinical course of bacterial infections and absence of B lymphocytes and plasma cells. What changes of immunoglobulin content can be observed in blood serum of the child with immunodefi-ciency?,immunodefi-ciency,A 5-year-old child is diagnosed with Bruton syndrome (X-linked agammaglobulinemia) that manifests itself in severe clinical course of bacterial infections and absence of B lymphocytes and plasma cells. What changes of immunoglobulin content can be observed in blood serum of the child with immunodeficiency?,BROKEN_WORD_HYPHENATION,HIGH,AUTO_APPROVED,YES,
521,2017,Pathomorphology,question,"A 37-year-old man, who was worki-ng in a caisson, after being lifted to the surface suddenly developed signs of acute cerebral circulation disturbance and loss of consciousness. Several days later he died. On autopsy in the left cerebral hemisphere there was detected a gray soft irregular focus 5х6х3,5 cm in size. What process had occurred in the brain?",worki-ng,"A 37-year-old man, who was working in a caisson, after being lifted to the surface suddenly developed signs of acute cerebral circulation disturbance and loss of consciousness. Several days later he died. On autopsy in the left cerebral hemisphere there was detected a gray soft irregular focus 5х6х3,5 cm in size. What process had occurred in the brain?",BROKEN_WORD_HYPHENATION,HIGH,AUTO_APPROVED,YES,
522,2017,Pathomorphology,question,"A 2-year-old child presents with acute psychomotor retardation, vision and heari-ng impairment, sharp enlargement of the liver and spleen. The child is diagnosed wi-th hereditary Niemann-Pick disease. What genetic defect is the cause of this disease?",heari-ng,"A 2-year-old child presents with acute psychomotor retardation, vision and hearing impairment, sharp enlargement of the liver and spleen. The child is diagnosed wi-th hereditary Niemann-Pick disease. What genetic defect is the cause of this disease?",BROKEN_WORD_HYPHENATION,HIGH,AUTO_APPROVED,YES,
522,2017,Pathomorphology,question,"A 2-year-old child presents with acute psychomotor retardation, vision and heari-ng impairment, sharp enlargement of the liver and spleen. The child is diagnosed wi-th hereditary Niemann-Pick disease. What genetic defect is the cause of this disease?",wi-th,"A 2-year-old child presents with acute psychomotor retardation, vision and heari-ng impairment, sharp enlargement of the liver and spleen. The child is diagnosed with hereditary Niemann-Pick disease. What genetic defect is the cause of this disease?",BROKEN_WORD_HYPHENATION,HIGH,AUTO_APPROVED,YES,
523,2017,Pathomorphology,question,"After mushroom poisoning the pati-ent developed signs of acute hepatic fai-lure leading to his death. On autopsy the liver is diminished, flaccid; the capsule is wrinkled; the tissue is ochre-yellow on section. Microscopically: fatty degeneration of hepatocytes, necrotic central segments of the hepatic lobes. These changes are characteristic of:",fai-lure,"After mushroom poisoning the pati-ent developed signs of acute hepatic failure leading to his death. On autopsy the liver is diminished, flaccid; the capsule is wrinkled; the tissue is ochre-yellow on section. Microscopically: fatty degeneration of hepatocytes, necrotic central segments of the hepatic lobes. These changes are characteristic of:",BROKEN_WORD_HYPHENATION,HIGH,AUTO_APPROVED,YES,
524,2017,Pathomorphology,question,"Autopsy of a patient, who died of bi-lateral bronchopneumonia, shows in the left lung lower lobe a cavity 5 cm in di-ameter, filled with liquid yellowish-white substance. What complication of the pati-ent’s pneumonia had developed?",di-ameter,"Autopsy of a patient, who died of bi-lateral bronchopneumonia, shows in the left lung lower lobe a cavity 5 cm in diameter, filled with liquid yellowish-white substance. What complication of the pati-ent’s pneumonia had developed?",BROKEN_WORD_HYPHENATION,HIGH,AUTO_APPROVED,YES,
525,2017,Pathomorphology,question,"At the post-mortem examination the stomach of a patient with renal failure was found to have a yellow-brown coating on the thickened mucosa. The coating was firmly adhering to its surface and had si-gnificant thickness. Microscopy revealed congestion and necrosis of mucosal and submucosal layers, fibrin presence. What is the most likely diagnosis?",si-gnificant,"At the post-mortem examination the stomach of a patient with renal failure was found to have a yellow-brown coating on the thickened mucosa. The coating was firmly adhering to its surface and had significant thickness. Microscopy revealed congestion and necrosis of mucosal and submucosal layers, fibrin presence. What is the most likely diagnosis?",BROKEN_WORD_HYPHENATION,HIGH,AUTO_APPROVED,YES,
527,2017,Pathomorphology,question,A 22-year-old woman ate some seafood. 5 hours later her torso and distal parts of her limbs developed small itchy papules which were partially fused together. One day later the rash disappeared spontaneously. Specify the hypersensitivi-ty mechanism underlying these changes:,hypersensitivi-ty,A 22-year-old woman ate some seafood. 5 hours later her torso and distal parts of her limbs developed small itchy papules which were partially fused together. One day later the rash disappeared spontaneously. Specify the hypersensitivity mechanism underlying these changes:,BROKEN_WORD_HYPHENATION,HIGH,AUTO_APPROVED,YES,
535,2016,Pathomorphology,question,"Autopsy of a man with tuberculosis revealed a 3x2 cm large cavity in the superi-or lobe of the right lung. The cavity was interconnected with a bronchus, its wall was dense and consisted of three layers: the internal layer was pyogenic, the middle layer was made of tuberculous granulation tissue and the external one was made of connective tissue. What is the most likely diagnosis?",superi-or,"Autopsy of a man with tuberculosis revealed a 3x2 cm large cavity in the superior lobe of the right lung. The cavity was interconnected with a bronchus, its wall was dense and consisted of three layers: the internal layer was pyogenic, the middle layer was made of tuberculous granulation tissue and the external one was made of connective tissue. What is the most likely diagnosis?",BROKEN_WORD_HYPHENATION,HIGH,AUTO_APPROVED,YES,
537,2016,Pathomorphology,question,"During autopsy of a man, who di-ed of acute transmural cardiac infarction, the following has been detected on the pericardium surface: fibrous whitish-brown deposit connecting parietal and visceral pericardial layers. What kind of inflammati-on occurred in the pericardium?",inflammati-on,"During autopsy of a man, who di-ed of acute transmural cardiac infarction, the following has been detected on the pericardium surface: fibrous whitish-brown deposit connecting parietal and visceral pericardial layers. What kind of inflammation occurred in the pericardium?",BROKEN_WORD_HYPHENATION,HIGH,AUTO_APPROVED,YES,
540,2016,Pathomorphology,question,"On histological examination of uterine mucosa the following is detected: sinuous glands, serratiform and corkscrew-shaped elongated growths of stroma with cell proli-feration. Make the diagnosis:",proli-feration,"On histological examination of uterine mucosa the following is detected: sinuous glands, serratiform and corkscrew-shaped elongated growths of stroma with cell proliferation. Make the diagnosis:",BROKEN_WORD_HYPHENATION,HIGH,AUTO_APPROVED,YES,
541,2016,Pathomorphology,question,"Autopsy of a 40-year-old woman, who died of cerebral hemorrhage duri-ng hypertensic crisis, revealed: upper-body obesity, hypertrichosis, hirsutism, stretchmarks on the skin of thighs and abdomen. Pituitary basophil adenoma is detected in the anterior lobe. What di-agnosis is the most likely?",duri-ng,"Autopsy of a 40-year-old woman, who died of cerebral hemorrhage during hypertensic crisis, revealed: upper-body obesity, hypertrichosis, hirsutism, stretchmarks on the skin of thighs and abdomen. Pituitary basophil adenoma is detected in the anterior lobe. What di-agnosis is the most likely?",BROKEN_WORD_HYPHENATION,HIGH,AUTO_APPROVED,YES,
545,2016,Pathomorphology,question,"A patient died of cancerous cachexia with primary localization of cancer in the stomach. Autopsy revealed acutely enlarged liver with uneven surface and numerous protruding nodes; the nodes had clear margins in the section, rounded shape, gray-pink color, varying density, someti-mes contained necrotic foci. Histologically: there are atypical cells in the nodes. What pathologic process occurred in the liver?",someti-mes,"A patient died of cancerous cachexia with primary localization of cancer in the stomach. Autopsy revealed acutely enlarged liver with uneven surface and numerous protruding nodes; the nodes had clear margins in the section, rounded shape, gray-pink color, varying density, sometimes contained necrotic foci. Histologically: there are atypical cells in the nodes. What pathologic process occurred in the liver?",BROKEN_WORD_HYPHENATION,HIGH,AUTO_APPROVED,YES,
546,2016,Pathomorphology,answer_2,Autosomal recessive agammaglobuli-naemia (Swiss type),agammaglobuli-naemia,Autosomal recessive agammaglobulinaemia (Swiss type),BROKEN_WORD_HYPHENATION,HIGH,AUTO_APPROVED,YES,
546,2016,Pathomorphology,question,"Parents of a 5-year-old child report him to have frequent colds that develop into pneumonias, presence of purulent rashes on the skin. Laboratory tests have revealed the following: absence of immunoglobuli-ns of any type; naked cells are absent from the lymph nodes punctate. What kind of immune disorder is it?",immunoglobuli-ns,"Parents of a 5-year-old child report him to have frequent colds that develop into pneumonias, presence of purulent rashes on the skin. Laboratory tests have revealed the following: absence of immunoglobulins of any type; naked cells are absent from the lymph nodes punctate. What kind of immune disorder is it?",BROKEN_WORD_HYPHENATION,HIGH,AUTO_APPROVED,YES,
548,2016,Pathomorphology,question,"A man has suffered multiple bone fractures of his lower extremities duri-ng a traffic accident. During transportation to a hospital his condition was further aggravated: blood pressure decreased, there were signs of pulmonary artery embolism. What kind of embolism is the most likely in the given case?",duri-ng,"A man has suffered multiple bone fractures of his lower extremities during a traffic accident. During transportation to a hospital his condition was further aggravated: blood pressure decreased, there were signs of pulmonary artery embolism. What kind of embolism is the most likely in the given case?",BROKEN_WORD_HYPHENATION,HIGH,AUTO_APPROVED,YES,
549,2016,Pathomorphology,question,"Autopsy of a 28-year-old patient, who had been suffering from rheumatism and died of heart failure, revealed pancarditis. Histological investigation of myocardi-um of the left ventricle posterior wall and interventricular septum detected peri-vascular cellular focal infiltrates composed of macrophages and creating palisade structures surrounding areas of fibrinoid necrosis. Determine the type of myocarditis:",myocardi-um,"Autopsy of a 28-year-old patient, who had been suffering from rheumatism and died of heart failure, revealed pancarditis. Histological investigation of myocardium of the left ventricle posterior wall and interventricular septum detected peri-vascular cellular focal infiltrates composed of macrophages and creating palisade structures surrounding areas of fibrinoid necrosis. Determine the type of myocarditis:",BROKEN_WORD_HYPHENATION,HIGH,AUTO_APPROVED,YES,
550,2016,Pathomorphology,question,"What condition may develop 15-30 mi-nutes after re-administration of an antigen as a result of the increased level of antibodies, mainly IgE, that are adsorbed on the surface of target cells, namely tissue basophils (mast cells) and blood basophi-ls?",mi-nutes,"What condition may develop 15-30 minutes after re-administration of an antigen as a result of the increased level of antibodies, mainly IgE, that are adsorbed on the surface of target cells, namely tissue basophils (mast cells) and blood basophi-ls?",BROKEN_WORD_HYPHENATION,HIGH,AUTO_APPROVED,YES,
550,2016,Pathomorphology,question,"What condition may develop 15-30 mi-nutes after re-administration of an antigen as a result of the increased level of antibodies, mainly IgE, that are adsorbed on the surface of target cells, namely tissue basophils (mast cells) and blood basophi-ls?",basophi-ls,"What condition may develop 15-30 mi-nutes after re-administration of an antigen as a result of the increased level of antibodies, mainly IgE, that are adsorbed on the surface of target cells, namely tissue basophils (mast cells) and blood basophils?",BROKEN_WORD_HYPHENATION,HIGH,AUTO_APPROVED,YES,
551,2016,Pathomorphology,question,"During pathomorphological renal investigation of a patient, who for a long time had been suffering from osteomyelitis and died of progressing renal fai-lure, the following was revealed: deposi-ts of homogeneous eosinophilic masses in glomerular mesangium, arterial and arteriolar walls, and stroma, which colored red when stained with Congo red. What pathological process is this?",fai-lure,"During pathomorphological renal investigation of a patient, who for a long time had been suffering from osteomyelitis and died of progressing renal failure, the following was revealed: deposi-ts of homogeneous eosinophilic masses in glomerular mesangium, arterial and arteriolar walls, and stroma, which colored red when stained with Congo red. What pathological process is this?",BROKEN_WORD_HYPHENATION,HIGH,AUTO_APPROVED,YES,
551,2016,Pathomorphology,question,"During pathomorphological renal investigation of a patient, who for a long time had been suffering from osteomyelitis and died of progressing renal fai-lure, the following was revealed: deposi-ts of homogeneous eosinophilic masses in glomerular mesangium, arterial and arteriolar walls, and stroma, which colored red when stained with Congo red. What pathological process is this?",deposi-ts,"During pathomorphological renal investigation of a patient, who for a long time had been suffering from osteomyelitis and died of progressing renal fai-lure, the following was revealed: deposits of homogeneous eosinophilic masses in glomerular mesangium, arterial and arteriolar walls, and stroma, which colored red when stained with Congo red. What pathological process is this?",BROKEN_WORD_HYPHENATION,HIGH,AUTO_APPROVED,YES,
553,2015,Pathomorphology,question,"A 67-year-old patient with clini-cal diagnosis of chronic bronchitis, pneumosclerosis, and cardiopulmonary decompensation has the biopsy material taken from the suspicious area in his right bronchus mucosa. Cellular and tissue atypi-sm along with pearly bodies can be histologi-cally detected. What pathologic process is characterized by the described histological changes?",clini-cal,"A 67-year-old patient with clinical diagnosis of chronic bronchitis, pneumosclerosis, and cardiopulmonary decompensation has the biopsy material taken from the suspicious area in his right bronchus mucosa. Cellular and tissue atypi-sm along with pearly bodies can be histologi-cally detected. What pathologic process is characterized by the described histological changes?",BROKEN_WORD_HYPHENATION,HIGH,AUTO_APPROVED,YES,
553,2015,Pathomorphology,question,"A 67-year-old patient with clini-cal diagnosis of chronic bronchitis, pneumosclerosis, and cardiopulmonary decompensation has the biopsy material taken from the suspicious area in his right bronchus mucosa. Cellular and tissue atypi-sm along with pearly bodies can be histologi-cally detected. What pathologic process is characterized by the described histological changes?",atypi-sm,"A 67-year-old patient with clini-cal diagnosis of chronic bronchitis, pneumosclerosis, and cardiopulmonary decompensation has the biopsy material taken from the suspicious area in his right bronchus mucosa. Cellular and tissue atypism along with pearly bodies can be histologi-cally detected. What pathologic process is characterized by the described histological changes?",BROKEN_WORD_HYPHENATION,HIGH,AUTO_APPROVED,YES,
553,2015,Pathomorphology,question,"A 67-year-old patient with clini-cal diagnosis of chronic bronchitis, pneumosclerosis, and cardiopulmonary decompensation has the biopsy material taken from the suspicious area in his right bronchus mucosa. Cellular and tissue atypi-sm along with pearly bodies can be histologi-cally detected. What pathologic process is characterized by the described histological changes?",histologi-cally,"A 67-year-old patient with clini-cal diagnosis of chronic bronchitis, pneumosclerosis, and cardiopulmonary decompensation has the biopsy material taken from the suspicious area in his right bronchus mucosa. Cellular and tissue atypi-sm along with pearly bodies can be histologically detected. What pathologic process is characterized by the described histological changes?",BROKEN_WORD_HYPHENATION,HIGH,AUTO_APPROVED,YES,
557,2015,Pathomorphology,question,"Several minutes after a dentist admini-stered novocaine for local anaesthesia of a patient’s tooth, the following symptoms sharply developed in the patient: fatigue, skin itching. Objectively the following can be observed: skin hyperemia, tachycardia, BP dropped down to 70/40 mm Hg. What kind of allergic reaction is this pathology?",admini-stered,"Several minutes after a dentist administered novocaine for local anaesthesia of a patient’s tooth, the following symptoms sharply developed in the patient: fatigue, skin itching. Objectively the following can be observed: skin hyperemia, tachycardia, BP dropped down to 70/40 mm Hg. What kind of allergic reaction is this pathology?",BROKEN_WORD_HYPHENATION,HIGH,AUTO_APPROVED,YES,
559,2015,Pathomorphology,question,"A child is 10 years old. The followi-ng presentations have developed: sharp pain during swallowing, swollen neck, body temperature rise up to 39, 0o C , bright-red fi-nely papular rash all over the body. Pharynx and tonsils are sharply hyperemic (""flaming pharynx""), ""crimson tongue"". On the tonsi-ls surface there are isolated greyish necrosis focuses. What disease it might be?",followi-ng,"A child is 10 years old. The following presentations have developed: sharp pain during swallowing, swollen neck, body temperature rise up to 39, 0o C , bright-red fi-nely papular rash all over the body. Pharynx and tonsils are sharply hyperemic (""flaming pharynx""), ""crimson tongue"". On the tonsi-ls surface there are isolated greyish necrosis focuses. What disease it might be?",BROKEN_WORD_HYPHENATION,HIGH,AUTO_APPROVED,YES,
559,2015,Pathomorphology,question,"A child is 10 years old. The followi-ng presentations have developed: sharp pain during swallowing, swollen neck, body temperature rise up to 39, 0o C , bright-red fi-nely papular rash all over the body. Pharynx and tonsils are sharply hyperemic (""flaming pharynx""), ""crimson tongue"". On the tonsi-ls surface there are isolated greyish necrosis focuses. What disease it might be?",fi-nely,"A child is 10 years old. The followi-ng presentations have developed: sharp pain during swallowing, swollen neck, body temperature rise up to 39, 0o C , bright-red finely papular rash all over the body. Pharynx and tonsils are sharply hyperemic (""flaming pharynx""), ""crimson tongue"". On the tonsi-ls surface there are isolated greyish necrosis focuses. What disease it might be?",BROKEN_WORD_HYPHENATION,HIGH,AUTO_APPROVED,YES,
559,2015,Pathomorphology,question,"A child is 10 years old. The followi-ng presentations have developed: sharp pain during swallowing, swollen neck, body temperature rise up to 39, 0o C , bright-red fi-nely papular rash all over the body. Pharynx and tonsils are sharply hyperemic (""flaming pharynx""), ""crimson tongue"". On the tonsi-ls surface there are isolated greyish necrosis focuses. What disease it might be?",tonsi-ls,"A child is 10 years old. The followi-ng presentations have developed: sharp pain during swallowing, swollen neck, body temperature rise up to 39, 0o C , bright-red fi-nely papular rash all over the body. Pharynx and tonsils are sharply hyperemic (""flaming pharynx""), ""crimson tongue"". On the tonsils surface there are isolated greyish necrosis focuses. What disease it might be?",BROKEN_WORD_HYPHENATION,HIGH,AUTO_APPROVED,YES,
561,2015,Pathomorphology,question,"A 39-year-old man who had been operated for the stomach ulcer died 7 days after the surgery. Autopsy revealed that peritoneal leaves were dull, plephoric, covered with massive yellow-greenish films, the peritoneal cavity contained about 300 ml of thick yellow-greenish liquid. What pathologic process was revealed in the peri-toneal cavity?",peri-toneal,"A 39-year-old man who had been operated for the stomach ulcer died 7 days after the surgery. Autopsy revealed that peritoneal leaves were dull, plephoric, covered with massive yellow-greenish films, the peritoneal cavity contained about 300 ml of thick yellow-greenish liquid. What pathologic process was revealed in the peritoneal cavity?",BROKEN_WORD_HYPHENATION,HIGH,AUTO_APPROVED,YES,
566,2015,Pathomorphology,question,"During intravenous saline transfusion a patient’s condition deteriorated drasti-cally, and the patient died from asphyxiation. Autopsy revealed acute venous congesti-on of internal organs with sharp right heart dilatation. When the right ventricle was punctured underwater, the bubbles escaped. What pathological process occurred in the patient?",drasti-cally,"During intravenous saline transfusion a patient’s condition deteriorated drastically, and the patient died from asphyxiation. Autopsy revealed acute venous congesti-on of internal organs with sharp right heart dilatation. When the right ventricle was punctured underwater, the bubbles escaped. What pathological process occurred in the patient?",BROKEN_WORD_HYPHENATION,HIGH,AUTO_APPROVED,YES,
566,2015,Pathomorphology,question,"During intravenous saline transfusion a patient’s condition deteriorated drasti-cally, and the patient died from asphyxiation. Autopsy revealed acute venous congesti-on of internal organs with sharp right heart dilatation. When the right ventricle was punctured underwater, the bubbles escaped. What pathological process occurred in the patient?",congesti-on,"During intravenous saline transfusion a patient’s condition deteriorated drasti-cally, and the patient died from asphyxiation. Autopsy revealed acute venous congestion of internal organs with sharp right heart dilatation. When the right ventricle was punctured underwater, the bubbles escaped. What pathological process occurred in the patient?",BROKEN_WORD_HYPHENATION,HIGH,AUTO_APPROVED,YES,
568,2015,Pathomorphology,question,"A 65-year-old man suddenly lost vision in one eye due to the retinal detachment. The patient underwent enucleation. Hi-stological examination of the removed eye retina and choroid revealed clusters of atypical cells with marked polymorphism of cells and nuclei, with a moderate number of mi-toses including the pathological ones. The cell cytoplasm and intercellular medium contained brown pigment resulting in posi-tive DOPA reaction. Perls’ reaction was negative. What is the most likely diagnosis?",Hi-stological,"A 65-year-old man suddenly lost vision in one eye due to the retinal detachment. The patient underwent enucleation. Histological examination of the removed eye retina and choroid revealed clusters of atypical cells with marked polymorphism of cells and nuclei, with a moderate number of mi-toses including the pathological ones. The cell cytoplasm and intercellular medium contained brown pigment resulting in posi-tive DOPA reaction. Perls’ reaction was negative. What is the most likely diagnosis?",BROKEN_WORD_HYPHENATION,HIGH,AUTO_APPROVED,YES,
568,2015,Pathomorphology,question,"A 65-year-old man suddenly lost vision in one eye due to the retinal detachment. The patient underwent enucleation. Hi-stological examination of the removed eye retina and choroid revealed clusters of atypical cells with marked polymorphism of cells and nuclei, with a moderate number of mi-toses including the pathological ones. The cell cytoplasm and intercellular medium contained brown pigment resulting in posi-tive DOPA reaction. Perls’ reaction was negative. What is the most likely diagnosis?",posi-tive,"A 65-year-old man suddenly lost vision in one eye due to the retinal detachment. The patient underwent enucleation. Hi-stological examination of the removed eye retina and choroid revealed clusters of atypical cells with marked polymorphism of cells and nuclei, with a moderate number of mi-toses including the pathological ones. The cell cytoplasm and intercellular medium contained brown pigment resulting in positive DOPA reaction. Perls’ reaction was negative. What is the most likely diagnosis?",BROKEN_WORD_HYPHENATION,HIGH,AUTO_APPROVED,YES,
569,2015,Pathomorphology,question,"An HIV-positive patient’s cause of death is acute pulmonary insufficiency resulting from pneumonia. Pathohistological investigation of lungs has revealed intersti-tial pneumonia, alveolocyte desquamation and methamorphoses: alveolocyte enlargement, large intranuclear inclusi-ons surrounded by lightly-coloured areas. Transformed cells resemble owl’s eye. Name the causative agent of pneumonia:",intersti-tial,"An HIV-positive patient’s cause of death is acute pulmonary insufficiency resulting from pneumonia. Pathohistological investigation of lungs has revealed interstitial pneumonia, alveolocyte desquamation and methamorphoses: alveolocyte enlargement, large intranuclear inclusi-ons surrounded by lightly-coloured areas. Transformed cells resemble owl’s eye. Name the causative agent of pneumonia:",BROKEN_WORD_HYPHENATION,HIGH,AUTO_APPROVED,YES,
569,2015,Pathomorphology,question,"An HIV-positive patient’s cause of death is acute pulmonary insufficiency resulting from pneumonia. Pathohistological investigation of lungs has revealed intersti-tial pneumonia, alveolocyte desquamation and methamorphoses: alveolocyte enlargement, large intranuclear inclusi-ons surrounded by lightly-coloured areas. Transformed cells resemble owl’s eye. Name the causative agent of pneumonia:",inclusi-ons,"An HIV-positive patient’s cause of death is acute pulmonary insufficiency resulting from pneumonia. Pathohistological investigation of lungs has revealed intersti-tial pneumonia, alveolocyte desquamation and methamorphoses: alveolocyte enlargement, large intranuclear inclusions surrounded by lightly-coloured areas. Transformed cells resemble owl’s eye. Name the causative agent of pneumonia:",BROKEN_WORD_HYPHENATION,HIGH,AUTO_APPROVED,YES,
57,2017,Pathophysiology,question,"A 30-year-old woman developed the si-gns of virilism (body hair growth, balding temples, disturbed menstrual cycle). What hormone can cause this condition when hyperproduced?",si-gns,"A 30-year-old woman developed the signs of virilism (body hair growth, balding temples, disturbed menstrual cycle). What hormone can cause this condition when hyperproduced?",BROKEN_WORD_HYPHENATION,HIGH,AUTO_APPROVED,YES,
572,2015,Pathomorphology,question,"A 53-year-old man suffering from di-abetes mellitus has developed a painful conical induration, bluishred with yellow center, on the skin of his neck. Such changes are characteristic of: MSQ Крок 1 Medicine 2007-2021-PATHOMORPHOLOGY",di-abetes,"A 53-year-old man suffering from diabetes mellitus has developed a painful conical induration, bluishred with yellow center, on the skin of his neck. Such changes are characteristic of: MSQ Крок 1 Medicine 2007-2021-PATHOMORPHOLOGY",BROKEN_WORD_HYPHENATION,HIGH,AUTO_APPROVED,YES,
574,2015,Pathomorphology,question,"During pathomorphological kidney investigation of a patient, who for a long time had been suffering from osteomyeli-tis and died from progressing renal fai-lure, the following was revealed: deposits of homogeneous eosinophilic masses in glomerular mesangium, arterial and arteriolar walls, and stroma, which became red when stained with Congo red. What pathological process is this?",osteomyeli-tis,"During pathomorphological kidney investigation of a patient, who for a long time had been suffering from osteomyelitis and died from progressing renal fai-lure, the following was revealed: deposits of homogeneous eosinophilic masses in glomerular mesangium, arterial and arteriolar walls, and stroma, which became red when stained with Congo red. What pathological process is this?",BROKEN_WORD_HYPHENATION,HIGH,AUTO_APPROVED,YES,
574,2015,Pathomorphology,question,"During pathomorphological kidney investigation of a patient, who for a long time had been suffering from osteomyeli-tis and died from progressing renal fai-lure, the following was revealed: deposits of homogeneous eosinophilic masses in glomerular mesangium, arterial and arteriolar walls, and stroma, which became red when stained with Congo red. What pathological process is this?",fai-lure,"During pathomorphological kidney investigation of a patient, who for a long time had been suffering from osteomyeli-tis and died from progressing renal failure, the following was revealed: deposits of homogeneous eosinophilic masses in glomerular mesangium, arterial and arteriolar walls, and stroma, which became red when stained with Congo red. What pathological process is this?",BROKEN_WORD_HYPHENATION,HIGH,AUTO_APPROVED,YES,
576,2015,Pathomorphology,question,"A 49-year-old man complains of pain in his metatarsophalangeal joints and joint deformation. In blood hyperuri-cemy can be observed. X-ray has revealed metatarsophalangeal joint space narrowing, erosion, periarticular calcification of the both joints, osteoporosis. Microscopy has revealed inflammatory granulomatous reaction surrounding necrotizing masses in the area of the first metatarsophalangeal joi-nt. Choose the most likely diagnosis:",joi-nt,"A 49-year-old man complains of pain in his metatarsophalangeal joints and joint deformation. In blood hyperuri-cemy can be observed. X-ray has revealed metatarsophalangeal joint space narrowing, erosion, periarticular calcification of the both joints, osteoporosis. Microscopy has revealed inflammatory granulomatous reaction surrounding necrotizing masses in the area of the first metatarsophalangeal joint. Choose the most likely diagnosis:",BROKEN_WORD_HYPHENATION,HIGH,AUTO_APPROVED,YES,
58,2017,Pathophysiology,question,After a severe stress the patient presents with eosinopenia in the blood test. In this case the decreased number of eosi-nophils can explain changes in the level of the following hormones:,eosi-nophils,After a severe stress the patient presents with eosinopenia in the blood test. In this case the decreased number of eosinophils can explain changes in the level of the following hormones:,BROKEN_WORD_HYPHENATION,HIGH,AUTO_APPROVED,YES,
64,2017,Pathophysiology,question,"A 67-year-old man was delivered to the cardiology unit with complaints of periodi-cal pain in the heart, dyspnea after even insignificant physical exertion, cyanosis, and edemas. ECG revealed additional contracti-ons of the heart ventricles. Name this type of rhythm disturbance:",periodi-cal,"A 67-year-old man was delivered to the cardiology unit with complaints of periodical pain in the heart, dyspnea after even insignificant physical exertion, cyanosis, and edemas. ECG revealed additional contracti-ons of the heart ventricles. Name this type of rhythm disturbance:",BROKEN_WORD_HYPHENATION,HIGH,AUTO_APPROVED,YES,
64,2017,Pathophysiology,question,"A 67-year-old man was delivered to the cardiology unit with complaints of periodi-cal pain in the heart, dyspnea after even insignificant physical exertion, cyanosis, and edemas. ECG revealed additional contracti-ons of the heart ventricles. Name this type of rhythm disturbance:",contracti-ons,"A 67-year-old man was delivered to the cardiology unit with complaints of periodi-cal pain in the heart, dyspnea after even insignificant physical exertion, cyanosis, and edemas. ECG revealed additional contractions of the heart ventricles. Name this type of rhythm disturbance:",BROKEN_WORD_HYPHENATION,HIGH,AUTO_APPROVED,YES,
65,2017,Pathophysiology,question,A patient developed increased blood content of H C O 3 − against the background of repeated and uncontrollable vomiti-ng. What will be the leading mechanism in compensation of developed acid-base imbalance?,vomiti-ng,A patient developed increased blood content of H C O 3 − against the background of repeated and uncontrollable vomiting. What will be the leading mechanism in compensation of developed acid-base imbalance?,BROKEN_WORD_HYPHENATION,HIGH,AUTO_APPROVED,YES,
70,2016,Pathophysiology,question,"A patient with hypertension has developed headache, tinnitus, vomiting, hi-gh BP up to 220/160 mm Hg. On exami-nation: facial asymmetry on the right, voli-tional mobility is absent, increased tendon reflexes and muscle tone of extremities on the right. What motor disorder of nervous system occurred in this case?",hi-gh,"A patient with hypertension has developed headache, tinnitus, vomiting, high BP up to 220/160 mm Hg. On exami-nation: facial asymmetry on the right, voli-tional mobility is absent, increased tendon reflexes and muscle tone of extremities on the right. What motor disorder of nervous system occurred in this case?",BROKEN_WORD_HYPHENATION,HIGH,AUTO_APPROVED,YES,
70,2016,Pathophysiology,question,"A patient with hypertension has developed headache, tinnitus, vomiting, hi-gh BP up to 220/160 mm Hg. On exami-nation: facial asymmetry on the right, voli-tional mobility is absent, increased tendon reflexes and muscle tone of extremities on the right. What motor disorder of nervous system occurred in this case?",exami-nation,"A patient with hypertension has developed headache, tinnitus, vomiting, hi-gh BP up to 220/160 mm Hg. On examination: facial asymmetry on the right, voli-tional mobility is absent, increased tendon reflexes and muscle tone of extremities on the right. What motor disorder of nervous system occurred in this case?",BROKEN_WORD_HYPHENATION,HIGH,AUTO_APPROVED,YES,
70,2016,Pathophysiology,question,"A patient with hypertension has developed headache, tinnitus, vomiting, hi-gh BP up to 220/160 mm Hg. On exami-nation: facial asymmetry on the right, voli-tional mobility is absent, increased tendon reflexes and muscle tone of extremities on the right. What motor disorder of nervous system occurred in this case?",voli-tional,"A patient with hypertension has developed headache, tinnitus, vomiting, hi-gh BP up to 220/160 mm Hg. On exami-nation: facial asymmetry on the right, volitional mobility is absent, increased tendon reflexes and muscle tone of extremities on the right. What motor disorder of nervous system occurred in this case?",BROKEN_WORD_HYPHENATION,HIGH,AUTO_APPROVED,YES,
74,2016,Pathophysiology,question,"A 12-year-old child developed nephri-tic syndrome (proteinuria, hematuria, cyli-ndruria) 2 weeks after a case of tonsilli-tis, which is a sign of affected glomerular basement membrane in the kidneys. What mechanism is the most likely to cause the basement membrane damage?",nephri-tic,"A 12-year-old child developed nephritic syndrome (proteinuria, hematuria, cyli-ndruria) 2 weeks after a case of tonsilli-tis, which is a sign of affected glomerular basement membrane in the kidneys. What mechanism is the most likely to cause the basement membrane damage?",BROKEN_WORD_HYPHENATION,HIGH,AUTO_APPROVED,YES,
74,2016,Pathophysiology,question,"A 12-year-old child developed nephri-tic syndrome (proteinuria, hematuria, cyli-ndruria) 2 weeks after a case of tonsilli-tis, which is a sign of affected glomerular basement membrane in the kidneys. What mechanism is the most likely to cause the basement membrane damage?",cyli-ndruria,"A 12-year-old child developed nephri-tic syndrome (proteinuria, hematuria, cylindruria) 2 weeks after a case of tonsilli-tis, which is a sign of affected glomerular basement membrane in the kidneys. What mechanism is the most likely to cause the basement membrane damage?",BROKEN_WORD_HYPHENATION,HIGH,AUTO_APPROVED,YES,
74,2016,Pathophysiology,question,"A 12-year-old child developed nephri-tic syndrome (proteinuria, hematuria, cyli-ndruria) 2 weeks after a case of tonsilli-tis, which is a sign of affected glomerular basement membrane in the kidneys. What mechanism is the most likely to cause the basement membrane damage?",tonsilli-tis,"A 12-year-old child developed nephri-tic syndrome (proteinuria, hematuria, cyli-ndruria) 2 weeks after a case of tonsillitis, which is a sign of affected glomerular basement membrane in the kidneys. What mechanism is the most likely to cause the basement membrane damage?",BROKEN_WORD_HYPHENATION,HIGH,AUTO_APPROVED,YES,
77,2016,Pathophysiology,question,Due to destruction of certain structures of the brainstem an animal has lost its ori-entation reflexes in response to strong light stimuli. What structures were destroyed?,ori-entation,Due to destruction of certain structures of the brainstem an animal has lost its orientation reflexes in response to strong light stimuli. What structures were destroyed?,BROKEN_WORD_HYPHENATION,HIGH,AUTO_APPROVED,YES,
79,2016,Pathophysiology,question,An uconscious young man in the state of morphine intoxication has been delivered into an admission room. The patient’s respiration is slow and shallow due to suppressi-on of the respiratory center. What kind of respiratory failure occurred in this case?,suppressi-on,An uconscious young man in the state of morphine intoxication has been delivered into an admission room. The patient’s respiration is slow and shallow due to suppression of the respiratory center. What kind of respiratory failure occurred in this case?,BROKEN_WORD_HYPHENATION,HIGH,AUTO_APPROVED,YES,
865,2017,Normal Phisiology,question,A 3-year-old boy with pronounced hemorrhagic syndrome has no anti-hemophilic globulin A (factor VIII) in the blood plasma. Hemostasis has been impai-red at the following stage:,impai-red,A 3-year-old boy with pronounced hemorrhagic syndrome has no anti-hemophilic globulin A (factor VIII) in the blood plasma. Hemostasis has been impaired at the following stage:,BROKEN_WORD_HYPHENATION,HIGH,AUTO_APPROVED,YES,
868,2017,Normal Phisiology,question,"Investigation of an isolated cardi-ac myocyte determined that it does not generate excitation impulses automati-cally, which means this cardiac myocyte was obtained from the following cardiac structure:",cardi-ac,"Investigation of an isolated cardiac myocyte determined that it does not generate excitation impulses automati-cally, which means this cardiac myocyte was obtained from the following cardiac structure:",BROKEN_WORD_HYPHENATION,HIGH,AUTO_APPROVED,YES,
868,2017,Normal Phisiology,question,"Investigation of an isolated cardi-ac myocyte determined that it does not generate excitation impulses automati-cally, which means this cardiac myocyte was obtained from the following cardiac structure:",automati-cally,"Investigation of an isolated cardi-ac myocyte determined that it does not generate excitation impulses automatically, which means this cardiac myocyte was obtained from the following cardiac structure:",BROKEN_WORD_HYPHENATION,HIGH,AUTO_APPROVED,YES,
869,2017,Normal Phisiology,question,"A man presents with glomerular fi-ltration rate of 180 ml/min., while norm is ± 25 ml/min. The likely cause of it is the",fi-ltration,"A man presents with glomerular filtration rate of 180 ml/min., while norm is ± 25 ml/min. The likely cause of it is the",BROKEN_WORD_HYPHENATION,HIGH,AUTO_APPROVED,YES,
873,2017,Normal Phisiology,question,"During experiment a skeletal muscle is being stimulated with a series of electrical impulses. What type of muscular contracti-on will develop, if each following impulse occurs within the relaxation period after the previous single contraction of the muscle?",contracti-on,"During experiment a skeletal muscle is being stimulated with a series of electrical impulses. What type of muscular contraction will develop, if each following impulse occurs within the relaxation period after the previous single contraction of the muscle?",BROKEN_WORD_HYPHENATION,HIGH,AUTO_APPROVED,YES,
875,2017,Normal Phisiology,question,"Blood test of an athlete shows the following: erythrocytes - 5, 5 · 1012/l, hemoglobin - 180 g/l, leukocytes - 7 · 109/l, neutrophils - 64%, basophils - 0,5%, eosinophils - 0,5%, monocytes - 8%, lymphocytes - 27%. These values primari-ly indicate the stimulation of:",primari-ly,"Blood test of an athlete shows the following: erythrocytes - 5, 5 · 1012/l, hemoglobin - 180 g/l, leukocytes - 7 · 109/l, neutrophils - 64%, basophils - 0,5%, eosinophils - 0,5%, monocytes - 8%, lymphocytes - 27%. These values primarily indicate the stimulation of:",BROKEN_WORD_HYPHENATION,HIGH,AUTO_APPROVED,YES,
884,2017,Normal Phisiology,question,"A 30-year-old woman developed the si-gns of virilism (body hair growth, balding temples, disturbed menstrual cycle). What hormone can cause this condition when hyperproduced?",si-gns,"A 30-year-old woman developed the signs of virilism (body hair growth, balding temples, disturbed menstrual cycle). What hormone can cause this condition when hyperproduced?",BROKEN_WORD_HYPHENATION,HIGH,AUTO_APPROVED,YES,
889,2017,Normal Phisiology,question,"Determining a patient’s blood group with monoclonal test-reagents revealed positive agglutination reaction to anti-A and anti- B reagents, and negative reacti-on to anti-D. What blood group does this patient have?",reacti-on,"Determining a patient’s blood group with monoclonal test-reagents revealed positive agglutination reaction to anti-A and anti- B reagents, and negative reaction to anti-D. What blood group does this patient have?",BROKEN_WORD_HYPHENATION,HIGH,AUTO_APPROVED,YES,
894,2016,Normal Phisiology,question,Due to destruction of certain structures of the brainstem an animal has lost its ori-entation reflexes in response to strong light stimuli. What structures were destroyed?,ori-entation,Due to destruction of certain structures of the brainstem an animal has lost its orientation reflexes in response to strong light stimuli. What structures were destroyed?,BROKEN_WORD_HYPHENATION,HIGH,AUTO_APPROVED,YES,
90,2016,Pathophysiology,question,After an extended treatment wi-th sulfanamides a patient has developed macrocytic anemia. Production of active forms of the following vitamin is disrupted in such a condition:,wi-th,After an extended treatment with sulfanamides a patient has developed macrocytic anemia. Production of active forms of the following vitamin is disrupted in such a condition:,BROKEN_WORD_HYPHENATION,HIGH,AUTO_APPROVED,YES,
91,2016,Pathophysiology,question,"When ascending to the top of Elbrus, a mountain climber experiences oxygen starvation, dyspnea, palpitations, and numbness of the extremities. What kind of hypoxia has developed in the mountain cli-mber?",cli-mber,"When ascending to the top of Elbrus, a mountain climber experiences oxygen starvation, dyspnea, palpitations, and numbness of the extremities. What kind of hypoxia has developed in the mountain climber?",BROKEN_WORD_HYPHENATION,HIGH,AUTO_APPROVED,YES,
911,2015,Normal Phisiology,question,A laboratory experiment on a dog was used to study central parts of audi-tory system. One of the mesencephalon structures was destroyed. The dog has lost the orienting response to auditory signals. What structure was destroyed?,audi-tory,A laboratory experiment on a dog was used to study central parts of auditory system. One of the mesencephalon structures was destroyed. The dog has lost the orienting response to auditory signals. What structure was destroyed?,BROKEN_WORD_HYPHENATION,HIGH,AUTO_APPROVED,YES,
914,2015,Normal Phisiology,question,When measuring power inputs of a person by the method of indirect calori-metry the following results were obtained: oxygen consumption is 1000 ml and carbon dioxide production is 800 ml per minute. The person under examination has the following,calori-metry,When measuring power inputs of a person by the method of indirect calorimetry the following results were obtained: oxygen consumption is 1000 ml and carbon dioxide production is 800 ml per minute. The person under examination has the following,BROKEN_WORD_HYPHENATION,HIGH,AUTO_APPROVED,YES,
915,2015,Normal Phisiology,question,A patient is diagnosed with hereditary coagulopathy that is characterised by factor VIII deficiency. Specify the phase of blood clotting during which coagulation will be di-srupted in the given case:,di-srupted,A patient is diagnosed with hereditary coagulopathy that is characterised by factor VIII deficiency. Specify the phase of blood clotting during which coagulation will be disrupted in the given case:,BROKEN_WORD_HYPHENATION,HIGH,AUTO_APPROVED,YES,
92,2016,Pathophysiology,question,"A 62-year-old patient has been hospi-talized due to massive cerebral hemorrhage. Blood pressure is 70/30 mm Hg, heart rate is 120/min., respiratory rate is 4/min., unconscious, no response to external sti-muli. Such condition can be determined as:",hospi-talized,"A 62-year-old patient has been hospitalized due to massive cerebral hemorrhage. Blood pressure is 70/30 mm Hg, heart rate is 120/min., respiratory rate is 4/min., unconscious, no response to external sti-muli. Such condition can be determined as:",BROKEN_WORD_HYPHENATION,HIGH,AUTO_APPROVED,YES,
92,2016,Pathophysiology,question,"A 62-year-old patient has been hospi-talized due to massive cerebral hemorrhage. Blood pressure is 70/30 mm Hg, heart rate is 120/min., respiratory rate is 4/min., unconscious, no response to external sti-muli. Such condition can be determined as:",sti-muli,"A 62-year-old patient has been hospi-talized due to massive cerebral hemorrhage. Blood pressure is 70/30 mm Hg, heart rate is 120/min., respiratory rate is 4/min., unconscious, no response to external stimuli. Such condition can be determined as:",BROKEN_WORD_HYPHENATION,HIGH,AUTO_APPROVED,YES,
922,2015,Normal Phisiology,question,During determining the blood group according to the AB0 system with salt soluti-ons of monoclonal antibodies agglutination did not occur with any of the solutions. What blood group is it?,soluti-ons,During determining the blood group according to the AB0 system with salt solutions of monoclonal antibodies agglutination did not occur with any of the solutions. What blood group is it?,BROKEN_WORD_HYPHENATION,HIGH,AUTO_APPROVED,YES,
925,2015,Normal Phisiology,question,"Microelectrode analysis of nerve fi-ber biolectrical activity revealed, that its membrane potential equals 90 mV. Its initial rest potential was 85 mV. What process occurs in this case?",fi-ber,"Microelectrode analysis of nerve fiber biolectrical activity revealed, that its membrane potential equals 90 mV. Its initial rest potential was 85 mV. What process occurs in this case?",BROKEN_WORD_HYPHENATION,HIGH,AUTO_APPROVED,YES,
927,2015,Normal Phisiology,question,"Determining a patient’s blood group with monoclonal test-reagents revealed positi-ve agglutination reaction to anti-A and anti- B reagents, and negative reaction to anti-D. What blood group does this patient have?",positi-ve,"Determining a patient’s blood group with monoclonal test-reagents revealed positive agglutination reaction to anti-A and anti- B reagents, and negative reaction to anti-D. What blood group does this patient have?",BROKEN_WORD_HYPHENATION,HIGH,AUTO_APPROVED,YES,
929,2015,Normal Phisiology,question,A soldier with explosion-caused trauma was delivered to a hospital. Examinati-on revealed his tympanic membrane to be intact. What defense reflex prevented the tympanic membrane from rupturing?,Examinati-on,A soldier with explosion-caused trauma was delivered to a hospital. Examination revealed his tympanic membrane to be intact. What defense reflex prevented the tympanic membrane from rupturing?,BROKEN_WORD_HYPHENATION,HIGH,AUTO_APPROVED,YES,
975,2012,Normal Phisiology,question,A 30 year old woman has subnormal concentration of enzymes in the pancreatic juice. This might be caused by the hyposecretion of the following gastroi-ntestinal hormone:,gastroi-ntestinal,A 30 year old woman has subnormal concentration of enzymes in the pancreatic juice. This might be caused by the hyposecretion of the following gastrointestinal hormone:,BROKEN_WORD_HYPHENATION,HIGH,AUTO_APPROVED,YES,
99,2016,Pathophysiology,question,An athlete (long-distance runner) during a contest developed a case of acute cardi-ac insufficiency. This pathology resulted from:,cardi-ac,An athlete (long-distance runner) during a contest developed a case of acute cardiac insufficiency. This pathology resulted from:,BROKEN_WORD_HYPHENATION,HIGH,AUTO_APPROVED,YES,
1061,2009,Normal Phisiology,answer_1,"B , α (I I I ) Rh −",,"B, α (I I I ) Rh −",SPACE_BEFORE_PUNCTUATION,HIGH,AUTO_APPROVED,YES,
1061,2009,Normal Phisiology,answer_2,"A , β (I I ) Rh −",,"A, β (I I ) Rh −",SPACE_BEFORE_PUNCTUATION,HIGH,AUTO_APPROVED,YES,
1061,2009,Normal Phisiology,answer_3,"0, α, β , (I ) Rh +",,"0, α, β, (I ) Rh +",SPACE_BEFORE_PUNCTUATION,HIGH,AUTO_APPROVED,YES,
1075,2008,Normal Phisiology,question,Rest potential of a cell equals − 80 mV . At what stage of action potential did the membrane potential equal +30 mV ?,,Rest potential of a cell equals − 80 mV. At what stage of action potential did the membrane potential equal +30 mV?,SPACE_BEFORE_PUNCTUATION,HIGH,AUTO_APPROVED,YES,
1080,2008,Normal Phisiology,question,"Workers of a hothouse farm work under conditions of unfavourable microclimate: air temperature is +37o C , relative humidity is 90%, air speed is 0,2 m/s. The way of heat emission under these conditions will be:",,"Workers of a hothouse farm work under conditions of unfavourable microclimate: air temperature is +37o C, relative humidity is 90%, air speed is 0,2 m/s. The way of heat emission under these conditions will be:",SPACE_BEFORE_PUNCTUATION,HIGH,AUTO_APPROVED,YES,
1083,2007,Normal Phisiology,question,"A lightly dressed man is standing in a room, air temperature is +140C , windows and doors are closed. In what way does he emit heat the most actively?",,"A lightly dressed man is standing in a room, air temperature is +140C, windows and doors are closed. In what way does he emit heat the most actively?",SPACE_BEFORE_PUNCTUATION,HIGH,AUTO_APPROVED,YES,
1212,2021,Normal Phisiology,answer_4,Increased secretion :c me oeroids,,Increased secretion:c me oeroids,SPACE_BEFORE_PUNCTUATION,HIGH,AUTO_APPROVED,YES,
1254,2017,Microbiology,question,On examination of a 6-year-old child the doctor noticed grayish film on the child’s tonsils. Microscopy of the smears stained by Neisser method detected there Corynebacterium diphtheriae . What morphologic feature was the most indicati-ve for determining the type of the agent?,,On examination of a 6-year-old child the doctor noticed grayish film on the child’s tonsils. Microscopy of the smears stained by Neisser method detected there Corynebacterium diphtheriae. What morphologic feature was the most indicati-ve for determining the type of the agent?,SPACE_BEFORE_PUNCTUATION,HIGH,AUTO_APPROVED,YES,
1287,2015,Microbiology,question,"A child is 10 years old. The followi-ng presentations have developed: sharp pain during swallowing, swollen neck, body temperature rise up to 39, 0o C , bright-red finely papular rash all over the body. Pharynx and tonsils are sharply hyperemic (""flaming pharynx""), ""crimson tongue"". On the tonsi-ls surface there are isolated greyish necrosis focuses. What disease it might be?",,"A child is 10 years old. The followi-ng presentations have developed: sharp pain during swallowing, swollen neck, body temperature rise up to 39, 0o C, bright-red finely papular rash all over the body. Pharynx and tonsils are sharply hyperemic (""flaming pharynx""), ""crimson tongue"". On the tonsi-ls surface there are isolated greyish necrosis focuses. What disease it might be?",SPACE_BEFORE_PUNCTUATION,HIGH,AUTO_APPROVED,YES,
1297,2015,Microbiology,question,In winter a 3-year-old child has sharp rise of body temperature up to 40o C . Hemorrhagic rash is observed on the skin and mucosa. Bean-shaped gram-negative microorganisms situated in pairs are detected in the blood. What provisional diagnosis can be made?,,In winter a 3-year-old child has sharp rise of body temperature up to 40o C. Hemorrhagic rash is observed on the skin and mucosa. Bean-shaped gram-negative microorganisms situated in pairs are detected in the blood. What provisional diagnosis can be made?,SPACE_BEFORE_PUNCTUATION,HIGH,AUTO_APPROVED,YES,
1298,2015,Microbiology,question,"A 9-year-old boy has acute onset of disease: sore throat, body temperature rise up to 39, 5o C ; on the second day diffuse skin rash was detected all over his skin exept for nasolabial triangle. On examination of oral cavity: crimson tongue, ""flaming pharynx"", necrotic tonsillitis. What diagnosis is the most likely?",,"A 9-year-old boy has acute onset of disease: sore throat, body temperature rise up to 39, 5o C; on the second day diffuse skin rash was detected all over his skin exept for nasolabial triangle. On examination of oral cavity: crimson tongue, ""flaming pharynx"", necrotic tonsillitis. What diagnosis is the most likely?",SPACE_BEFORE_PUNCTUATION,HIGH,AUTO_APPROVED,YES,
1306,2014,Microbiology,question,"A 10-year-old child has painful swallowing, neck edema, temperature rise up to 39, 0o C , the whole body is covered with bright- red petechial rash. Back of the throat and tonsils are hyperemic, the tongue is crimson-colored. Tonsillar surface is covered with isolated grayish-colored necrosis nidi. What disease is it?",,"A 10-year-old child has painful swallowing, neck edema, temperature rise up to 39, 0o C, the whole body is covered with bright- red petechial rash. Back of the throat and tonsils are hyperemic, the tongue is crimson-colored. Tonsillar surface is covered with isolated grayish-colored necrosis nidi. What disease is it?",SPACE_BEFORE_PUNCTUATION,HIGH,AUTO_APPROVED,YES,
1318,2013,Microbiology,question,"A 50-year-old patient has been administered laevomycetin for the treatment of typhoid fever, but on the next day the patient’s condition worsened, the temperature rose to 39, 60C . The deterioration of the patient’s condition can be explained by:",,"A 50-year-old patient has been administered laevomycetin for the treatment of typhoid fever, but on the next day the patient’s condition worsened, the temperature rose to 39, 60C. The deterioration of the patient’s condition can be explained by:",SPACE_BEFORE_PUNCTUATION,HIGH,AUTO_APPROVED,YES,
1325,2013,Microbiology,question,"A patient has been admitted to the infectious diseases department for malaise, fever up to 38o C , jaundice. A few months ago, the patient underwent blood transfusion. The doctor suspected viral hepatitis B. What are the principal methods of laboratory diagnosis of hepatitis B?",,"A patient has been admitted to the infectious diseases department for malaise, fever up to 38o C, jaundice. A few months ago, the patient underwent blood transfusion. The doctor suspected viral hepatitis B. What are the principal methods of laboratory diagnosis of hepatitis B?",SPACE_BEFORE_PUNCTUATION,HIGH,AUTO_APPROVED,YES,
1330,2013,Microbiology,question,"In the surgical ward, the dressing material was undergoing sterilization in an autoclave. Through an oversight of a nurse the mode of sterilization was changed and the temperature in the autoclave reached only 100o C instead of the due 120OC . What microorganisms can stay viable under these conditions?",,"In the surgical ward, the dressing material was undergoing sterilization in an autoclave. Through an oversight of a nurse the mode of sterilization was changed and the temperature in the autoclave reached only 100o C instead of the due 120OC. What microorganisms can stay viable under these conditions?",SPACE_BEFORE_PUNCTUATION,HIGH,AUTO_APPROVED,YES,
1355,2011,Microbiology,question,"After transfusion of 200 ml of blood a patient presented with body temperature rise up to 37, 9o C . Which of the following substances is the most likely cause of temperature rise?",,"After transfusion of 200 ml of blood a patient presented with body temperature rise up to 37, 9o C. Which of the following substances is the most likely cause of temperature rise?",SPACE_BEFORE_PUNCTUATION,HIGH,AUTO_APPROVED,YES,
1535,2017,Anatomy,question,During cholecystectomy besides a. cystyca another artery was pulled into the ligature. Ligation of this artery resulted in right-sided necrosis of the liver which led to the death of the patient. What artery was mistakenly ligated along with a. cystyca ?,,During cholecystectomy besides a. cystyca another artery was pulled into the ligature. Ligation of this artery resulted in right-sided necrosis of the liver which led to the death of the patient. What artery was mistakenly ligated along with a. cystyca?,SPACE_BEFORE_PUNCTUATION,HIGH,AUTO_APPROVED,YES,
1539,2017,Anatomy,question,"Histological specimen of the ovary shows large hollow structures. Primary oocyte within these structures is surrounded with transparent membrane and radiati-ng crown and is situated in the cumulus oophorus , the wall is made of follicular cell layer and theca. What ovarian structure can be characterized by these morphological features?",,"Histological specimen of the ovary shows large hollow structures. Primary oocyte within these structures is surrounded with transparent membrane and radiati-ng crown and is situated in the cumulus oophorus, the wall is made of follicular cell layer and theca. What ovarian structure can be characterized by these morphological features?",SPACE_BEFORE_PUNCTUATION,HIGH,AUTO_APPROVED,YES,
1547,2017,Anatomy,question,A woman suffers from tonsillitis complicated with retropharyngeal abscess that is localized in the spatium retrovi-scerale . In this case the suppurative process can spread to the:,,A woman suffers from tonsillitis complicated with retropharyngeal abscess that is localized in the spatium retrovi-scerale. In this case the suppurative process can spread to the:,SPACE_BEFORE_PUNCTUATION,HIGH,AUTO_APPROVED,YES,
1578,2016,Anatomy,question,During appendectomy a patient had the a. appendicularis ligated . This vessel branches from the following artery:,,During appendectomy a patient had the a. appendicularis ligated. This vessel branches from the following artery:,SPACE_BEFORE_PUNCTUATION,HIGH,AUTO_APPROVED,YES,
195,2012,Pathophysiology,question,"After the traumatic tooth extraction a patient is complaining of acute, dull, poorlylocalized pain in gingiva, body temperature rise up to 37, 5o C . The patient has been diagnosed with alveolitis. Specify the kind of pain in this patient:",,"After the traumatic tooth extraction a patient is complaining of acute, dull, poorlylocalized pain in gingiva, body temperature rise up to 37, 5o C. The patient has been diagnosed with alveolitis. Specify the kind of pain in this patient:",SPACE_BEFORE_PUNCTUATION,HIGH,AUTO_APPROVED,YES,
2172,2015,Biology,question,"An 18-year-old woman has body disproportion, wing-like folds on the skin of her neck, underdeveloped ovaries, nuclei of her buccal epithelium cells have no Barr bodies. Dermatoglyphics method revealed that her adt angle is 66o . What provisional diagnosis can be made in this case?",,"An 18-year-old woman has body disproportion, wing-like folds on the skin of her neck, underdeveloped ovaries, nuclei of her buccal epithelium cells have no Barr bodies. Dermatoglyphics method revealed that her adt angle is 66o. What provisional diagnosis can be made in this case?",SPACE_BEFORE_PUNCTUATION,HIGH,AUTO_APPROVED,YES,
2289,2021,Biology,question,A mutation has occurred :n a cell in the first exon of the structural cene. The number of nucleotide pair's changed from 290 to 250.,,,SPACE_BEFORE_PUNCTUATION,HIGH,VALIDATED_NOT_AUTO,NO,
2386,2007,Histology,question,80. Histological specimen of a hemopoietic organ shows clusters of node-and band- shaped lymphocytes that along with stroma elements compose cortical and medullar substances .Name this organ:,,,SPACE_BEFORE_PUNCTUATION,HIGH,VALIDATED_NOT_AUTO,NO,
245,2011,Pathophysiology,question,A 25-year-old man has spent a long time in the sun under high air humidity. As a result of it his body temperature rose up to 39o C . What pathological process is it?,,A 25-year-old man has spent a long time in the sun under high air humidity. As a result of it his body temperature rose up to 39o C. What pathological process is it?,SPACE_BEFORE_PUNCTUATION,HIGH,AUTO_APPROVED,YES,
2624,2012,Biochemistry,question,To prevent postoperative bleeding a 6-year-old child was administered vicasol that is a synthetic analogue of vitamin K . Name posttranslational changes of blood coagulation factors that will be activated by vicasol:,,To prevent postoperative bleeding a 6-year-old child was administered vicasol that is a synthetic analogue of vitamin K. Name posttranslational changes of blood coagulation factors that will be activated by vicasol:,SPACE_BEFORE_PUNCTUATION,HIGH,AUTO_APPROVED,YES,
2726,2008,Biochemistry,question,Plasmic factors of blood coagulation are exposed to posttranslational modification with the participation of vitamin K . It is necessary as a cofactor in the enzyme system of γ -carboxylation of protein factors of blood coagulation due to the increased affinity of their molecules with calcium ions. What amino acid is carboxylated in these proteins?,,Plasmic factors of blood coagulation are exposed to posttranslational modification with the participation of vitamin K. It is necessary as a cofactor in the enzyme system of γ -carboxylation of protein factors of blood coagulation due to the increased affinity of their molecules with calcium ions. What amino acid is carboxylated in these proteins?,SPACE_BEFORE_PUNCTUATION,HIGH,AUTO_APPROVED,YES,
2744,2007,Biochemistry,answer_1,"Lack of linoleic acid, vitamins A , D , E ,K",,"Lack of linoleic acid, vitamins A, D, E,K",SPACE_BEFORE_PUNCTUATION,HIGH,AUTO_APPROVED,YES,
2744,2007,Biochemistry,answer_3,"Lack of vitamins P P , H",,"Lack of vitamins P P, H",SPACE_BEFORE_PUNCTUATION,HIGH,AUTO_APPROVED,YES,
2751,2007,Biochemistry,question,To prevent postoperative bleeding a 6 y.o. child was administered vicasol that is a synthetic analogue of vitamin K . Name posttranslational changes of blood coagulation factors that will be activated by vicasol:,,To prevent postoperative bleeding a 6 y.o. child was administered vicasol that is a synthetic analogue of vitamin K. Name posttranslational changes of blood coagulation factors that will be activated by vicasol:,SPACE_BEFORE_PUNCTUATION,HIGH,AUTO_APPROVED,YES,
2766,2010,Biochemistry,question,"A 48 year old patient complained about intense pain, slight swelling and reddening of skin over the joints, temperature rise up to 38o C . Blood analysis revealed high concentration of urates. This condition might be caused by disturbed metabolism of:",,"A 48 year old patient complained about intense pain, slight swelling and reddening of skin over the joints, temperature rise up to 38o C. Blood analysis revealed high concentration of urates. This condition might be caused by disturbed metabolism of:",SPACE_BEFORE_PUNCTUATION,HIGH,AUTO_APPROVED,YES,
2774,2010,Biochemistry,question,"A 25 year old Palestinian woman complains of weakness, dizziness, dyspnea. In anamnesis: periodically exacerbating anemia. In blood: Hb - 60 g/l, erythrocytes 2, 5 · 1012/l, reticulocytes - 35o / oo , anisocytosis and poikilocytosis of erythrocytes, a lot of target cells and polychromatophils. What type of anemia is it?",,"A 25 year old Palestinian woman complains of weakness, dizziness, dyspnea. In anamnesis: periodically exacerbating anemia. In blood: Hb - 60 g/l, erythrocytes 2, 5 · 1012/l, reticulocytes - 35o / oo, anisocytosis and poikilocytosis of erythrocytes, a lot of target cells and polychromatophils. What type of anemia is it?",SPACE_BEFORE_PUNCTUATION,HIGH,AUTO_APPROVED,YES,
283,2008,Pathophysiology,question,"2 years ago a patient underwent resection of pyloric part of stomach. He complains of weakness, periodical dark shadows beneath his eyes, dyspnea. In blood: Hb - 70 g/l, erythrocytes - 3, 0 · 1012/l , colour index - 0,7. What changes of erythrocytes in blood smears are the most typical for this condition?",,"2 years ago a patient underwent resection of pyloric part of stomach. He complains of weakness, periodical dark shadows beneath his eyes, dyspnea. In blood: Hb - 70 g/l, erythrocytes - 3, 0 · 1012/l, colour index - 0,7. What changes of erythrocytes in blood smears are the most typical for this condition?",SPACE_BEFORE_PUNCTUATION,HIGH,AUTO_APPROVED,YES,
331,2007,Pathophysiology,question,"A 23 y.o. patient complains of weakness, temperature rise up to 38 − 0C . Objectively: liver and spleen are enlarged. Hemogram: Hb- 100 g/l, erythrocytes - 2, 9 · 1012/l, leukocytes - 4, 4 · 109/l, thrombocytes - 48 · 109/ l, segmentonuclear neutrophils - 17%, lymphocytes - 15%, blast cells - 68%. All cytochemical reactions are negative. Make a hematological conclusion:",,"A 23 y.o. patient complains of weakness, temperature rise up to 38 − 0C. Objectively: liver and spleen are enlarged. Hemogram: Hb- 100 g/l, erythrocytes - 2, 9 · 1012/l, leukocytes - 4, 4 · 109/l, thrombocytes - 48 · 109/ l, segmentonuclear neutrophils - 17%, lymphocytes - 15%, blast cells - 68%. All cytochemical reactions are negative. Make a hematological conclusion:",SPACE_BEFORE_PUNCTUATION,HIGH,AUTO_APPROVED,YES,
342,2010,Pathophysiology,question,"A 25 year old Palestinian woman complains of weakness, dizziness, dyspnea. In anamnesis: periodically exacerbating anemia. In blood: Hb - 60 g/l, erythrocytes 2, 5 · 1012/l, reticulocytes - 35o / oo , anisocytosis and poikilocytosis of erythrocytes, a lot of target cells and polychromatophils. What type of anemia is it?",,"A 25 year old Palestinian woman complains of weakness, dizziness, dyspnea. In anamnesis: periodically exacerbating anemia. In blood: Hb - 60 g/l, erythrocytes 2, 5 · 1012/l, reticulocytes - 35o / oo, anisocytosis and poikilocytosis of erythrocytes, a lot of target cells and polychromatophils. What type of anemia is it?",SPACE_BEFORE_PUNCTUATION,HIGH,AUTO_APPROVED,YES,
354,2010,Pathophysiology,question,A 25 year old man has spent a long time in the sun under high air humidity. As a result of it his body temperature rose up to 39o C . What pathological process is it?,,A 25 year old man has spent a long time in the sun under high air humidity. As a result of it his body temperature rose up to 39o C. What pathological process is it?,SPACE_BEFORE_PUNCTUATION,HIGH,AUTO_APPROVED,YES,
421,2020,Pathophysiology,question,Clinical blood testing is recommended to be done in the morning and on an empty stomach. What change in the blood composition is likely if a blood sample was obtained after a meal? .,,,SPACE_BEFORE_PUNCTUATION,HIGH,VALIDATED_NOT_AUTO,NO,
50,2017,Pathophysiology,question,"A patient with pneumonia has body temperature of 39,2o C . What cells are the main producers of endogenous pyrogen that had caused such temperature rise?",,"A patient with pneumonia has body temperature of 39,2o C. What cells are the main producers of endogenous pyrogen that had caused such temperature rise?",SPACE_BEFORE_PUNCTUATION,HIGH,AUTO_APPROVED,YES,
536,2016,Pathomorphology,question,"A 7-year-old child has acute onset of di-sease: temperature rise up to 38o C , rhinitis, cough, lacrimation, and large-spot rash on the skin. Pharyngeal mucosa is edematous, hyperemic, with whitish spots in the buccal area. What kind of inflammation caused the changes in the buccal mucosa?",,"A 7-year-old child has acute onset of di-sease: temperature rise up to 38o C, rhinitis, cough, lacrimation, and large-spot rash on the skin. Pharyngeal mucosa is edematous, hyperemic, with whitish spots in the buccal area. What kind of inflammation caused the changes in the buccal mucosa?",SPACE_BEFORE_PUNCTUATION,HIGH,AUTO_APPROVED,YES,
555,2015,Pathomorphology,question,"A 7-year-old child has acute onset of di-sease: temperature rise up to 38o C , rhinitis, cough, lacrimation, and large-spot rash on the skin. Pharyngeal mucosa is edematous, hyperemic, with whitish spots in the buccal area. What kind of inflammation causes the changes in the buccal mucosa?",,"A 7-year-old child has acute onset of di-sease: temperature rise up to 38o C, rhinitis, cough, lacrimation, and large-spot rash on the skin. Pharyngeal mucosa is edematous, hyperemic, with whitish spots in the buccal area. What kind of inflammation causes the changes in the buccal mucosa?",SPACE_BEFORE_PUNCTUATION,HIGH,AUTO_APPROVED,YES,
559,2015,Pathomorphology,question,"A child is 10 years old. The followi-ng presentations have developed: sharp pain during swallowing, swollen neck, body temperature rise up to 39, 0o C , bright-red fi-nely papular rash all over the body. Pharynx and tonsils are sharply hyperemic (""flaming pharynx""), ""crimson tongue"". On the tonsi-ls surface there are isolated greyish necrosis focuses. What disease it might be?",,"A child is 10 years old. The followi-ng presentations have developed: sharp pain during swallowing, swollen neck, body temperature rise up to 39, 0o C, bright-red fi-nely papular rash all over the body. Pharynx and tonsils are sharply hyperemic (""flaming pharynx""), ""crimson tongue"". On the tonsi-ls surface there are isolated greyish necrosis focuses. What disease it might be?",SPACE_BEFORE_PUNCTUATION,HIGH,AUTO_APPROVED,YES,
575,2015,Pathomorphology,question,"A 9-year-old boy has acute onset of di-sease: sore throat, body temperature rise up to 39, 5o C ; on the second day diffuse skin rash was detected all over his skin exept for nasolabial triangle. On examination of oral cavity: crimson tongue, ""flaming pharynx"", necrotic tonsillitis. What diagnosis is the most likely?",,"A 9-year-old boy has acute onset of di-sease: sore throat, body temperature rise up to 39, 5o C; on the second day diffuse skin rash was detected all over his skin exept for nasolabial triangle. On examination of oral cavity: crimson tongue, ""flaming pharynx"", necrotic tonsillitis. What diagnosis is the most likely?",SPACE_BEFORE_PUNCTUATION,HIGH,AUTO_APPROVED,YES,
584,2014,Pathomorphology,question,"A 10-year-old child has painful swallowing, neck edema, temperature rise up to 39, 0o C , the whole body is covered with bright-red petechial rash. Back of the throat and tonsils are hyperemic, the tongue is crimson-colored. Tonsillar surface is covered with isolated grayish-colored necrosis nidi. What disease is it?",,"A 10-year-old child has painful swallowing, neck edema, temperature rise up to 39, 0o C, the whole body is covered with bright-red petechial rash. Back of the throat and tonsils are hyperemic, the tongue is crimson-colored. Tonsillar surface is covered with isolated grayish-colored necrosis nidi. What disease is it?",SPACE_BEFORE_PUNCTUATION,HIGH,AUTO_APPROVED,YES,
701,2008,Pathomorphology,question,"A 17 year old boy fell seriously ill, the body temperature rose up to 38, 5o C , there appeared cough, rhinitis, lacrimation, nasal discharges. What inflammation is it?",,"A 17 year old boy fell seriously ill, the body temperature rose up to 38, 5o C, there appeared cough, rhinitis, lacrimation, nasal discharges. What inflammation is it?",SPACE_BEFORE_PUNCTUATION,HIGH,AUTO_APPROVED,YES,
714,2008,Pathomorphology,question,For the purpose of myocardium infarction treatment a patient was injected with embryonal stem cells derived from this very patient by means of therapeutic cloning . What transplantation type is it?,,For the purpose of myocardium infarction treatment a patient was injected with embryonal stem cells derived from this very patient by means of therapeutic cloning. What transplantation type is it?,SPACE_BEFORE_PUNCTUATION,HIGH,AUTO_APPROVED,YES,
955,2013,Normal Phisiology,question,The temperature in a production room is 36o C . Relative air humidity is 80%. Under these conditions the human body transfers heat mainly through:,,The temperature in a production room is 36o C. Relative air humidity is 80%. Under these conditions the human body transfers heat mainly through:,SPACE_BEFORE_PUNCTUATION,HIGH,AUTO_APPROVED,YES,
1245,2017,Microbiology,topic,Immunopathology.Allergy.,,Immunopathology. Allergy.,MISSING_SPACE_AFTER_PUNCTUATION,VALIDATED,AUTO_APPROVED,YES,Passed conservative missing-space validation
1246,2017,Microbiology,topic,Rhabdoviruses.Arboviruses.,,Rhabdoviruses. Arboviruses.,MISSING_SPACE_AFTER_PUNCTUATION,VALIDATED,AUTO_APPROVED,YES,Passed conservative missing-space validation
1252,2017,Microbiology,topic,. Immunopathology.Allergy.,,. Immunopathology. Allergy.,MISSING_SPACE_AFTER_PUNCTUATION,VALIDATED,AUTO_APPROVED,YES,Passed conservative missing-space validation
1255,2017,Microbiology,topic,.Vibrio. Campylobacter. Helicobacter.,,. Vibrio. Campylobacter. Helicobacter.,MISSING_SPACE_AFTER_PUNCTUATION,VALIDATED,AUTO_APPROVED,YES,Passed conservative missing-space validation
1260,2017,Microbiology,topic,Immunopathology.Allergy.,,Immunopathology. Allergy.,MISSING_SPACE_AFTER_PUNCTUATION,VALIDATED,AUTO_APPROVED,YES,Passed conservative missing-space validation
1268,2016,Microbiology,topic,Immunopathology.Allergy,,Immunopathology. Allergy,MISSING_SPACE_AFTER_PUNCTUATION,VALIDATED,AUTO_APPROVED,YES,Passed conservative missing-space validation
1270,2016,Microbiology,topic,Immunopathology.Allergy,,Immunopathology. Allergy,MISSING_SPACE_AFTER_PUNCTUATION,VALIDATED,AUTO_APPROVED,YES,Passed conservative missing-space validation
1271,2016,Microbiology,topic,Immunopathology.Allergy,,Immunopathology. Allergy,MISSING_SPACE_AFTER_PUNCTUATION,VALIDATED,AUTO_APPROVED,YES,Passed conservative missing-space validation
1272,2016,Microbiology,topic,Immunopathology.Allergy,,Immunopathology. Allergy,MISSING_SPACE_AFTER_PUNCTUATION,VALIDATED,AUTO_APPROVED,YES,Passed conservative missing-space validation
1281,2016,Microbiology,topic,Immunopathology.Allergy,,Immunopathology. Allergy,MISSING_SPACE_AFTER_PUNCTUATION,VALIDATED,AUTO_APPROVED,YES,Passed conservative missing-space validation
1285,2015,Microbiology,topic,Immunopathology.Allergy.,,Immunopathology. Allergy.,MISSING_SPACE_AFTER_PUNCTUATION,VALIDATED,AUTO_APPROVED,YES,Passed conservative missing-space validation
1286,2015,Microbiology,topic,Immunopathology.Allergy.,,Immunopathology. Allergy.,MISSING_SPACE_AFTER_PUNCTUATION,VALIDATED,AUTO_APPROVED,YES,Passed conservative missing-space validation
1289,2015,Microbiology,topic,Immunopathology.Allergy.,,Immunopathology. Allergy.,MISSING_SPACE_AFTER_PUNCTUATION,VALIDATED,AUTO_APPROVED,YES,Passed conservative missing-space validation
1312,2014,Microbiology,topic,Rhabdoviruses.Arboviruses,,Rhabdoviruses. Arboviruses,MISSING_SPACE_AFTER_PUNCTUATION,VALIDATED,AUTO_APPROVED,YES,Passed conservative missing-space validation
1315,2013,Microbiology,topic,Immunopathology.Allergy,,Immunopathology. Allergy,MISSING_SPACE_AFTER_PUNCTUATION,VALIDATED,AUTO_APPROVED,YES,Passed conservative missing-space validation
1319,2013,Microbiology,topic,Rhabdoviruses.Arboviruses,,Rhabdoviruses. Arboviruses,MISSING_SPACE_AFTER_PUNCTUATION,VALIDATED,AUTO_APPROVED,YES,Passed conservative missing-space validation
1326,2013,Microbiology,topic,Immunopathology.Allergy.,,Immunopathology. Allergy.,MISSING_SPACE_AFTER_PUNCTUATION,VALIDATED,AUTO_APPROVED,YES,Passed conservative missing-space validation
1328,2013,Microbiology,topic,Immunopathology.Allergy,,Immunopathology. Allergy,MISSING_SPACE_AFTER_PUNCTUATION,VALIDATED,AUTO_APPROVED,YES,Passed conservative missing-space validation
1329,2013,Microbiology,topic,Immunopathology.Allergy.,,Immunopathology. Allergy.,MISSING_SPACE_AFTER_PUNCTUATION,VALIDATED,AUTO_APPROVED,YES,Passed conservative missing-space validation
1337,2012,Microbiology,topic,Immunopathology.Allergy,,Immunopathology. Allergy,MISSING_SPACE_AFTER_PUNCTUATION,VALIDATED,AUTO_APPROVED,YES,Passed conservative missing-space validation
1338,2012,Microbiology,topic,Immunopathology.Allergy,,Immunopathology. Allergy,MISSING_SPACE_AFTER_PUNCTUATION,VALIDATED,AUTO_APPROVED,YES,Passed conservative missing-space validation
1362,2011,Microbiology,topic,Rhabdoviruses.Arboviruses,,Rhabdoviruses. Arboviruses,MISSING_SPACE_AFTER_PUNCTUATION,VALIDATED,AUTO_APPROVED,YES,Passed conservative missing-space validation
1411,2007,Microbiology,topic,Immunopathology.Allergy,,Immunopathology. Allergy,MISSING_SPACE_AFTER_PUNCTUATION,VALIDATED,AUTO_APPROVED,YES,Passed conservative missing-space validation
199,2012,Pathophysiology,answer_5,.Pepsin,,. Pepsin,MISSING_SPACE_AFTER_PUNCTUATION,VALIDATED,AUTO_APPROVED,YES,Passed conservative missing-space validation
2273,2019,Biology,question,A young man has come to the genetic consultation. He complains of abnormalities in his physical and reproductive development.Microscopy of his oral mucosa cells shows one Barr body. What karyotype is the most likely in this young man?,,A young man has come to the genetic consultation. He complains of abnormalities in his physical and reproductive development. Microscopy of his oral mucosa cells shows one Barr body. What karyotype is the most likely in this young man?,MISSING_SPACE_AFTER_PUNCTUATION,VALIDATED,AUTO_APPROVED,YES,Passed conservative missing-space validation
2374,2007,Histology,question,7. An embryo displays disturbed process of dorsal mesoderm segmentation and somite formation.What part of skin will have developmental abnormalities?,,7. An embryo displays disturbed process of dorsal mesoderm segmentation and somite formation. What part of skin will have developmental abnormalities?,MISSING_SPACE_AFTER_PUNCTUATION,VALIDATED,AUTO_APPROVED,YES,Passed conservative missing-space validation
2375,2007,Histology,question,70. Histologic specimen of a kidney demonstrates cells closely adjoined to the renal corpuscle in the distal convoluted tubule.Their basement membrane is extremely thin and has no folds.These cells sense the changes in sodium content of urine and influence renin secretion occurring in juxtaglomerular cells.Name these cells:,,70. Histologic specimen of a kidney demonstrates cells closely adjoined to the renal corpuscle in the distal convoluted tubule. Their basement membrane is extremely thin and has no folds. These cells sense the changes in sodium content of urine and influence renin secretion occurring in juxtaglomerular cells. Name these cells:,MISSING_SPACE_AFTER_PUNCTUATION,VALIDATED,AUTO_APPROVED,YES,Passed conservative missing-space validation
2386,2007,Histology,question,80. Histological specimen of a hemopoietic organ shows clusters of node-and band- shaped lymphocytes that along with stroma elements compose cortical and medullar substances .Name this organ:,,80. Histological specimen of a hemopoietic organ shows clusters of node-and band- shaped lymphocytes that along with stroma elements compose cortical and medullar substances . Name this organ:,MISSING_SPACE_AFTER_PUNCTUATION,VALIDATED,AUTO_APPROVED,YES,Passed conservative missing-space validation
2491,2017,Biochemistry,topic,:Anabolism of carbohydrates,,: Anabolism of carbohydrates,MISSING_SPACE_AFTER_PUNCTUATION,VALIDATED,AUTO_APPROVED,YES,Passed conservative missing-space validation
2524,2016,Biochemistry,topic,Mechanisms of urine formation.Pathological components in urine,,Mechanisms of urine formation. Pathological components in urine,MISSING_SPACE_AFTER_PUNCTUATION,VALIDATED,AUTO_APPROVED,YES,Passed conservative missing-space validation
2555,2015,Biochemistry,topic,Mechanisms of urine formation.Pathological components in urine,,Mechanisms of urine formation. Pathological components in urine,MISSING_SPACE_AFTER_PUNCTUATION,VALIDATED,AUTO_APPROVED,YES,Passed conservative missing-space validation
2576,2014,Biochemistry,topic,Mechanisms of urine formation.Pathological components in urine,,Mechanisms of urine formation. Pathological components in urine,MISSING_SPACE_AFTER_PUNCTUATION,VALIDATED,AUTO_APPROVED,YES,Passed conservative missing-space validation
2618,2012,Biochemistry,topic,Mechanisms of urine formation.Pathological components in urine,,Mechanisms of urine formation. Pathological components in urine,MISSING_SPACE_AFTER_PUNCTUATION,VALIDATED,AUTO_APPROVED,YES,Passed conservative missing-space validation
2725,2008,Biochemistry,question,A patient had hemorrhagic stroke. Blood examination revealed strengthened kinin concentration.The patient was prescribed contrical. It was administered in order to inhibit the following proteinase:,,A patient had hemorrhagic stroke. Blood examination revealed strengthened kinin concentration. The patient was prescribed contrical. It was administered in order to inhibit the following proteinase:,MISSING_SPACE_AFTER_PUNCTUATION,VALIDATED,AUTO_APPROVED,YES,Passed conservative missing-space validation
2769,2010,Biochemistry,topic,Mechanisms of urine formation.Pathological components in urine,,Mechanisms of urine formation. Pathological components in urine,MISSING_SPACE_AFTER_PUNCTUATION,VALIDATED,AUTO_APPROVED,YES,Passed conservative missing-space validation
2846,2021,Biochemistry,question,A certain natural antioxidan is used in treatment of paradontosis.Which of the listed natural compounds is used as an antioxidant?,,A certain natural antioxidan is used in treatment of paradontosis. Which of the listed natural compounds is used as an antioxidant?,MISSING_SPACE_AFTER_PUNCTUATION,VALIDATED,AUTO_APPROVED,YES,Passed conservative missing-space validation
2881,2021,Biochemistry,question,During mental stress a hormonesensitive enzyme triacylglycerol lipase activates in fatty tissues.What secondary messenger takes part in activation of this enzyme?,,During mental stress a hormonesensitive enzyme triacylglycerol lipase activates in fatty tissues. What secondary messenger takes part in activation of this enzyme?,MISSING_SPACE_AFTER_PUNCTUATION,VALIDATED,AUTO_APPROVED,YES,Passed conservative missing-space validation
302,2008,Pathophysiology,answer_5,.Granulomatosis,,. Granulomatosis,MISSING_SPACE_AFTER_PUNCTUATION,VALIDATED,AUTO_APPROVED,YES,Passed conservative missing-space validation
308,2008,Pathophysiology,question,A patient had hemorrhagic stroke. Blood examination revealed strengthened kinin concentration.The patient was prescribed contrical. It was administered in order to inhibit the following proteinase:,,A patient had hemorrhagic stroke. Blood examination revealed strengthened kinin concentration. The patient was prescribed contrical. It was administered in order to inhibit the following proteinase:,MISSING_SPACE_AFTER_PUNCTUATION,VALIDATED,AUTO_APPROVED,YES,Passed conservative missing-space validation
616,2013,Pathomorphology,answer_5,.Antibody-dependent cell-mediated cytolysis,,. Antibody-dependent cell-mediated cytolysis,MISSING_SPACE_AFTER_PUNCTUATION,VALIDATED,AUTO_APPROVED,YES,Passed conservative missing-space validation
634,2012,Pathomorphology,question,A 38 year old man died all of a sudden.Autopsy revealed myocardial infarction in the posterior wall of the left ventricle.What are the most likely alterations in myocardiocyte structure that can be revealed microscopically in the infarction focus?,,A 38 year old man died all of a sudden. Autopsy revealed myocardial infarction in the posterior wall of the left ventricle. What are the most likely alterations in myocardiocyte structure that can be revealed microscopically in the infarction focus?,MISSING_SPACE_AFTER_PUNCTUATION,VALIDATED,AUTO_APPROVED,YES,Passed conservative missing-space validation
1033,2009,Normal Phisiology,answer_2,InsufFIcient FIbrin production,InsufFIcient,Insufficient FIbrin production,OCR_CASE_CORRUPTION,VALIDATED,AUTO_APPROVED,YES,Validated OCR case correction: InsufFIcient -> Insufficient
1043,2009,Normal Phisiology,question,After a surgery a 36-year-old woman was given an intravenous injection of concentrated albumin solution. This has induced intensiFIed water movement in the following direction:,intensiFIed,After a surgery a 36-year-old woman was given an intravenous injection of concentrated albumin solution. This has induced intensified water movement in the following direction:,OCR_CASE_CORRUPTION,VALIDATED,AUTO_APPROVED,YES,Validated OCR case correction: intensiFIed -> intensified
1044,2009,Normal Phisiology,question,"While determining power inputs of a patient’s organism it was established that the respiratory coefFIcient equaled 1,0. This means that in the cells of the patient the following substances are mainly oxidized:",coefFIcient,"While determining power inputs of a patient’s organism it was established that the respiratory coefficient equaled 1,0. This means that in the cells of the patient the following substances are mainly oxidized:",OCR_CASE_CORRUPTION,VALIDATED,AUTO_APPROVED,YES,Validated OCR case correction: coefFIcient -> coefficient
1050,2009,Normal Phisiology,question,A 32-year-old patient consulted a doctor about the absence of lactation after parturition. Such disorder might be explained by the deFIcit of the following hormone:,deFIcit,A 32-year-old patient consulted a doctor about the absence of lactation after parturition. Such disorder might be explained by the deficit of the following hormone:,OCR_CASE_CORRUPTION,VALIDATED,AUTO_APPROVED,YES,Validated OCR case correction: deFIcit -> deficit
1054,2009,Normal Phisiology,question,"A patient suffers from the haemorrhagic syndrome that shows itself in frequent nasal bleedings, posttraumatic and spontaneous intracutaneous and intraarticular haemorrhages. After a laboratory study a patient was diagnosed with the type B haemophilia. This disease is provoked by the deFIcit of the following factor of blood coagulation:",deFIcit,"A patient suffers from the haemorrhagic syndrome that shows itself in frequent nasal bleedings, posttraumatic and spontaneous intracutaneous and intraarticular haemorrhages. After a laboratory study a patient was diagnosed with the type B haemophilia. This disease is provoked by the deficit of the following factor of blood coagulation:",OCR_CASE_CORRUPTION,VALIDATED,AUTO_APPROVED,YES,Validated OCR case correction: deFIcit -> deficit
1367,2009,Microbiology,question,"Quite often the cause of secondary immunodeFIciency is an infection involvement, when the causative agents propagate directly in the cells of immune system and destroy it. The following diseases are characterized by:",immunodeFIciency,"Quite often the cause of secondary immunodeficiency is an infection involvement, when the causative agents propagate directly in the cells of immune system and destroy it. The following diseases are characterized by:",OCR_CASE_CORRUPTION,VALIDATED,AUTO_APPROVED,YES,Validated OCR case correction: immunodeFIciency -> immunodeficiency
1370,2009,Microbiology,question,While examining a patient an otolaryngologist noticed hyperaemia and signiFIcantly edematous tonsils with a grayish FIlm upon them. Microscopical examination of this FIlm revealed some grampositive bacilli placed at an angle with each other. What disease might be suspected?,signiFIcantly,While examining a patient an otolaryngologist noticed hyperaemia and significantly edematous tonsils with a grayish FIlm upon them. Microscopical examination of this FIlm revealed some grampositive bacilli placed at an angle with each other. What disease might be suspected?,OCR_CASE_CORRUPTION,VALIDATED,AUTO_APPROVED,YES,Validated OCR case correction: signiFIcantly -> significantly
1374,2009,Microbiology,question,A patient with clinical presentations of immunodeFIciency has undergone immunological tests. They revealed signiFIcant decrease in number of cells that form rosettes with sheep erythrocytes. What conclusion can be drown on the ground of the analysis data?,immunodeFIciency,A patient with clinical presentations of immunodeficiency has undergone immunological tests. They revealed signiFIcant decrease in number of cells that form rosettes with sheep erythrocytes. What conclusion can be drown on the ground of the analysis data?,OCR_CASE_CORRUPTION,VALIDATED,AUTO_APPROVED,YES,Validated OCR case correction: immunodeFIciency -> immunodeficiency
1374,2009,Microbiology,question,A patient with clinical presentations of immunodeFIciency has undergone immunological tests. They revealed signiFIcant decrease in number of cells that form rosettes with sheep erythrocytes. What conclusion can be drown on the ground of the analysis data?,signiFIcant,A patient with clinical presentations of immunodeFIciency has undergone immunological tests. They revealed significant decrease in number of cells that form rosettes with sheep erythrocytes. What conclusion can be drown on the ground of the analysis data?,OCR_CASE_CORRUPTION,VALIDATED,AUTO_APPROVED,YES,Validated OCR case correction: signiFIcant -> significant
1975,2009,Pharmacology,question,"Depressions and emotional insanities result from the deFIcit of noradrenalin, serotonin and other biogenic amines in the brain. Their concentration in the synapses can be increased by means of the antidepressants that inhibit the following enzyme:",deFIcit,"Depressions and emotional insanities result from the deficit of noradrenalin, serotonin and other biogenic amines in the brain. Their concentration in the synapses can be increased by means of the antidepressants that inhibit the following enzyme:",OCR_CASE_CORRUPTION,VALIDATED,AUTO_APPROVED,YES,Validated OCR case correction: deFIcit -> deficit
247,2009,Pathophysiology,answer_2,InsufFIcient FIbrin production,InsufFIcient,Insufficient FIbrin production,OCR_CASE_CORRUPTION,VALIDATED,AUTO_APPROVED,YES,Validated OCR case correction: InsufFIcient -> Insufficient
251,2009,Pathophysiology,question,"A female patient suffering from bronchial asthma had got a viral infection that provoked status asthmaticus with fatal outcome. Histological examination of lungs revealed spasm and edema of bronchioles, apparent inFIltration of their walls with lymphocytes, eosinophils and other leukocytes; labrocyte degranulation. What mechanism of hypersensitivity underlies the described alterations?",inFIltration,"A female patient suffering from bronchial asthma had got a viral infection that provoked status asthmaticus with fatal outcome. Histological examination of lungs revealed spasm and edema of bronchioles, apparent infiltration of their walls with lymphocytes, eosinophils and other leukocytes; labrocyte degranulation. What mechanism of hypersensitivity underlies the described alterations?",OCR_CASE_CORRUPTION,VALIDATED,AUTO_APPROVED,YES,Validated OCR case correction: inFIltration -> infiltration
260,2009,Pathophysiology,question,A 12-year-old teenager has signiFIcantly put off weight within 3 months; glucose concentration rose up to 50 millimoleł. He fell into a coma. What is the main mechanism of its development?,signiFIcantly,A 12-year-old teenager has significantly put off weight within 3 months; glucose concentration rose up to 50 millimoleł. He fell into a coma. What is the main mechanism of its development?,OCR_CASE_CORRUPTION,VALIDATED,AUTO_APPROVED,YES,Validated OCR case correction: signiFIcantly -> significantly
264,2009,Pathophysiology,question,After a disease a 16-year-old boy is presenting with decreased function of protein synthesis in the liver as a result of vitamin K deFIciency. This may cause disorder of:,deFIciency,After a disease a 16-year-old boy is presenting with decreased function of protein synthesis in the liver as a result of vitamin K deficiency. This may cause disorder of:,OCR_CASE_CORRUPTION,VALIDATED,AUTO_APPROVED,YES,Validated OCR case correction: deFIciency -> deficiency
267,2009,Pathophysiology,question,"A patient suffers from the haemorrhagic syndrome that shows itself in frequent nasal bleedings, posttraumatic and spontaneous intracutaneous and intraarticular haemorrhages. After a laboratory study a patient was diagnosed with the type B haemophilia. This disease is provoked by the deFIcit of the following factor of blood coagulation:",deFIcit,"A patient suffers from the haemorrhagic syndrome that shows itself in frequent nasal bleedings, posttraumatic and spontaneous intracutaneous and intraarticular haemorrhages. After a laboratory study a patient was diagnosed with the type B haemophilia. This disease is provoked by the deficit of the following factor of blood coagulation:",OCR_CASE_CORRUPTION,VALIDATED,AUTO_APPROVED,YES,Validated OCR case correction: deFIcit -> deficit
2679,2009,Biochemistry,question,"Products of some proteins hydrolysis and modiFIcation are the biologically active substances called hormones. Lipotropin, corticotropin, melanotropin and endorphins are synthesized in the hypophysis of the following protein:",modiFIcation,"Products of some proteins hydrolysis and modification are the biologically active substances called hormones. Lipotropin, corticotropin, melanotropin and endorphins are synthesized in the hypophysis of the following protein:",OCR_CASE_CORRUPTION,VALIDATED,AUTO_APPROVED,YES,Validated OCR case correction: modiFIcation -> modification
2682,2009,Biochemistry,question,During examination of an 11-month-old infant a pediatrician revealed osteoectasia of the lower extremities and delayed mineralization of cranial bones. Such pathology is usually provoked by the deFIcit of the following vitamin:,deFIcit,During examination of an 11-month-old infant a pediatrician revealed osteoectasia of the lower extremities and delayed mineralization of cranial bones. Such pathology is usually provoked by the deficit of the following vitamin:,OCR_CASE_CORRUPTION,VALIDATED,AUTO_APPROVED,YES,Validated OCR case correction: deFIcit -> deficit
269,2009,Pathophysiology,question,A patient with massive burns developed acute renal insufFIciency characterized by a signiFIcant and rapid deceleration of glomerular FIltration. What is the mechanism of its development?,insufFIciency,A patient with massive burns developed acute renal insufficiency characterized by a signiFIcant and rapid deceleration of glomerular FIltration. What is the mechanism of its development?,OCR_CASE_CORRUPTION,VALIDATED,AUTO_APPROVED,YES,Validated OCR case correction: insufFIciency -> insufficiency
269,2009,Pathophysiology,question,A patient with massive burns developed acute renal insufFIciency characterized by a signiFIcant and rapid deceleration of glomerular FIltration. What is the mechanism of its development?,signiFIcant,A patient with massive burns developed acute renal insufFIciency characterized by a significant and rapid deceleration of glomerular FIltration. What is the mechanism of its development?,OCR_CASE_CORRUPTION,VALIDATED,AUTO_APPROVED,YES,Validated OCR case correction: signiFIcant -> significant
2694,2009,Biochemistry,question,"A patient suffers from the haemorrhagic syndrome that shows itself in frequent nasal bleedings, posttraumatic and spontaneous intracutaneous and intraarticular haemorrhages. After a laboratory study a patient was diagnosed with the type B haemophilia. This disease is provoked by the deFIcit of the following factor of blood coagulation:",deFIcit,"A patient suffers from the haemorrhagic syndrome that shows itself in frequent nasal bleedings, posttraumatic and spontaneous intracutaneous and intraarticular haemorrhages. After a laboratory study a patient was diagnosed with the type B haemophilia. This disease is provoked by the deficit of the following factor of blood coagulation:",OCR_CASE_CORRUPTION,VALIDATED,AUTO_APPROVED,YES,Validated OCR case correction: deFIcit -> deficit
270,2009,Pathophysiology,answer_3,Acute coronary insufFIciency,insufFIciency,Acute coronary insufficiency,OCR_CASE_CORRUPTION,VALIDATED,AUTO_APPROVED,YES,Validated OCR case correction: insufFIciency -> insufficiency
270,2009,Pathophysiology,question,"A patient with severe course of respiratory viral infection presented with clinical signs of progressing heart failure that led to his death in the 2nd week of disease. Autopsy revealed that the heart cavities were signiFIcantly dilated, the heart was ßabby. Histological examination of the myocardium revealed microvascular plethora and diffuse stroma inFIltration with lymphocytes and histiocytes. What is the most likely diagnosis?",signiFIcantly,"A patient with severe course of respiratory viral infection presented with clinical signs of progressing heart failure that led to his death in the 2nd week of disease. Autopsy revealed that the heart cavities were significantly dilated, the heart was ßabby. Histological examination of the myocardium revealed microvascular plethora and diffuse stroma inFIltration with lymphocytes and histiocytes. What is the most likely diagnosis?",OCR_CASE_CORRUPTION,VALIDATED,AUTO_APPROVED,YES,Validated OCR case correction: signiFIcantly -> significantly
270,2009,Pathophysiology,question,"A patient with severe course of respiratory viral infection presented with clinical signs of progressing heart failure that led to his death in the 2nd week of disease. Autopsy revealed that the heart cavities were signiFIcantly dilated, the heart was ßabby. Histological examination of the myocardium revealed microvascular plethora and diffuse stroma inFIltration with lymphocytes and histiocytes. What is the most likely diagnosis?",inFIltration,"A patient with severe course of respiratory viral infection presented with clinical signs of progressing heart failure that led to his death in the 2nd week of disease. Autopsy revealed that the heart cavities were signiFIcantly dilated, the heart was ßabby. Histological examination of the myocardium revealed microvascular plethora and diffuse stroma infiltration with lymphocytes and histiocytes. What is the most likely diagnosis?",OCR_CASE_CORRUPTION,VALIDATED,AUTO_APPROVED,YES,Validated OCR case correction: inFIltration -> infiltration
673,2009,Pathomorphology,question,"Quite often the cause of secondary immunodeFIciency is an infection involvement, when the causative agents propagate directly in the cells of immune system and destroy it. The following diseases are characterized by:",immunodeFIciency,"Quite often the cause of secondary immunodeficiency is an infection involvement, when the causative agents propagate directly in the cells of immune system and destroy it. The following diseases are characterized by:",OCR_CASE_CORRUPTION,VALIDATED,AUTO_APPROVED,YES,Validated OCR case correction: immunodeFIciency -> immunodeficiency
674,2009,Pathomorphology,answer_4,DermatoFIbroma,DermatoFIbroma,Dermatofibroma,OCR_CASE_CORRUPTION,VALIDATED,AUTO_APPROVED,YES,Validated OCR case correction: DermatoFIbroma -> Dermatofibroma
676,2009,Pathomorphology,question,"A female patient suffering from bronchial asthma had got a viral infection that provoked status asthmaticus with fatal outcome. Histological examination of lungs revealed spasm and edema of bronchioles, apparent inFIltration of their walls with lymphocytes, eosinophils and other leukocytes; labrocyte degranulation. What mechanism of hypersensitivity underlies the described alterations?",inFIltration,"A female patient suffering from bronchial asthma had got a viral infection that provoked status asthmaticus with fatal outcome. Histological examination of lungs revealed spasm and edema of bronchioles, apparent infiltration of their walls with lymphocytes, eosinophils and other leukocytes; labrocyte degranulation. What mechanism of hypersensitivity underlies the described alterations?",OCR_CASE_CORRUPTION,VALIDATED,AUTO_APPROVED,YES,Validated OCR case correction: inFIltration -> infiltration
683,2009,Pathomorphology,question,"Autopsy of a man, who had been suffering from the multiple bronchiectasis for 5 years and died from chronic renal insufFIciency, revealed that kidneys were dense and enlarged, with thickened cortical layer of white colour with greasy lustre. What renal disease might be suspected? MSQ Крок 1 Medicine 2007-2021-PATHOMORPHOLOGY",insufFIciency,"Autopsy of a man, who had been suffering from the multiple bronchiectasis for 5 years and died from chronic renal insufficiency, revealed that kidneys were dense and enlarged, with thickened cortical layer of white colour with greasy lustre. What renal disease might be suspected? MSQ Крок 1 Medicine 2007-2021-PATHOMORPHOLOGY",OCR_CASE_CORRUPTION,VALIDATED,AUTO_APPROVED,YES,Validated OCR case correction: insufFIciency -> insufficiency
684,2009,Pathomorphology,question,"Autopsy of a 49-year-old woman who died from chronic renal insufFIciency, revealed: kidneys were dense, reduced, multicoloured, with haemorrhagic areas. Microscopic examination revealed some hematoxylin bodies in the nuclei of the renal tubule epithelium; ""wire- loop""thickening of the glomerular capillary basement membrane; here and there in the capillaries some hyaline thrombi and foci of FIbrinoid necrosis were present. What is the most likely diagnosis?",insufFIciency,"Autopsy of a 49-year-old woman who died from chronic renal insufficiency, revealed: kidneys were dense, reduced, multicoloured, with haemorrhagic areas. Microscopic examination revealed some hematoxylin bodies in the nuclei of the renal tubule epithelium; ""wire- loop""thickening of the glomerular capillary basement membrane; here and there in the capillaries some hyaline thrombi and foci of FIbrinoid necrosis were present. What is the most likely diagnosis?",OCR_CASE_CORRUPTION,VALIDATED,AUTO_APPROVED,YES,Validated OCR case correction: insufFIciency -> insufficiency
689,2009,Pathomorphology,answer_3,Acute superFIcial appendicitis,superFIcial,Acute superficial appendicitis,OCR_CASE_CORRUPTION,VALIDATED,AUTO_APPROVED,YES,Validated OCR case correction: superFIcial -> superficial
689,2009,Pathomorphology,question,"A pathologyhistology laboratory received a vermiform appendix up to 2,0 cm thick. Its serous membrane was pale, thick and covered with yellowish-green FIlms. The wall was ßaccid, of grayishred colour. The appendix lumen was dilated and FIlled with yellowish- green substance. Histological examination revealed that the appendix wall was inFIltrated with neutrophils. Specify the appendix disease:",inFIltrated,"A pathologyhistology laboratory received a vermiform appendix up to 2,0 cm thick. Its serous membrane was pale, thick and covered with yellowish-green FIlms. The wall was ßaccid, of grayishred colour. The appendix lumen was dilated and FIlled with yellowish- green substance. Histological examination revealed that the appendix wall was infiltrated with neutrophils. Specify the appendix disease:",OCR_CASE_CORRUPTION,VALIDATED,AUTO_APPROVED,YES,Validated OCR case correction: inFIltrated -> infiltrated
690,2009,Pathomorphology,question,"A patient with severe course of respiratory viral infection presented with clinical signs of progressing heart failure that led to his death in the 2nd week of disease. Autopsy revealed that the heart cavities were signiFIcantly dilated, the heart was ßabby. Histological examination of the myocardium revealed microvascular plethora and diffuse stroma inFIltration with lymphocytes and histiocytes. What is the most likely diagnosis?",signiFIcantly,"A patient with severe course of respiratory viral infection presented with clinical signs of progressing heart failure that led to his death in the 2nd week of disease. Autopsy revealed that the heart cavities were significantly dilated, the heart was ßabby. Histological examination of the myocardium revealed microvascular plethora and diffuse stroma inFIltration with lymphocytes and histiocytes. What is the most likely diagnosis?",OCR_CASE_CORRUPTION,VALIDATED,AUTO_APPROVED,YES,Validated OCR case correction: signiFIcantly -> significantly
690,2009,Pathomorphology,question,"A patient with severe course of respiratory viral infection presented with clinical signs of progressing heart failure that led to his death in the 2nd week of disease. Autopsy revealed that the heart cavities were signiFIcantly dilated, the heart was ßabby. Histological examination of the myocardium revealed microvascular plethora and diffuse stroma inFIltration with lymphocytes and histiocytes. What is the most likely diagnosis?",inFIltration,"A patient with severe course of respiratory viral infection presented with clinical signs of progressing heart failure that led to his death in the 2nd week of disease. Autopsy revealed that the heart cavities were signiFIcantly dilated, the heart was ßabby. Histological examination of the myocardium revealed microvascular plethora and diffuse stroma infiltration with lymphocytes and histiocytes. What is the most likely diagnosis?",OCR_CASE_CORRUPTION,VALIDATED,AUTO_APPROVED,YES,Validated OCR case correction: inFIltration -> infiltration
693,2009,Pathomorphology,question,"Examination of the anterior abdominal wall of a pregnant woman revealed a tumour-like formation that arose on the spot of a tumour that was removed two years ago. The neoplasm was well-deFIned, dense, 2х1 cm large. Histological examination revealed that the tumour was composed of differentiated connective tissue with prevailing collagen FIbres. What tumour might be suspected?",deFIned,"Examination of the anterior abdominal wall of a pregnant woman revealed a tumour-like formation that arose on the spot of a tumour that was removed two years ago. The neoplasm was well-defined, dense, 2х1 cm large. Histological examination revealed that the tumour was composed of differentiated connective tissue with prevailing collagen FIbres. What tumour might be suspected?",OCR_CASE_CORRUPTION,VALIDATED,AUTO_APPROVED,YES,Validated OCR case correction: deFIned -> defined
1012,2011,Normal Phisiology,answer_4,Increase of the filtartion quotient,filtartion,Increase of the filtration quotient,KNOWN_LEXICAL_TYPO,VALIDATED,AUTO_APPROVED,YES,Validated lexical typo: filtartion -> filtration
1026,2011,Normal Phisiology,answer_5,Weakening of the pumbing ability of heart,pumbing,Weakening of the pumping ability of heart,KNOWN_LEXICAL_TYPO,VALIDATED,AUTO_APPROVED,YES,Validated lexical typo: pumbing -> pumping
1040,2009,Normal Phisiology,answer_4,Increase of the FIltartion quotient,FIltartion,Increase of the filtration quotient,KNOWN_LEXICAL_TYPO,VALIDATED,AUTO_APPROVED,YES,Validated lexical typo: FIltartion -> filtration
1053,2009,Normal Phisiology,answer_5,Weakening of the pumbing ability of heart,pumbing,Weakening of the pumping ability of heart,KNOWN_LEXICAL_TYPO,VALIDATED,AUTO_APPROVED,YES,Validated lexical typo: pumbing -> pumping
206,2012,Pathophysiology,question,The patient with acute miocardial infarction was given intravenously different solutions during 8 hours with medical dropper 1500 ml and oxygen intranasally. He died because of pulmonary edema. What caused the pulmonary edema?,miocardial,The patient with acute myocardial infarction was given intravenously different solutions during 8 hours with medical dropper 1500 ml and oxygen intranasally. He died because of pulmonary edema. What caused the pulmonary edema?,KNOWN_LEXICAL_TYPO,VALIDATED,AUTO_APPROVED,YES,Validated lexical typo: miocardial -> myocardial
209,2012,Pathophysiology,question,The patient with acute miocardial infarction was given intravenously different solutions during 8 hours with medical dropper 1500 ml and oxygen intranasally. He died because of pulmonary edema. What caused the pulmonary edema?,miocardial,The patient with acute myocardial infarction was given intravenously different solutions during 8 hours with medical dropper 1500 ml and oxygen intranasally. He died because of pulmonary edema. What caused the pulmonary edema?,KNOWN_LEXICAL_TYPO,VALIDATED,AUTO_APPROVED,YES,Validated lexical typo: miocardial -> myocardial
226,2011,Pathophysiology,answer_4,Increase of the filtartion quotient,filtartion,Increase of the filtration quotient,KNOWN_LEXICAL_TYPO,VALIDATED,AUTO_APPROVED,YES,Validated lexical typo: filtartion -> filtration
241,2011,Pathophysiology,answer_5,Weakening of the pumbing ability of heart,pumbing,Weakening of the pumping ability of heart,KNOWN_LEXICAL_TYPO,VALIDATED,AUTO_APPROVED,YES,Validated lexical typo: pumbing -> pumping
255,2009,Pathophysiology,answer_4,Increase of the FIltartion quotient,FIltartion,Increase of the filtration quotient,KNOWN_LEXICAL_TYPO,VALIDATED,AUTO_APPROVED,YES,Validated lexical typo: FIltartion -> filtration
265,2009,Pathophysiology,answer_5,Weakening of the pumbing ability of heart,pumbing,Weakening of the pumping ability of heart,KNOWN_LEXICAL_TYPO,VALIDATED,AUTO_APPROVED,YES,Validated lexical typo: pumbing -> pumping
409,2019,Pathophysiology,question,An uconscious young man in the state of morphine intoxication has been brought into an admission room. The patient’s respiration is slow and shallow due to suppression of the respiratory center. What kind of respiratory failure occurred in this case?,uconscious,An unconscious young man in the state of morphine intoxication has been brought into an admission room. The patient’s respiration is slow and shallow due to suppression of the respiratory center. What kind of respiratory failure occurred in this case?,KNOWN_LEXICAL_TYPO,VALIDATED,AUTO_APPROVED,YES,Validated lexical typo: uconscious -> unconscious
47,2017,Pathophysiology,question,A patient complaining of pain in the left shoulder-blade region has been diagnosed with miocardial infarction. What kind of pain does the patient have?,miocardial,A patient complaining of pain in the left shoulder-blade region has been diagnosed with myocardial infarction. What kind of pain does the patient have?,KNOWN_LEXICAL_TYPO,VALIDATED,AUTO_APPROVED,YES,Validated lexical typo: miocardial -> myocardial
68,2016,Pathophysiology,answer_2,Increase of globulin conten,conten,Increase of globulin content,KNOWN_LEXICAL_TYPO,VALIDATED,AUTO_APPROVED,YES,Validated lexical typo: conten -> content
68,2016,Pathophysiology,answer_3,Decrease of fibrinogen conten,conten,Decrease of fibrinogen content,KNOWN_LEXICAL_TYPO,VALIDATED,AUTO_APPROVED,YES,Validated lexical typo: conten -> content
68,2016,Pathophysiology,answer_4,Increase of albumin conten,conten,Increase of albumin content,KNOWN_LEXICAL_TYPO,VALIDATED,AUTO_APPROVED,YES,Validated lexical typo: conten -> content
68,2016,Pathophysiology,answer_5,Decrease of globulin conten,conten,Decrease of globulin content,KNOWN_LEXICAL_TYPO,VALIDATED,AUTO_APPROVED,YES,Validated lexical typo: conten -> content
79,2016,Pathophysiology,question,An uconscious young man in the state of morphine intoxication has been delivered into an admission room. The patient’s respiration is slow and shallow due to suppressi-on of the respiratory center. What kind of respiratory failure occurred in this case?,uconscious,An unconscious young man in the state of morphine intoxication has been delivered into an admission room. The patient’s respiration is slow and shallow due to suppressi-on of the respiratory center. What kind of respiratory failure occurred in this case?,KNOWN_LEXICAL_TYPO,VALIDATED,AUTO_APPROVED,YES,Validated lexical typo: uconscious -> unconscious
1040,2009,Normal Phisiology,answer_5,Increase of the renal blood ßow,ß,Increase of the renal blood flow,OCR_CHARACTER_CORRUPTION,VALIDATED,AUTO_APPROVED,YES,Validated OCR character correction: ß -> fl (1 occurrence)
1043,2009,Normal Phisiology,answer_1,From the intercellular ßuid to the capillaries,ß,From the intercellular fluid to the capillaries,OCR_CHARACTER_CORRUPTION,VALIDATED,AUTO_APPROVED,YES,Validated OCR character correction: ß -> fl (1 occurrence)
1043,2009,Normal Phisiology,answer_2,From the intercellular ßuid to the cells,ß,From the intercellular fluid to the cells,OCR_CHARACTER_CORRUPTION,VALIDATED,AUTO_APPROVED,YES,Validated OCR character correction: ß -> fl (1 occurrence)
1043,2009,Normal Phisiology,answer_3,From the cells to the intercellular ßuid,ß,From the cells to the intercellular fluid,OCR_CHARACTER_CORRUPTION,VALIDATED,AUTO_APPROVED,YES,Validated OCR character correction: ß -> fl (1 occurrence)
1043,2009,Normal Phisiology,answer_4,From the capillaries to the intercellular ßuid,ß,From the capillaries to the intercellular fluid,OCR_CHARACTER_CORRUPTION,VALIDATED,AUTO_APPROVED,YES,Validated OCR character correction: ß -> fl (1 occurrence)
1046,2009,Normal Phisiology,question,An experimental animal has lost orientative reßexes as a result of destruction of certain brainstem structures. What structures had been destroyed?,ß,An experimental animal has lost orientative reflexes as a result of destruction of certain brainstem structures. What structures had been destroyed?,OCR_CHARACTER_CORRUPTION,VALIDATED,AUTO_APPROVED,YES,Validated OCR character correction: ß -> fl (1 occurrence)
1375,2009,Microbiology,question,As a result of durative antibiotic therapy a 37-year old patient developed intestinal dysbacteriosis. What type of drugs should be used in order to normalize intestinal microßora?,ß,As a result of durative antibiotic therapy a 37-year old patient developed intestinal dysbacteriosis. What type of drugs should be used in order to normalize intestinal microflora?,OCR_CHARACTER_CORRUPTION,VALIDATED,AUTO_APPROVED,YES,Validated OCR character correction: ß -> fl (1 occurrence)
1692,2009,Anatomy,question,While examining the oral cavity a stomatologist revealed inßammation of papillae on the border of the median and posterior third of the back of tongue. What papillae are inßamed?,ß,While examining the oral cavity a stomatologist revealed inflammation of papillae on the border of the median and posterior third of the back of tongue. What papillae are inflamed?,OCR_CHARACTER_CORRUPTION,VALIDATED,AUTO_APPROVED,YES,Validated OCR character correction: ß -> fl (2 occurrences)
1976,2009,Pharmacology,question,A student came to see a doctor and asked to administer him a drug for treatment of allergic rhinitis that occurs in the period of linden ßowering. What drug may be used?,ß,A student came to see a doctor and asked to administer him a drug for treatment of allergic rhinitis that occurs in the period of linden flowering. What drug may be used?,OCR_CHARACTER_CORRUPTION,VALIDATED,AUTO_APPROVED,YES,Validated OCR character correction: ß -> fl (1 occurrence)
251,2009,Pathophysiology,answer_2,Inßammatory,ß,Inflammatory,OCR_CHARACTER_CORRUPTION,VALIDATED,AUTO_APPROVED,YES,Validated OCR character correction: ß -> fl (1 occurrence)
255,2009,Pathophysiology,answer_5,Increase of the renal blood ßow,ß,Increase of the renal blood flow,OCR_CHARACTER_CORRUPTION,VALIDATED,AUTO_APPROVED,YES,Validated OCR character correction: ß -> fl (1 occurrence)
2669,2009,Biochemistry,question,"A mother consulted a doctor about her 5-year-old child who develops erythemas, vesicular rash and skin itch under the inßuence of sun. Laboratory studies revealed decreased iron concentration in the blood serum, increased uroporphyrinogen I excretion with the urine. What is the most likely inherited pathology in this child?",ß,"A mother consulted a doctor about her 5-year-old child who develops erythemas, vesicular rash and skin itch under the influence of sun. Laboratory studies revealed decreased iron concentration in the blood serum, increased uroporphyrinogen I excretion with the urine. What is the most likely inherited pathology in this child?",OCR_CHARACTER_CORRUPTION,VALIDATED,AUTO_APPROVED,YES,Validated OCR character correction: ß -> fl (1 occurrence)
2682,2009,Biochemistry,answer_4,Bioßavonoids,ß,Bioflavonoids,OCR_CHARACTER_CORRUPTION,VALIDATED,AUTO_APPROVED,YES,Validated OCR character correction: ß -> fl (1 occurrence)
2682,2009,Biochemistry,answer_5,Riboßavin,ß,Riboflavin,OCR_CHARACTER_CORRUPTION,VALIDATED,AUTO_APPROVED,YES,Validated OCR character correction: ß -> fl (1 occurrence)
269,2009,Pathophysiology,answer_1,Reduction of renal blood ßow,ß,Reduction of renal blood flow,OCR_CHARACTER_CORRUPTION,VALIDATED,AUTO_APPROVED,YES,Validated OCR character correction: ß -> fl (1 occurrence)
269,2009,Pathophysiology,answer_4,Rise of pressure of tubular ßuid,ß,Rise of pressure of tubular fluid,OCR_CHARACTER_CORRUPTION,VALIDATED,AUTO_APPROVED,YES,Validated OCR character correction: ß -> fl (1 occurrence)
270,2009,Pathophysiology,question,"A patient with severe course of respiratory viral infection presented with clinical signs of progressing heart failure that led to his death in the 2nd week of disease. Autopsy revealed that the heart cavities were signiFIcantly dilated, the heart was ßabby. Histological examination of the myocardium revealed microvascular plethora and diffuse stroma inFIltration with lymphocytes and histiocytes. What is the most likely diagnosis?",ß,"A patient with severe course of respiratory viral infection presented with clinical signs of progressing heart failure that led to his death in the 2nd week of disease. Autopsy revealed that the heart cavities were signiFIcantly dilated, the heart was flabby. Histological examination of the myocardium revealed microvascular plethora and diffuse stroma inFIltration with lymphocytes and histiocytes. What is the most likely diagnosis?",OCR_CHARACTER_CORRUPTION,VALIDATED,AUTO_APPROVED,YES,Validated OCR character correction: ß -> fl (1 occurrence)
676,2009,Pathomorphology,answer_2,Inßammatory,ß,Inflammatory,OCR_CHARACTER_CORRUPTION,VALIDATED,AUTO_APPROVED,YES,Validated OCR character correction: ß -> fl (1 occurrence)
687,2009,Pathomorphology,question,"A stillborn child was found to have thickened skin resembling of the tortoise shell, underdeveloped auricles. Histological examination of skin revealed hyperkeratosis, atrophy of the granular epidermis layer; inßammatory changes were not present. What is the most likely diagnosis?",ß,"A stillborn child was found to have thickened skin resembling of the tortoise shell, underdeveloped auricles. Histological examination of skin revealed hyperkeratosis, atrophy of the granular epidermis layer; inflammatory changes were not present. What is the most likely diagnosis?",OCR_CHARACTER_CORRUPTION,VALIDATED,AUTO_APPROVED,YES,Validated OCR character correction: ß -> fl (1 occurrence)
689,2009,Pathomorphology,question,"A pathologyhistology laboratory received a vermiform appendix up to 2,0 cm thick. Its serous membrane was pale, thick and covered with yellowish-green FIlms. The wall was ßaccid, of grayishred colour. The appendix lumen was dilated and FIlled with yellowish- green substance. Histological examination revealed that the appendix wall was inFIltrated with neutrophils. Specify the appendix disease:",ß,"A pathologyhistology laboratory received a vermiform appendix up to 2,0 cm thick. Its serous membrane was pale, thick and covered with yellowish-green FIlms. The wall was flaccid, of grayishred colour. The appendix lumen was dilated and FIlled with yellowish- green substance. Histological examination revealed that the appendix wall was inFIltrated with neutrophils. Specify the appendix disease:",OCR_CHARACTER_CORRUPTION,VALIDATED,AUTO_APPROVED,YES,Validated OCR character correction: ß -> fl (1 occurrence)
690,2009,Pathomorphology,question,"A patient with severe course of respiratory viral infection presented with clinical signs of progressing heart failure that led to his death in the 2nd week of disease. Autopsy revealed that the heart cavities were signiFIcantly dilated, the heart was ßabby. Histological examination of the myocardium revealed microvascular plethora and diffuse stroma inFIltration with lymphocytes and histiocytes. What is the most likely diagnosis?",ß,"A patient with severe course of respiratory viral infection presented with clinical signs of progressing heart failure that led to his death in the 2nd week of disease. Autopsy revealed that the heart cavities were signiFIcantly dilated, the heart was flabby. Histological examination of the myocardium revealed microvascular plethora and diffuse stroma inFIltration with lymphocytes and histiocytes. What is the most likely diagnosis?",OCR_CHARACTER_CORRUPTION,VALIDATED,AUTO_APPROVED,YES,Validated OCR character correction: ß -> fl (1 occurrence)
1038,2009,Normal Phisiology,answer_1,N a +,,Na+,SCIENTIFIC_NOTATION,VALIDATED,AUTO_APPROVED,YES,Validated scientific-formatting correction: Normalized explicitly recognized OCR-split chemical/ionic notation without changing values
1066,2008,Normal Phisiology,answer_2,Reduced tubular reabsorption of N a ions,,Reduced tubular reabsorption of Na ions,SCIENTIFIC_NOTATION,VALIDATED,AUTO_APPROVED,YES,Validated scientific-formatting correction: Normalized explicitly recognized OCR-split chemical/ionic notation without changing values
1103,2010,Normal Phisiology,question,Atria of an experimental animal were superdistended by blood that resulted in decreased reabsorption of N a + and water in renal tubules. This can be explained by the influence of the following factor upon kidneys:,,Atria of an experimental animal were superdistended by blood that resulted in decreased reabsorption of Na+ and water in renal tubules. This can be explained by the influence of the following factor upon kidneys:,SCIENTIFIC_NOTATION,VALIDATED,AUTO_APPROVED,YES,Validated scientific-formatting correction: Normalized explicitly recognized OCR-split chemical/ionic notation without changing values
158,2013,Pathophysiology,question,Measurements of the arterial pC O 2 and pO 2 during an attack of bronchial asthma revealed hypercapnia and hypoxemia respectively. What kind of hypoxia occurred in this case?,,Measurements of the arterial pC O2 and pO 2 during an attack of bronchial asthma revealed hypercapnia and hypoxemia respectively. What kind of hypoxia occurred in this case?,GAS_NOTATION,VALIDATED,AUTO_APPROVED,YES,Validated scientific-formatting correction: Removed OCR spacing inside recognized gas/chemical notation
159,2013,Pathophysiology,question,"A patient with respiratory failure has blood pH of 7,35. pC O 2 test revealed hypercapnia. Urine pH test revealed an increase in the urine acidity. What form of acid-base imbalance is the case?",,"A patient with respiratory failure has blood pH of 7,35. pC O2 test revealed hypercapnia. Urine pH test revealed an increase in the urine acidity. What form of acid-base imbalance is the case?",GAS_NOTATION,VALIDATED,AUTO_APPROVED,YES,Validated scientific-formatting correction: Removed OCR spacing inside recognized gas/chemical notation
168,2013,Pathophysiology,answer_1,Accumulation of N a + and C a 2+ ions in the myocardium cells,,Accumulation of Na+ and Ca2+ ions in the myocardium cells,SCIENTIFIC_NOTATION,VALIDATED,AUTO_APPROVED,YES,Validated scientific-formatting correction: Normalized explicitly recognized OCR-split chemical/ionic notation without changing values
168,2013,Pathophysiology,answer_2,Accumulation of K + and M g 2+ ions in the myocardium cells,,Accumulation of K+ and Mg2+ ions in the myocardium cells,SCIENTIFIC_NOTATION,VALIDATED,AUTO_APPROVED,YES,Validated scientific-formatting correction: Normalized explicitly recognized OCR-split chemical/ionic notation without changing values
168,2013,Pathophysiology,answer_3,Reduction of N a + and C a 2+ ions in the myocardium cells,,Reduction of Na+ and Ca2+ ions in the myocardium cells,SCIENTIFIC_NOTATION,VALIDATED,AUTO_APPROVED,YES,Validated scientific-formatting correction: Normalized explicitly recognized OCR-split chemical/ionic notation without changing values
168,2013,Pathophysiology,answer_4,Reduction of K + and M g 2+ ions in the extracellular space,,Reduction of K+ and Mg2+ ions in the extracellular space,SCIENTIFIC_NOTATION,VALIDATED,AUTO_APPROVED,YES,Validated scientific-formatting correction: Normalized explicitly recognized OCR-split chemical/ionic notation without changing values
168,2013,Pathophysiology,answer_5,Reduction of N a + and C a 2+ ions in the extracellular space,,Reduction of Na+ and Ca2+ ions in the extracellular space,SCIENTIFIC_NOTATION,VALIDATED,AUTO_APPROVED,YES,Validated scientific-formatting correction: Normalized explicitly recognized OCR-split chemical/ionic notation without changing values
228,2011,Pathophysiology,answer_3,M g 2+ loss by cardiac hystiocytes,,Mg2+ loss by cardiac hystiocytes,SCIENTIFIC_NOTATION,VALIDATED,AUTO_APPROVED,YES,Validated scientific-formatting correction: Normalized explicitly recognized OCR-split chemical/ionic notation without changing values
2395,2007,Histology,question,"89. A patient with pneumonia has body temperature of 39,2oC. What cells are the main producers of endogenous pyrogen that had caused such temperature rise?",,"89. A patient with pneumonia has body temperature of 39,2°C. What cells are the main producers of endogenous pyrogen that had caused such temperature rise?",TEMPERATURE_FORMAT,VALIDATED,AUTO_APPROVED,YES,Validated scientific-formatting correction: Normalized OCR/spacing temperature notation to °C
2709,2008,Biochemistry,question,A patient underwent an operation on account of gall bladder excision that resulted in obstruction of C a absorption through the bowels wall. What vitamin wil stimulate this process?,,A patient underwent an operation on account of gall bladder excision that resulted in obstruction of Ca absorption through the bowels wall. What vitamin wil stimulate this process?,SCIENTIFIC_NOTATION,VALIDATED,AUTO_APPROVED,YES,Validated scientific-formatting correction: Normalized explicitly recognized OCR-split chemical/ionic notation without changing values
29,2017,Pathophysiology,question,"A 30-year-old man complains of suffocation, heaviness in the chest on the right, general weakness. Body temperature is 38,9o C Objectively the right side of the chest lags behind the left side during respiration. Pleurocentesis yielded exudate. What is the leading factor of exudation in the patient?",,"A 30-year-old man complains of suffocation, heaviness in the chest on the right, general weakness. Body temperature is 38,9°C Objectively the right side of the chest lags behind the left side during respiration. Pleurocentesis yielded exudate. What is the leading factor of exudation in the patient?",TEMPERATURE_FORMAT,VALIDATED,AUTO_APPROVED,YES,Validated scientific-formatting correction: Normalized OCR/spacing temperature notation to °C
50,2017,Pathophysiology,question,"A patient with pneumonia has body temperature of 39,2o C . What cells are the main producers of endogenous pyrogen that had caused such temperature rise?",,"A patient with pneumonia has body temperature of 39,2°C . What cells are the main producers of endogenous pyrogen that had caused such temperature rise?",TEMPERATURE_FORMAT,VALIDATED,AUTO_APPROVED,YES,Validated scientific-formatting correction: Normalized OCR/spacing temperature notation to °C
63,2017,Pathophysiology,answer_1,Decrease of O 2 partial pressure,,Decrease of O2 partial pressure,GAS_NOTATION,VALIDATED,AUTO_APPROVED,YES,Validated scientific-formatting correction: Removed OCR spacing inside recognized gas/chemical notation
63,2017,Pathophysiology,answer_2,Increase of C O 2 partial pressure,,Increase of C O2 partial pressure,GAS_NOTATION,VALIDATED,AUTO_APPROVED,YES,Validated scientific-formatting correction: Removed OCR spacing inside recognized gas/chemical notation
65,2017,Pathophysiology,question,A patient developed increased blood content of H C O 3 − against the background of repeated and uncontrollable vomiti-ng. What will be the leading mechanism in compensation of developed acid-base imbalance?,,A patient developed increased blood content of HCO3− against the background of repeated and uncontrollable vomiti-ng. What will be the leading mechanism in compensation of developed acid-base imbalance?,SCIENTIFIC_NOTATION,VALIDATED,AUTO_APPROVED,YES,Validated scientific-formatting correction: Normalized explicitly recognized OCR-split chemical/ionic notation without changing values
890,2017,Normal Phisiology,answer_1,Decrease of O 2 partial pressure,,Decrease of O2 partial pressure,GAS_NOTATION,VALIDATED,AUTO_APPROVED,YES,Validated scientific-formatting correction: Removed OCR spacing inside recognized gas/chemical notation
890,2017,Normal Phisiology,answer_2,Increase of C O 2 partial pressure,,Increase of C O2 partial pressure,GAS_NOTATION,VALIDATED,AUTO_APPROVED,YES,Validated scientific-formatting correction: Removed OCR spacing inside recognized gas/chemical notation
923,2015,Normal Phisiology,answer_1,N a +,,Na+,SCIENTIFIC_NOTATION,VALIDATED,AUTO_APPROVED,YES,Validated scientific-formatting correction: Normalized explicitly recognized OCR-split chemical/ionic notation without changing values
923,2015,Normal Phisiology,answer_3,K + and N a +,,K+ and Na+,SCIENTIFIC_NOTATION,VALIDATED,AUTO_APPROVED,YES,Validated scientific-formatting correction: Normalized explicitly recognized OCR-split chemical/ionic notation without changing values
923,2015,Normal Phisiology,answer_4,C a 2+ and C l −,,Ca2+ and Cl−,SCIENTIFIC_NOTATION,VALIDATED,AUTO_APPROVED,YES,Validated scientific-formatting correction: Normalized explicitly recognized OCR-split chemical/ionic notation without changing values
923,2015,Normal Phisiology,answer_5,C a 2+,,Ca2+,SCIENTIFIC_NOTATION,VALIDATED,AUTO_APPROVED,YES,Validated scientific-formatting correction: Normalized explicitly recognized OCR-split chemical/ionic notation without changing values
950,2014,Normal Phisiology,answer_1,N a +,,Na+,SCIENTIFIC_NOTATION,VALIDATED,AUTO_APPROVED,YES,Validated scientific-formatting correction: Normalized explicitly recognized OCR-split chemical/ionic notation without changing values
950,2014,Normal Phisiology,answer_3,K + and N a +,,K+ and Na+,SCIENTIFIC_NOTATION,VALIDATED,AUTO_APPROVED,YES,Validated scientific-formatting correction: Normalized explicitly recognized OCR-split chemical/ionic notation without changing values
950,2014,Normal Phisiology,answer_4,C a 2+ and C l −,,Ca2+ and Cl−,SCIENTIFIC_NOTATION,VALIDATED,AUTO_APPROVED,YES,Validated scientific-formatting correction: Normalized explicitly recognized OCR-split chemical/ionic notation without changing values
950,2014,Normal Phisiology,answer_5,C a 2+,,Ca2+,SCIENTIFIC_NOTATION,VALIDATED,AUTO_APPROVED,YES,Validated scientific-formatting correction: Normalized explicitly recognized OCR-split chemical/ionic notation without changing values
954,2013,Normal Phisiology,question,"A patient with respiratory failure has blood pH of 7,35. pC O 2 test revealed hypercapnia. Urine pH test revealed an increase in the urine acidity. What form of acid-base imbalance is the case?",,"A patient with respiratory failure has blood pH of 7,35. pC O2 test revealed hypercapnia. Urine pH test revealed an increase in the urine acidity. What form of acid-base imbalance is the case?",GAS_NOTATION,VALIDATED,AUTO_APPROVED,YES,Validated scientific-formatting correction: Removed OCR spacing inside recognized gas/chemical notation
959,2013,Normal Phisiology,answer_1,Accumulation of N a + and C a 2+ ions in the myocardium cells,,Accumulation of Na+ and Ca2+ ions in the myocardium cells,SCIENTIFIC_NOTATION,VALIDATED,AUTO_APPROVED,YES,Validated scientific-formatting correction: Normalized explicitly recognized OCR-split chemical/ionic notation without changing values
959,2013,Normal Phisiology,answer_2,Accumulation of K + and M g 2+ ions in the myocardium cells,,Accumulation of K+ and Mg2+ ions in the myocardium cells,SCIENTIFIC_NOTATION,VALIDATED,AUTO_APPROVED,YES,Validated scientific-formatting correction: Normalized explicitly recognized OCR-split chemical/ionic notation without changing values
959,2013,Normal Phisiology,answer_3,Reduction of N a + and C a 2+ ions in the myocardium cells,,Reduction of Na+ and Ca2+ ions in the myocardium cells,SCIENTIFIC_NOTATION,VALIDATED,AUTO_APPROVED,YES,Validated scientific-formatting correction: Normalized explicitly recognized OCR-split chemical/ionic notation without changing values
959,2013,Normal Phisiology,answer_4,Reduction of K + and M g 2+ ions in the extracellular space,,Reduction of K+ and Mg2+ ions in the extracellular space,SCIENTIFIC_NOTATION,VALIDATED,AUTO_APPROVED,YES,Validated scientific-formatting correction: Normalized explicitly recognized OCR-split chemical/ionic notation without changing values
959,2013,Normal Phisiology,answer_5,Reduction of N a + and C a 2+ ions in the extracellular space,,Reduction of Na+ and Ca2+ ions in the extracellular space,SCIENTIFIC_NOTATION,VALIDATED,AUTO_APPROVED,YES,Validated scientific-formatting correction: Normalized explicitly recognized OCR-split chemical/ionic notation without changing values
1153,2019,Normal Phisiology,question,КCl concentration in a solution that surrounds an isolated cell was increased. How will resting membrane potential (RMP) and cell excitability change in this case?,КCl,KCl concentration in a solution that surrounds an isolated cell was increased. How will resting membrane potential (RMP) and cell excitability change in this case?,CYRILLIC_CONFUSABLE,VALIDATED,AUTO_APPROVED,YES,Validated Cyrillic visual confusable: КCl -> KCl
1249,2017,Microbiology,answer_1,Сlostridium perfringens,Сlostridium,Clostridium perfringens,CYRILLIC_CONFUSABLE,VALIDATED,AUTO_APPROVED,YES,Validated Cyrillic visual confusable: Сlostridium -> Clostridium
1284,2015,Microbiology,topic,"Reactions of ""antigen-antibody"" (serological tests): Agglutination test (АT), precipitation test (РT).",АT,"Reactions of ""antigen-antibody"" (serological tests): Agglutination test (AT), precipitation test (РT).",CYRILLIC_CONFUSABLE,VALIDATED,AUTO_APPROVED,YES,Validated Cyrillic visual confusable: АT -> AT
1314,2014,Microbiology,topic,"Reactions of ""antigen-antibody"" (serological tests): Agglutination test (АT), precipitation test (РT).",АT,"Reactions of ""antigen-antibody"" (serological tests): Agglutination test (AT), precipitation test (РT).",CYRILLIC_CONFUSABLE,VALIDATED,AUTO_APPROVED,YES,Validated Cyrillic visual confusable: АT -> AT
1355,2011,Microbiology,topic,Cellular and humoral factors of nonspecific defense. Phagocytiс activity determination.,Phagocytiс,Cellular and humoral factors of nonspecific defense. Phagocytic activity determination.,CYRILLIC_CONFUSABLE,VALIDATED,AUTO_APPROVED,YES,Validated Cyrillic visual confusable: Phagocytiс -> Phagocytic
1379,2008,Microbiology,topic,Cellular and humoral factors of nonspecific defense. Phagocytiс activity determination. Lysozyme determination.,Phagocytiс,Cellular and humoral factors of nonspecific defense. Phagocytic activity determination. Lysozyme determination.,CYRILLIC_CONFUSABLE,VALIDATED,AUTO_APPROVED,YES,Validated Cyrillic visual confusable: Phagocytiс -> Phagocytic
1401,2007,Microbiology,topic,Cellular and humoral factors of nonspecific defense. Phagocytiс activity determination.,Phagocytiс,Cellular and humoral factors of nonspecific defense. Phagocytic activity determination.,CYRILLIC_CONFUSABLE,VALIDATED,AUTO_APPROVED,YES,Validated Cyrillic visual confusable: Phagocytiс -> Phagocytic
1539,2017,Anatomy,answer_4,Сorpus luteum,Сorpus,Corpus luteum,CYRILLIC_CONFUSABLE,VALIDATED,AUTO_APPROVED,YES,Validated Cyrillic visual confusable: Сorpus -> Corpus
1540,2017,Anatomy,question,Histological specimen demonstrates a parenchymal organ with cortical and medullary substances. The cortical substance is composed of bands of epitheli-al cells with capillary blood vessels between them. The bands form three zones. The medullary substance consists of сhromaffin cells and venous sinusoids. What organ can be characterized by these morphological features?,сhromaffin,Histological specimen demonstrates a parenchymal organ with cortical and medullary substances. The cortical substance is composed of bands of epitheli-al cells with capillary blood vessels between them. The bands form three zones. The medullary substance consists of chromaffin cells and venous sinusoids. What organ can be characterized by these morphological features?,CYRILLIC_CONFUSABLE,VALIDATED,AUTO_APPROVED,YES,Validated Cyrillic visual confusable: сhromaffin -> chromaffin
1682,2011,Anatomy,answer_4,Lig. inguinalе,inguinalе,Lig. inguinale,CYRILLIC_CONFUSABLE,VALIDATED,AUTO_APPROVED,YES,Validated Cyrillic visual confusable: inguinalе -> inguinale
1713,2008,Anatomy,answer_4,Lig. inguinalе,inguinalе,Lig. inguinale,CYRILLIC_CONFUSABLE,VALIDATED,AUTO_APPROVED,YES,Validated Cyrillic visual confusable: inguinalе -> inguinale
2391,2007,Histology,answer_4,Сorpus luteum,Сorpus,Corpus luteum,CYRILLIC_CONFUSABLE,VALIDATED,AUTO_APPROVED,YES,Validated Cyrillic visual confusable: Сorpus -> Corpus
2392,2007,Histology,question,86. Histological specimen demonstrates a parenchymal organ with cortical and medullary substances. The cortical substance is composed of bands of epithelial cells with capillary blood vessels between them. The bands form three zones. The medullary substance consists of сhromaffin cells and venous sinusoids. What organ can be characterized by these morphological features?,сhromaffin,86. Histological specimen demonstrates a parenchymal organ with cortical and medullary substances. The cortical substance is composed of bands of epithelial cells with capillary blood vessels between them. The bands form three zones. The medullary substance consists of chromaffin cells and venous sinusoids. What organ can be characterized by these morphological features?,CYRILLIC_CONFUSABLE,VALIDATED,AUTO_APPROVED,YES,Validated Cyrillic visual confusable: сhromaffin -> chromaffin
2430,2019,Histology,question,"An unidentified surgical specimen is received for histopathologic analysis. A portion of the specimen is cut and stained with hematoxylin and eosin. Under the microscope, you see an organ encapsulated by dense connective tissue that extends to the deeper areas by way of the trabecular extensions. The organ can be subdivided into two regions: a cortex with lymphoid nodules and medulla with medullary cords populated by plasma cells, В-cells and T-cells. Which of the following structures is most likely the origin of this surgical specimen?",В-cells,"An unidentified surgical specimen is received for histopathologic analysis. A portion of the specimen is cut and stained with hematoxylin and eosin. Under the microscope, you see an organ encapsulated by dense connective tissue that extends to the deeper areas by way of the trabecular extensions. The organ can be subdivided into two regions: a cortex with lymphoid nodules and medulla with medullary cords populated by plasma cells, B-cells and T-cells. Which of the following structures is most likely the origin of this surgical specimen?",CYRILLIC_CONFUSABLE,VALIDATED,AUTO_APPROVED,YES,Validated Cyrillic visual confusable: В-cells -> B-cells
847,2023,Normal Phisiology,answer_1,Tubular rеabsorption,rеabsorption,Tubular reabsorption,CYRILLIC_CONFUSABLE,VALIDATED,AUTO_APPROVED,YES,Validated Cyrillic visual confusable: rеabsorption -> reabsorption
853,2023,Normal Phisiology,question,"Analysis of the patient’s ECG recorded in the 1, II, and III standard leads shows that the P wave is positive in each one of them. What doеs it indicate?",doеs,"Analysis of the patient’s ECG recorded in the 1, II, and III standard leads shows that the P wave is positive in each one of them. What does it indicate?",CYRILLIC_CONFUSABLE,VALIDATED,AUTO_APPROVED,YES,Validated Cyrillic visual confusable: doеs -> does
1239,2017,Microbiology,question,"During fibergastroscopy of a patient with ulcer disease of the stomach, the mucosal biopsy material is taken from the area of an ulcer. Impression smear is prepared from the biopsy material and stained by Gram method; the rest of the biopsy material is tested for urease activity. Microscopy of the impression smear revealed gram-negative spiral-shaped microorganisms, urease acti- vity test is positive. What bacteria were detected?",acti- vity,"During fibergastroscopy of a patient with ulcer disease of the stomach, the mucosal biopsy material is taken from the area of an ulcer. Impression smear is prepared from the biopsy material and stained by Gram method; the rest of the biopsy material is tested for urease activity. Microscopy of the impression smear revealed gram-negative spiral-shaped microorganisms, urease activity test is positive. What bacteria were detected?",BROKEN_WORD_WITH_SPACE,VALIDATED,AUTO_APPROVED,YES,Validated broken-word reconstruction: acti- vity -> activity
1550,2017,Anatomy,question,A patient is diagnosed with compressi-on fracture of the lumbar vertebra. The pati-ent presents with acutely increased lumbar lordosis. What ligament was damaged in this patient resulting in such deformation of vertebral column curvature?,pati-ent,A patient is diagnosed with compressi-on fracture of the lumbar vertebra. The patient presents with acutely increased lumbar lordosis. What ligament was damaged in this patient resulting in such deformation of vertebral column curvature?,POSSIBLE_BROKEN_WORD,VALIDATED,AUTO_APPROVED,YES,Validated broken-word reconstruction: pati-ent -> patient
1553,2017,Anatomy,question,The brain trauma unit received a pati-ent with damaged greater wing of the sphenoid bone. The fracture line crosses the spinous foramen of the sphenoid. What vessel was damaged?,pati-ent,The brain trauma unit received a patient with damaged greater wing of the sphenoid bone. The fracture line crosses the spinous foramen of the sphenoid. What vessel was damaged?,POSSIBLE_BROKEN_WORD,VALIDATED,AUTO_APPROVED,YES,Validated broken-word reconstruction: pati-ent -> patient
1772,2019,Anatomy,question,A patient is diagnosed with compressi-on fracture of the lumbar vertebra. The pati-ent presents with acutely increased lumbar lordosis. What ligament was damaged in this patient resulting in such deformation of vertebral column curvature?,pati-ent,A patient is diagnosed with compressi-on fracture of the lumbar vertebra. The patient presents with acutely increased lumbar lordosis. What ligament was damaged in this patient resulting in such deformation of vertebral column curvature?,POSSIBLE_BROKEN_WORD,VALIDATED,AUTO_APPROVED,YES,Validated broken-word reconstruction: pati-ent -> patient
1775,2019,Anatomy,question,The brain trauma unit received a pati-ent with damaged greater wing of the sphenoid bone. The fracture line crosses the spinous foramen of the sphenoid. What vessel was damaged?,pati-ent,The brain trauma unit received a patient with damaged greater wing of the sphenoid bone. The fracture line crosses the spinous foramen of the sphenoid. What vessel was damaged?,POSSIBLE_BROKEN_WORD,VALIDATED,AUTO_APPROVED,YES,Validated broken-word reconstruction: pati-ent -> patient
1851,2017,Pharmacology,question,"A woman with seasonal vasomotor rhini-tis, who works as a train dispatcher and is an outpatient, should be prescribed an antihi- staminic drug that does not suppress central nervous system. Name this drug:",antihi- staminic,"A woman with seasonal vasomotor rhini-tis, who works as a train dispatcher and is an outpatient, should be prescribed an antihistaminic drug that does not suppress central nervous system. Name this drug:",BROKEN_WORD_WITH_SPACE,VALIDATED,AUTO_APPROVED,YES,Validated broken-word reconstruction: antihi- staminic -> antihistaminic
1882,2016,Pharmacology,question,"A comatose patient was taken to the hospital. He has a history of diabetes melli-tus. Objectively: Kussmaul breathing, low blood pressure, acetone odor of breath. After the emergency treatment the pati-ent’s condition improved. What drug had been administered?",pati-ent,"A comatose patient was taken to the hospital. He has a history of diabetes melli-tus. Objectively: Kussmaul breathing, low blood pressure, acetone odor of breath. After the emergency treatment the patient’s condition improved. What drug had been administered?",POSSIBLE_BROKEN_WORD,VALIDATED,AUTO_APPROVED,YES,Validated broken-word reconstruction: pati-ent -> patient
1912,2014,Pharmacology,question,"A patient complaining of rapid pulse, dyspnea and bluish color of mucosa has been admitted to the cardiological department. The objective symptoms are as follows: edema of lower extremities, ascites. Which of the given medicines should be prescri- bed for intravenous administration to improve the patient’s general state?",prescri- bed,"A patient complaining of rapid pulse, dyspnea and bluish color of mucosa has been admitted to the cardiological department. The objective symptoms are as follows: edema of lower extremities, ascites. Which of the given medicines should be prescribed for intravenous administration to improve the patient’s general state?",BROKEN_WORD_WITH_SPACE,VALIDATED,AUTO_APPROVED,YES,Validated broken-word reconstruction: prescri- bed -> prescribed
32,2017,Pathophysiology,question,"During removal of the hyperplastic thyroid gland of a 47-year-old woman, the parathyroid gland was damaged. One month after the surgery the pati-ent developed signs of hypoparathyroi-dism: frequent convulsions, hyperreflexia, laryngospasm. What is the most likely cause of the patient’s condition?",pati-ent,"During removal of the hyperplastic thyroid gland of a 47-year-old woman, the parathyroid gland was damaged. One month after the surgery the patient developed signs of hypoparathyroi-dism: frequent convulsions, hyperreflexia, laryngospasm. What is the most likely cause of the patient’s condition?",POSSIBLE_BROKEN_WORD,VALIDATED,AUTO_APPROVED,YES,Validated broken-word reconstruction: pati-ent -> patient
523,2017,Pathomorphology,question,"After mushroom poisoning the pati-ent developed signs of acute hepatic fai-lure leading to his death. On autopsy the liver is diminished, flaccid; the capsule is wrinkled; the tissue is ochre-yellow on section. Microscopically: fatty degeneration of hepatocytes, necrotic central segments of the hepatic lobes. These changes are characteristic of:",pati-ent,"After mushroom poisoning the patient developed signs of acute hepatic fai-lure leading to his death. On autopsy the liver is diminished, flaccid; the capsule is wrinkled; the tissue is ochre-yellow on section. Microscopically: fatty degeneration of hepatocytes, necrotic central segments of the hepatic lobes. These changes are characteristic of:",POSSIBLE_BROKEN_WORD,VALIDATED,AUTO_APPROVED,YES,Validated broken-word reconstruction: pati-ent -> patient
524,2017,Pathomorphology,question,"Autopsy of a patient, who died of bi-lateral bronchopneumonia, shows in the left lung lower lobe a cavity 5 cm in di-ameter, filled with liquid yellowish-white substance. What complication of the pati-ent’s pneumonia had developed?",pati-ent,"Autopsy of a patient, who died of bi-lateral bronchopneumonia, shows in the left lung lower lobe a cavity 5 cm in di-ameter, filled with liquid yellowish-white substance. What complication of the patient’s pneumonia had developed?",POSSIBLE_BROKEN_WORD,VALIDATED,AUTO_APPROVED,YES,Validated broken-word reconstruction: pati-ent -> patient
366,2018,Pathophysiology,answer_2,Vitamin B 12 deficiency,,Vitamin B12 deficiency,B12_SPACING,HIGH,AUTO_APPROVED,YES,
1449,2018,Microbiology,answer_5,,Co-trimoxazole,cotrimoxazole,BROKEN_WORD_HYPHENATION,HIGH,VALIDATED_NOT_AUTO,NO,
1857,2018,Pharmacology,question,"A patient complaining of dizziness, thi-rst, difficult swallowing, and impaired visi-on of close objects has addressed a doctor. Objectively: respiratory rate is increased, pupils are dilated, general agitation, talkati-veness, though the speech is indistinct. BP is 110/70 mm Hg, heart rate is 110/min. Given symptoms can indicate overdosage of the following drug:",thi-rst,"A patient complaining of dizziness, thirst, difficult swallowing, and impaired visi-on of close objects has addressed a doctor. Objectively: respiratory rate is increased, pupils are dilated, general agitation, talkati-veness, though the speech is indistinct. BP is 110/70 mm Hg, heart rate is 110/min. Given symptoms can indicate overdosage of the following drug:",BROKEN_WORD_HYPHENATION,HIGH,AUTO_APPROVED,YES,
1857,2018,Pharmacology,question,"A patient complaining of dizziness, thi-rst, difficult swallowing, and impaired visi-on of close objects has addressed a doctor. Objectively: respiratory rate is increased, pupils are dilated, general agitation, talkati-veness, though the speech is indistinct. BP is 110/70 mm Hg, heart rate is 110/min. Given symptoms can indicate overdosage of the following drug:",visi-on,"A patient complaining of dizziness, thi-rst, difficult swallowing, and impaired vision of close objects has addressed a doctor. Objectively: respiratory rate is increased, pupils are dilated, general agitation, talkati-veness, though the speech is indistinct. BP is 110/70 mm Hg, heart rate is 110/min. Given symptoms can indicate overdosage of the following drug:",BROKEN_WORD_HYPHENATION,HIGH,AUTO_APPROVED,YES,
1857,2018,Pharmacology,question,"A patient complaining of dizziness, thi-rst, difficult swallowing, and impaired visi-on of close objects has addressed a doctor. Objectively: respiratory rate is increased, pupils are dilated, general agitation, talkati-veness, though the speech is indistinct. BP is 110/70 mm Hg, heart rate is 110/min. Given symptoms can indicate overdosage of the following drug:",talkati-veness,"A patient complaining of dizziness, thi-rst, difficult swallowing, and impaired visi-on of close objects has addressed a doctor. Objectively: respiratory rate is increased, pupils are dilated, general agitation, talkativeness, though the speech is indistinct. BP is 110/70 mm Hg, heart rate is 110/min. Given symptoms can indicate overdosage of the following drug:",BROKEN_WORD_HYPHENATION,HIGH,AUTO_APPROVED,YES,
1865,2018,Pharmacology,question,A 46-year-old patient suffering from ulcer disease of the stomach is diagnosed with rheumatoid arthritis. What antii- nflammatory drug would be the most advi-sable in this case?,advi-sable,A 46-year-old patient suffering from ulcer disease of the stomach is diagnosed with rheumatoid arthritis. What antii- nflammatory drug would be the most advisable in this case?,BROKEN_WORD_HYPHENATION,HIGH,AUTO_APPROVED,YES,
1878,2018,Pharmacology,answer_5,,Co-trimoxazole,cotrimoxazole,BROKEN_WORD_HYPHENATION,HIGH,VALIDATED_NOT_AUTO,NO,
2254,2018,Biology,question,General structure of eukaryotic genes is as follows: exon-intron-exon. Such functi-onal structure of a gene leads to certain specifics of the transcription process. Whatsequence will correspond with precursor mRNA (immature)?,functi-onal,General structure of eukaryotic genes is as follows: exon-intron-exon. Such functional structure of a gene leads to certain specifics of the transcription process. Whatsequence will correspond with precursor mRNA (immature)?,BROKEN_WORD_HYPHENATION,HIGH,AUTO_APPROVED,YES,
2260,2018,Biology,question,"A young woman, a foreign student from Tehran, has made an appointment with the urologist. She complains of the sensation of heaviness in her lower abdomen and a small amount of blood being excreted with urine at the end of each urination. Microscopy of urine detects the presence of parasite eggs, approximately 140х70 mi-cron in size, with a terminal spike. What diagnosis can be",mi-cron,"A young woman, a foreign student from Tehran, has made an appointment with the urologist. She complains of the sensation of heaviness in her lower abdomen and a small amount of blood being excreted with urine at the end of each urination. Microscopy of urine detects the presence of parasite eggs, approximately 140х70 micron in size, with a terminal spike. What diagnosis can be",BROKEN_WORD_HYPHENATION,HIGH,AUTO_APPROVED,YES,
378,2018,Pathophysiology,question,"A woman has come to the hospital wi-th complaints of general weakness, dizziness, and dyspnea. Resently she has been taking levomycetin (chloramphenicol) for prevention of enteric infection. Blood test: erythrocytes - 1. 9 · 10 12/L, hemoglobin - 58 g/L, color index - 0.9, leukocytes - 2.2 G/L, reticulocytes - 0.3%. What type of anemia is it indicative of?",wi-th,"A woman has come to the hospital with complaints of general weakness, dizziness, and dyspnea. Resently she has been taking levomycetin (chloramphenicol) for prevention of enteric infection. Blood test: erythrocytes - 1. 9 · 10 12/L, hemoglobin - 58 g/L, color index - 0.9, leukocytes - 2.2 G/L, reticulocytes - 0.3%. What type of anemia is it indicative of?",BROKEN_WORD_HYPHENATION,HIGH,AUTO_APPROVED,YES,
789,2018,Pathomorphology,question,"Autopsy of the body of a 50-year-old man, who had been suffering from tuberculosis and died of cardiopulmonary decompensation, shows lobar affection of the lungs: the upper lobe of the right lung is enlarged, dense, yellow on section, crumbling, with pleural fibrin deposition. What type of secondary tuberculosis can be characteri-zed by this pathology?",characteri-zed,"Autopsy of the body of a 50-year-old man, who had been suffering from tuberculosis and died of cardiopulmonary decompensation, shows lobar affection of the lungs: the upper lobe of the right lung is enlarged, dense, yellow on section, crumbling, with pleural fibrin deposition. What type of secondary tuberculosis can be characterized by this pathology?",BROKEN_WORD_HYPHENATION,HIGH,AUTO_APPROVED,YES,
1442,2018,Microbiology,question,What diagnostic method should be used in industry to test the raw leather for presence of B. antracis ?,,What diagnostic method should be used in industry to test the raw leather for presence of B. antracis?,SPACE_BEFORE_PUNCTUATION,HIGH,AUTO_APPROVED,YES,
2407,2018,Histology,question,An 18-year-old student presents with enlarged thyroid gland accompanied by accelerated metabolism and increased heart rate. These signs can be observed during hypersecretion of thyroxin.What organelles of thyroid cells are primarily responsible for hormone production and secretion?,,An 18-year-old student presents with enlarged thyroid gland accompanied by accelerated metabolism and increased heart rate. These signs can be observed during hypersecretion of thyroxin. What organelles of thyroid cells are primarily responsible for hormone production and secretion?,MISSING_SPACE_AFTER_PUNCTUATION,VALIDATED,AUTO_APPROVED,YES,Passed conservative missing-space validation
2409,2018,Histology,question,During the first year of life an infant presents with disturbed process of breast milk curdling.What cells of the proper gastric glands are functionally disturbed?,,During the first year of life an infant presents with disturbed process of breast milk curdling. What cells of the proper gastric glands are functionally disturbed?,MISSING_SPACE_AFTER_PUNCTUATION,VALIDATED,AUTO_APPROVED,YES,Passed conservative missing-space validation
2411,2018,Histology,question,Histological specimen shows organ parenchyma to consist of lymphoid tissue that forms lymph nodules;the nodules are located diffusely and have a central artery.What anatomical structure has such morphological characteristics?,,Histological specimen shows organ parenchyma to consist of lymphoid tissue that forms lymph nodules; the nodules are located diffusely and have a central artery. What anatomical structure has such morphological characteristics?,MISSING_SPACE_AFTER_PUNCTUATION,VALIDATED,AUTO_APPROVED,YES,Passed conservative missing-space validation
2412,2018,Histology,question,A microslide of the lung tissue sample taken from a patient with pneumonia shows damage to the cells that carry out respiratory function.What cells of the alveolar wall are damaged?,,A microslide of the lung tissue sample taken from a patient with pneumonia shows damage to the cells that carry out respiratory function. What cells of the alveolar wall are damaged?,MISSING_SPACE_AFTER_PUNCTUATION,VALIDATED,AUTO_APPROVED,YES,Passed conservative missing-space validation
2413,2018,Histology,question,An electron micrograph of a nephron segment shows cuboidal cells with ciliated lining on their apical surfaces; their basal surfaces have basal striation with mi- tochondria located between the cytolemma invaginations.Name the described nephron segment:,,An electron micrograph of a nephron segment shows cuboidal cells with ciliated lining on their apical surfaces; their basal surfaces have basal striation with mi- tochondria located between the cytolemma invaginations. Name the described nephron segment:,MISSING_SPACE_AFTER_PUNCTUATION,VALIDATED,AUTO_APPROVED,YES,Passed conservative missing-space validation
2415,2018,Histology,question,A microslide of the skin sample taken from the finger of a child shows that epi- dermis is insufficiently developed.What germ layer was damaged in the process of embryo development?,,A microslide of the skin sample taken from the finger of a child shows that epi- dermis is insufficiently developed. What germ layer was damaged in the process of embryo development?,MISSING_SPACE_AFTER_PUNCTUATION,VALIDATED,AUTO_APPROVED,YES,Passed conservative missing-space validation
2417,2018,Histology,question,Parenchyma of an organ is composed of pseudounipolar neurons localized under the capsule of connective tissue.Centra lplace belongs to nerve fibers.Name this organ:,,Parenchyma of an organ is composed of pseudounipolar neurons localized under the capsule of connective tissue. Centra lplace belongs to nerve fibers. Name this organ:,MISSING_SPACE_AFTER_PUNCTUATION,VALIDATED,AUTO_APPROVED,YES,Passed conservative missing-space validation
1122,2018,Normal Phisiology,question,"Atria of a test animal were superdistended with blood, which resulted in decreased reabsorption of N a + and water in renal tubules. This can be explained by the effect of the following factor on the kidneys:",,"Atria of a test animal were superdistended with blood, which resulted in decreased reabsorption of Na+ and water in renal tubules. This can be explained by the effect of the following factor on the kidneys:",SCIENTIFIC_NOTATION,VALIDATED,AUTO_APPROVED,YES,Validated scientific-formatting correction: Normalized explicitly recognized OCR-split chemical/ionic notation without changing values
1433,2018,Microbiology,topic,Cellular and humoral factors of nonspecific defense. Phagocytiс activity determination. Lysozyme determination.,Phagocytiс,Cellular and humoral factors of nonspecific defense. Phagocytic activity determination. Lysozyme determination.,CYRILLIC_CONFUSABLE,VALIDATED,AUTO_APPROVED,YES,Validated Cyrillic visual confusable: Phagocytiс -> Phagocytic
1451,2018,Microbiology,answer_4,"Serum IgА, IgM",IgА,"Serum IgA, IgM",CYRILLIC_CONFUSABLE,VALIDATED,AUTO_APPROVED,YES,Validated Cyrillic visual confusable: IgА -> IgA
1451,2018,Microbiology,answer_5,"IgЕ, IgM",IgЕ,"IgE, IgM",CYRILLIC_CONFUSABLE,VALIDATED,AUTO_APPROVED,YES,Validated Cyrillic visual confusable: IgЕ -> IgE
1757,2018,Anatomy,answer_2,Сanaliculus tympanicus,Сanaliculus,Canaliculus tympanicus,CYRILLIC_CONFUSABLE,VALIDATED,AUTO_APPROVED,YES,Validated Cyrillic visual confusable: Сanaliculus -> Canaliculus
1757,2018,Anatomy,answer_3,Сanalis caroticus,Сanalis,Canalis caroticus,CYRILLIC_CONFUSABLE,VALIDATED,AUTO_APPROVED,YES,Validated Cyrillic visual confusable: Сanalis -> Canalis
1757,2018,Anatomy,answer_4,Сanaliculus chordae tympani,Сanaliculus,Canaliculus chordae tympani,CYRILLIC_CONFUSABLE,VALIDATED,AUTO_APPROVED,YES,Validated Cyrillic visual confusable: Сanaliculus -> Canaliculus
1757,2018,Anatomy,answer_5,Сanaliculi caroticо tympanici,Сanaliculi,Canaliculi caroticо tympanici,CYRILLIC_CONFUSABLE,VALIDATED,AUTO_APPROVED,YES,Validated Cyrillic visual confusable: Сanaliculi -> Canaliculi
1854,2018,Pharmacology,question,At the 2-3 day after the gastric resection the patient’s intestinal peristalsis failed to restore. What should the patient be prescri- bed to stimulate the function of his gastrointestinal tract?,prescri- bed,At the 2-3 day after the gastric resection the patient’s intestinal peristalsis failed to restore. What should the patient be prescribed to stimulate the function of his gastrointestinal tract?,BROKEN_WORD_WITH_SPACE,VALIDATED,AUTO_APPROVED,YES,Validated broken-word reconstruction: prescri- bed -> prescribed
1863,2018,Pharmacology,question,Preoperative examination revealed prothrombin deficiency in the blood of the patient. What drug should be preliminarily prescribed to mitigate blood loss in the pati-ent during the surgery?,pati-ent,Preoperative examination revealed prothrombin deficiency in the blood of the patient. What drug should be preliminarily prescribed to mitigate blood loss in the patient during the surgery?,POSSIBLE_BROKEN_WORD,VALIDATED,AUTO_APPROVED,YES,Validated broken-word reconstruction: pati-ent -> patient
1865,2018,Pharmacology,question,A 46-year-old patient suffering from ulcer disease of the stomach is diagnosed with rheumatoid arthritis. What antii- nflammatory drug would be the most advi-sable in this case?,antii- nflammatory,A 46-year-old patient suffering from ulcer disease of the stomach is diagnosed with rheumatoid arthritis. What antiinflammatory drug would be the most advi-sable in this case?,BROKEN_WORD_WITH_SPACE,VALIDATED,AUTO_APPROVED,YES,Validated broken-word reconstruction: antii- nflammatory -> antiinflammatory
2034,2018,Pharmacology,question,"The first-aid center has received a victim of a traffic accident diagnosed with closed displaced fracture of the middle third of the thigh. For repositioning of bone fragments the patient received 10 ml of 2% dithylinum solution intravenously, which resulted in prolonged period of apnoea and muscle relaxation. What enzyme is defi- cient, resulting in such pharmacogenetic",defi- cient,"The first-aid center has received a victim of a traffic accident diagnosed with closed displaced fracture of the middle third of the thigh. For repositioning of bone fragments the patient received 10 ml of 2% dithylinum solution intravenously, which resulted in prolonged period of apnoea and muscle relaxation. What enzyme is deficient, resulting in such pharmacogenetic",BROKEN_WORD_WITH_SPACE,VALIDATED,AUTO_APPROVED,YES,Validated broken-word reconstruction: defi- cient -> deficient
2413,2018,Histology,question,An electron micrograph of a nephron segment shows cuboidal cells with ciliated lining on their apical surfaces; their basal surfaces have basal striation with mi- tochondria located between the cytolemma invaginations.Name the described nephron segment:,mi- tochondria,An electron micrograph of a nephron segment shows cuboidal cells with ciliated lining on their apical surfaces; their basal surfaces have basal striation with mitochondria located between the cytolemma invaginations.Name the described nephron segment:,BROKEN_WORD_WITH_SPACE,VALIDATED,AUTO_APPROVED,YES,Validated broken-word reconstruction: mi- tochondria -> mitochondria
2414,2018,Histology,question,A specimen of a10-day-old human embryo shows two interconnected sacs (amniotic andyolksacs).Name the structure located in the place where these two sacs connect:,,A specimen of a10-day-old human embryo shows two interconnected sacs (amniotic andyolksacs). Name the structure located in the place where these two sacs connect:,MISSING_SPACE_AFTER_PUNCTUATION,HIGH,AUTO_APPROVED,YES,Approved in 2018 SAFE Batch #1
2416,2018,Histology,question,An electron micrograph shows a small vessel with endothelial layer but without basement membrane and pericytes; anchoring fibrilsare present.Name this vessel:,,An electron micrograph shows a small vessel with endothelial layer but without basement membrane and pericytes; anchoring fibrilsare present. Name this vessel:,MISSING_SPACE_AFTER_PUNCTUATION,HIGH,AUTO_APPROVED,YES,Approved in 2018 SAFE Batch #1
2418,2018,Histology,question,An 8-year-old girl presents with signs of disturbed twilightvision.This conditionis caused by the deficiency of vitamin:,,An 8-year-old girl presents with signs of disturbed twilightvision. This conditionis caused by the deficiency of vitamin:,MISSING_SPACE_AFTER_PUNCTUATION,HIGH,AUTO_APPROVED,YES,Approved in 2018 SAFE Batch #1
2785,2018,Biochemistry,answer_4,"Activation of apoА1, apoА2, and apoА4 apolipoprotein synthesis",apoА1,"Activation of apoA1, apoА2, and apoА4 apolipoprotein synthesis",CYRILLIC_CONFUSABLE,HIGH,AUTO_APPROVED,YES,Approved in 2018 SAFE Batch #1
2785,2018,Biochemistry,answer_4,"Activation of apoА1, apoА2, and apoА4 apolipoprotein synthesis",apoА2,"Activation of apoА1, apoA2, and apoА4 apolipoprotein synthesis",CYRILLIC_CONFUSABLE,HIGH,AUTO_APPROVED,YES,Approved in 2018 SAFE Batch #1
2785,2018,Biochemistry,answer_4,"Activation of apoА1, apoА2, and apoА4 apolipoprotein synthesis",apoА4,"Activation of apoА1, apoА2, and apoA4 apolipoprotein synthesis",CYRILLIC_CONFUSABLE,HIGH,AUTO_APPROVED,YES,Approved in 2018 SAFE Batch #1
368,2018,Pathophysiology,answer_4,"Activation of apoА1, apoА2, and apoА4 apolipoprotein synthesis",apoА1,"Activation of apoA1, apoА2, and apoА4 apolipoprotein synthesis",CYRILLIC_CONFUSABLE,HIGH,AUTO_APPROVED,YES,Approved in 2018 SAFE Batch #1
368,2018,Pathophysiology,answer_4,"Activation of apoА1, apoА2, and apoА4 apolipoprotein synthesis",apoА2,"Activation of apoА1, apoA2, and apoА4 apolipoprotein synthesis",CYRILLIC_CONFUSABLE,HIGH,AUTO_APPROVED,YES,Approved in 2018 SAFE Batch #1
368,2018,Pathophysiology,answer_4,"Activation of apoА1, apoА2, and apoА4 apolipoprotein synthesis",apoА4,"Activation of apoА1, apoА2, and apoA4 apolipoprotein synthesis",CYRILLIC_CONFUSABLE,HIGH,AUTO_APPROVED,YES,Approved in 2018 SAFE Batch #1
800,2018,Pathomorphology,question,"Autopsy of a 50-year-old woman, who had been suffering from systemic connective tissue disease, reveals small dense kidneys with lumpy surface. Microscopy of the renal glomeruli detects there foci of fibrinoid necrosis, hyaline thrombi, hematoxylin bodies, and so- called ”wire loop thickening” of the basement membranes. What disease can be characterized by such changes in the kidneys?",so- called,"Autopsy of a 50-year-old woman, who had been suffering from systemic connective tissue disease, reveals small dense kidneys with lumpy surface. Microscopy of the renal glomeruli detects there foci of fibrinoid necrosis, hyaline thrombi, hematoxylin bodies, and so-called ”wire loop thickening” of the basement membranes. What disease can be characterized by such changes in the kidneys?",BROKEN_WORD_WITH_SPACE,HIGH,AUTO_APPROVED,YES,Approved in 2018 SAFE Batch #1
1757,2018,Anatomy,answer_5,Сanaliculi caroticо tympanici,caroticо,Сanaliculi carotico tympanici,CYRILLIC_CONFUSABLE,HIGH,AUTO_APPROVED,YES,Approved in 2018 SAFE Batch #1
2415,2018,Histology,question,A microslide of the skin sample taken from the finger of a child shows that epi- dermis is insufficiently developed.What germ layer was damaged in the process of embryo development?,epi- dermis,A microslide of the skin sample taken from the finger of a child shows that epidermis is insufficiently developed.What germ layer was damaged in the process of embryo development?,BROKEN_WORD_WITH_SPACE,HIGH,AUTO_APPROVED,YES,Approved in 2018 SAFE Batch #1
